2026-08-01 12:48:43,179 - ict_bot - INFO - Initializing ICT Trading Bot...
2026-08-01 12:49:39,601 - ict_bot - INFO - Initializing ICT Trading Bot...
2026-08-01 12:50:14,911 - ict_bot - ERROR - MT5 initialize failed, error code: (-6, 'Terminal: Authorization failed')
2026-08-01 12:50:14,913 - ict_bot - ERROR - Failed to connect to MT5. Exiting.
2026-08-01 12:51:40,154 - ict_bot - INFO - Initializing ICT Trading Bot...
2026-08-01 12:52:09,673 - ict_bot - INFO - Connected to MT5 Server: XMGlobal-MT5 5 (Account: 108130219)
2026-08-01 12:56:47,870 - ict_bot - INFO - Initializing ICT Trading Bot...
2026-08-01 12:56:47,918 - ict_bot - INFO - Connected to MT5 Server: XMGlobal-MT5 5 (Account: 108130219)
2026-08-01 12:56:55,972 - ict_bot - DEBUG - Outside of killzones. Waiting...
2026-08-01 12:57:55,977 - ict_bot - DEBUG - Outside of killzones. Waiting...
2026-08-01 12:58:55,980 - ict_bot - DEBUG - Outside of killzones. Waiting...
2026-08-01 12:59:55,983 - ict_bot - DEBUG - Outside of killzones. Waiting...
2026-08-01 13:00:55,985 - ict_bot - INFO - Currently in london Killzone
2026-08-01 13:00:55,992 - ict_bot - ERROR - Failed to get symbol info for XAUUSD
2026-08-01 13:00:55,993 - ict_bot - ERROR - Failed to get symbol info for BTCUSD
2026-08-01 13:01:55,999 - ict_bot - INFO - Currently in london Killzone
2026-08-01 13:01:56,000 - ict_bot - ERROR - Failed to get symbol info for XAUUSD
2026-08-01 13:01:56,001 - ict_bot - ERROR - Failed to get symbol info for BTCUSD
2026-08-01 13:02:56,004 - ict_bot - INFO - Currently in london Killzone
2026-08-01 13:02:56,005 - ict_bot - ERROR - Failed to get symbol info for XAUUSD
2026-08-01 13:02:56,007 - ict_bot - ERROR - Failed to get symbol info for BTCUSD
2026-08-01 13:03:56,009 - ict_bot - INFO - Currently in london Killzone
2026-08-01 13:03:56,010 - ict_bot - ERROR - Failed to get symbol info for XAUUSD
2026-08-01 13:03:56,012 - ict_bot - ERROR - Failed to get symbol info for BTCUSD
2026-08-01 13:04:56,016 - ict_bot - INFO - Currently in london Killzone
2026-08-01 13:04:56,018 - ict_bot - ERROR - Failed to get symbol info for XAUUSD
2026-08-01 13:04:56,020 - ict_bot - ERROR - Failed to get symbol info for BTCUSD
2026-08-01 13:05:56,023 - ict_bot - INFO - Currently in london Killzone
2026-08-01 13:05:56,024 - ict_bot - ERROR - Failed to get symbol info for XAUUSD
2026-08-01 13:05:56,026 - ict_bot - ERROR - Failed to get symbol info for BTCUSD
2026-08-01 13:06:56,035 - ict_bot - INFO - Currently in london Killzone
2026-08-01 13:06:56,037 - ict_bot - ERROR - Failed to get symbol info for XAUUSD
2026-08-01 13:06:56,039 - ict_bot - ERROR - Failed to get symbol info for BTCUSD
2026-08-01 13:07:56,041 - ict_bot - INFO - Currently in london Killzone
2026-08-01 13:07:56,043 - ict_bot - ERROR - Failed to get symbol info for XAUUSD
2026-08-01 13:07:56,044 - ict_bot - ERROR - Failed to get symbol info for BTCUSD
2026-08-01 13:08:56,046 - ict_bot - INFO - Currently in london Killzone
2026-08-01 13:08:56,048 - ict_bot - ERROR - Failed to get symbol info for XAUUSD
2026-08-01 13:08:56,049 - ict_bot - ERROR - Failed to get symbol info for BTCUSD
2026-08-01 13:09:56,051 - ict_bot - INFO - Currently in london Killzone
2026-08-01 13:09:56,053 - ict_bot - ERROR - Failed to get symbol info for XAUUSD
2026-08-01 13:09:56,054 - ict_bot - ERROR - Failed to get symbol info for BTCUSD
2026-08-01 13:10:56,056 - ict_bot - INFO - Currently in london Killzone
2026-08-01 13:10:56,058 - ict_bot - ERROR - Failed to get symbol info for XAUUSD
2026-08-01 13:10:56,059 - ict_bot - ERROR - Failed to get symbol info for BTCUSD
2026-08-01 13:11:56,063 - ict_bot - INFO - Currently in london Killzone
2026-08-01 13:11:56,065 - ict_bot - ERROR - Failed to get symbol info for XAUUSD
2026-08-01 13:11:56,067 - ict_bot - ERROR - Failed to get symbol info for BTCUSD
2026-08-01 13:12:56,071 - ict_bot - INFO - Currently in london Killzone
2026-08-01 13:12:56,073 - ict_bot - ERROR - Failed to get symbol info for XAUUSD
2026-08-01 13:12:56,074 - ict_bot - ERROR - Failed to get symbol info for BTCUSD
2026-08-01 13:13:56,077 - ict_bot - INFO - Currently in london Killzone
2026-08-01 13:13:56,080 - ict_bot - ERROR - Failed to get symbol info for XAUUSD
2026-08-01 13:13:56,081 - ict_bot - ERROR - Failed to get symbol info for BTCUSD
2026-08-01 13:14:56,084 - ict_bot - INFO - Currently in london Killzone
2026-08-01 13:14:56,085 - ict_bot - ERROR - Failed to get symbol info for XAUUSD
2026-08-01 13:14:56,086 - ict_bot - ERROR - Failed to get symbol info for BTCUSD
2026-08-01 13:15:56,089 - ict_bot - INFO - Currently in london Killzone
2026-08-01 13:15:56,090 - ict_bot - ERROR - Failed to get symbol info for XAUUSD
2026-08-01 13:15:56,092 - ict_bot - ERROR - Failed to get symbol info for BTCUSD
2026-08-01 13:16:56,099 - ict_bot - INFO - Currently in london Killzone
2026-08-01 13:16:56,101 - ict_bot - ERROR - Failed to get symbol info for XAUUSD
2026-08-01 13:16:56,102 - ict_bot - ERROR - Failed to get symbol info for BTCUSD
2026-08-01 13:17:56,108 - ict_bot - INFO - Currently in london Killzone
2026-08-01 13:17:56,112 - ict_bot - ERROR - Failed to get symbol info for XAUUSD
2026-08-01 13:17:56,113 - ict_bot - ERROR - Failed to get symbol info for BTCUSD
2026-08-01 13:18:54,837 - ict_bot - INFO - Bot stopped by user.
2026-08-01 13:18:54,839 - ict_bot - INFO - MT5 connection closed.
2026-08-01 13:24:03,981 - ict_bot - INFO - Initializing ICT Trading Bot...
2026-08-01 13:24:04,033 - ict_bot - INFO - Connected to MT5 Server: XMGlobal-MT5 5 (Account: 108130219)
2026-08-01 13:24:06,470 - ict_bot - INFO - Currently in london Killzone
2026-08-01 13:24:06,473 - ict_bot - WARNING - Spread for GOLD# is too high: 131 > 30
2026-08-01 13:24:06,474 - ict_bot - WARNING - Spread for BTCUSD# is too high: 2250 > 500
2026-08-01 13:25:06,476 - ict_bot - INFO - Currently in london Killzone
2026-08-01 13:25:06,477 - ict_bot - WARNING - Spread for GOLD# is too high: 131 > 30
2026-08-01 13:25:06,479 - ict_bot - WARNING - Spread for BTCUSD# is too high: 2250 > 500
2026-08-01 13:26:06,481 - ict_bot - INFO - Currently in london Killzone
2026-08-01 13:26:06,483 - ict_bot - WARNING - Spread for GOLD# is too high: 131 > 30
2026-08-01 13:26:06,485 - ict_bot - WARNING - Spread for BTCUSD# is too high: 2250 > 500
2026-08-01 13:27:06,488 - ict_bot - INFO - Currently in london Killzone
2026-08-01 13:27:06,489 - ict_bot - WARNING - Spread for GOLD# is too high: 131 > 30
2026-08-01 13:27:06,491 - ict_bot - WARNING - Spread for BTCUSD# is too high: 2250 > 500
2026-08-01 13:28:06,509 - ict_bot - INFO - Currently in london Killzone
2026-08-01 13:28:06,511 - ict_bot - WARNING - Spread for GOLD# is too high: 131 > 30
2026-08-01 13:28:06,512 - ict_bot - WARNING - Spread for BTCUSD# is too high: 2250 > 500
2026-08-01 13:29:06,514 - ict_bot - INFO - Currently in london Killzone
2026-08-01 13:29:06,516 - ict_bot - WARNING - Spread for GOLD# is too high: 131 > 30
2026-08-01 13:29:06,517 - ict_bot - WARNING - Spread for BTCUSD# is too high: 2250 > 500
2026-08-01 13:30:06,519 - ict_bot - INFO - Currently in london Killzone
2026-08-01 13:30:06,520 - ict_bot - WARNING - Spread for GOLD# is too high: 131 > 30
2026-08-01 13:30:06,522 - ict_bot - WARNING - Spread for BTCUSD# is too high: 2250 > 500
2026-08-01 13:31:06,524 - ict_bot - INFO - Currently in london Killzone
2026-08-01 13:31:06,526 - ict_bot - WARNING - Spread for GOLD# is too high: 131 > 30
2026-08-01 13:31:06,528 - ict_bot - WARNING - Spread for BTCUSD# is too high: 2250 > 500
2026-08-01 13:31:47,721 - ict_bot - INFO - Connected to MT5 Server: XMGlobal-MT5 5 (Account: 108130219)
2026-08-01 13:31:48,711 - ict_bot - INFO - MT5 connection closed.
2026-08-01 13:32:06,529 - ict_bot - INFO - Currently in london Killzone
2026-08-01 13:32:06,531 - ict_bot - WARNING - Spread for GOLD# is too high: 131 > 30
2026-08-01 13:32:06,533 - ict_bot - WARNING - Spread for BTCUSD# is too high: 2250 > 500
2026-08-01 13:32:30,498 - ict_bot - INFO - Connected to MT5 Server: XMGlobal-MT5 5 (Account: 108130219)
2026-08-01 13:32:30,817 - ict_bot - INFO - MT5 connection closed.
2026-08-01 13:33:05,346 - ict_bot - INFO - Connected to MT5 Server: XMGlobal-MT5 5 (Account: 108130219)
2026-08-01 13:33:06,535 - ict_bot - INFO - Currently in london Killzone
2026-08-01 13:33:06,537 - ict_bot - WARNING - Spread for GOLD# is too high: 131 > 30
2026-08-01 13:33:06,538 - ict_bot - WARNING - Spread for BTCUSD# is too high: 2250 > 500
2026-08-01 13:33:06,953 - ict_bot - INFO - MT5 connection closed.
2026-08-01 13:33:38,115 - ict_bot - INFO - Connected to MT5 Server: XMGlobal-MT5 5 (Account: 108130219)
2026-08-01 13:33:38,727 - ict_bot - INFO - MT5 connection closed.
2026-08-01 13:34:06,540 - ict_bot - INFO - Currently in london Killzone
2026-08-01 13:34:06,542 - ict_bot - WARNING - Spread for GOLD# is too high: 131 > 30
2026-08-01 13:34:06,543 - ict_bot - WARNING - Spread for BTCUSD# is too high: 2250 > 500
2026-08-01 13:34:44,657 - ict_bot - INFO - Connected to MT5 Server: XMGlobal-MT5 5 (Account: 108130219)
2026-08-01 13:34:45,277 - ict_bot - INFO - MT5 connection closed.
2026-08-01 13:35:06,545 - ict_bot - INFO - Currently in london Killzone
2026-08-01 13:35:06,547 - ict_bot - WARNING - Spread for GOLD# is too high: 131 > 30
2026-08-01 13:35:06,548 - ict_bot - WARNING - Spread for BTCUSD# is too high: 2250 > 500
2026-08-01 13:36:06,550 - ict_bot - INFO - Currently in london Killzone
2026-08-01 13:36:06,552 - ict_bot - WARNING - Spread for GOLD# is too high: 131 > 30
2026-08-01 13:36:06,553 - ict_bot - WARNING - Spread for BTCUSD# is too high: 2250 > 500
2026-08-01 13:37:06,555 - ict_bot - INFO - Currently in london Killzone
2026-08-01 13:37:06,558 - ict_bot - WARNING - Spread for GOLD# is too high: 131 > 30
2026-08-01 13:37:06,559 - ict_bot - WARNING - Spread for BTCUSD# is too high: 2250 > 500
2026-08-01 13:38:06,561 - ict_bot - INFO - Currently in london Killzone
2026-08-01 13:38:06,562 - ict_bot - WARNING - Spread for GOLD# is too high: 131 > 30
2026-08-01 13:38:06,564 - ict_bot - WARNING - Spread for BTCUSD# is too high: 2250 > 500
2026-08-01 13:39:06,566 - ict_bot - INFO - Currently in london Killzone
2026-08-01 13:39:06,568 - ict_bot - WARNING - Spread for GOLD# is too high: 131 > 30
2026-08-01 13:39:06,569 - ict_bot - WARNING - Spread for BTCUSD# is too high: 2250 > 500
2026-08-01 13:40:06,571 - ict_bot - INFO - Currently in london Killzone
2026-08-01 13:40:06,572 - ict_bot - WARNING - Spread for GOLD# is too high: 131 > 30
2026-08-01 13:40:06,573 - ict_bot - WARNING - Spread for BTCUSD# is too high: 2250 > 500
2026-08-01 13:41:06,575 - ict_bot - INFO - Currently in london Killzone
2026-08-01 13:41:06,577 - ict_bot - WARNING - Spread for GOLD# is too high: 131 > 30
2026-08-01 13:41:06,578 - ict_bot - WARNING - Spread for BTCUSD# is too high: 2250 > 500
2026-08-01 13:42:06,581 - ict_bot - INFO - Currently in london Killzone
2026-08-01 13:42:06,583 - ict_bot - WARNING - Spread for GOLD# is too high: 131 > 30
2026-08-01 13:42:06,584 - ict_bot - WARNING - Spread for BTCUSD# is too high: 2250 > 500
2026-08-01 13:43:06,586 - ict_bot - INFO - Currently in london Killzone
2026-08-01 13:43:06,588 - ict_bot - WARNING - Spread for GOLD# is too high: 131 > 30
2026-08-01 13:43:06,589 - ict_bot - WARNING - Spread for BTCUSD# is too high: 2250 > 500
2026-08-01 13:44:06,591 - ict_bot - INFO - Currently in london Killzone
2026-08-01 13:44:06,592 - ict_bot - WARNING - Spread for GOLD# is too high: 131 > 30
2026-08-01 13:44:06,594 - ict_bot - WARNING - Spread for BTCUSD# is too high: 2250 > 500
2026-08-01 13:44:31,938 - ict_bot - INFO - Connected to MT5 Server: XMGlobal-MT5 5 (Account: 108130219)
2026-08-01 13:44:36,622 - ict_bot - INFO - MT5 connection closed.
2026-08-01 13:45:06,597 - ict_bot - INFO - Currently in london Killzone
2026-08-01 13:45:06,599 - ict_bot - WARNING - Spread for GOLD# is too high: 131 > 30
2026-08-01 13:45:06,601 - ict_bot - WARNING - Spread for BTCUSD# is too high: 2250 > 500
2026-08-01 13:46:06,603 - ict_bot - INFO - Currently in london Killzone
2026-08-01 13:46:06,604 - ict_bot - WARNING - Spread for GOLD# is too high: 131 > 30
2026-08-01 13:46:06,605 - ict_bot - WARNING - Spread for BTCUSD# is too high: 2250 > 500
2026-08-01 13:47:06,608 - ict_bot - INFO - Currently in london Killzone
2026-08-01 13:47:06,609 - ict_bot - WARNING - Spread for GOLD# is too high: 131 > 30
2026-08-01 13:47:06,611 - ict_bot - WARNING - Spread for BTCUSD# is too high: 2250 > 500
2026-08-01 13:48:06,613 - ict_bot - INFO - Currently in london Killzone
2026-08-01 13:48:06,615 - ict_bot - WARNING - Spread for GOLD# is too high: 131 > 30
2026-08-01 13:48:06,617 - ict_bot - WARNING - Spread for BTCUSD# is too high: 2250 > 500
2026-08-01 13:49:06,620 - ict_bot - INFO - Currently in london Killzone
2026-08-01 13:49:06,623 - ict_bot - WARNING - Spread for GOLD# is too high: 131 > 30
2026-08-01 13:49:06,624 - ict_bot - WARNING - Spread for BTCUSD# is too high: 2250 > 500
2026-08-01 13:50:06,628 - ict_bot - INFO - Currently in london Killzone
2026-08-01 13:50:06,629 - ict_bot - WARNING - Spread for GOLD# is too high: 131 > 30
2026-08-01 13:50:06,631 - ict_bot - WARNING - Spread for BTCUSD# is too high: 2250 > 500
2026-08-01 13:50:13,929 - ict_bot - INFO - Connected to MT5 Server: XMGlobal-MT5 5 (Account: 108130219)
2026-08-01 13:51:06,634 - ict_bot - INFO - Currently in london Killzone
2026-08-01 13:51:06,636 - ict_bot - WARNING - Spread for GOLD# is too high: 131 > 30
2026-08-01 13:51:06,638 - ict_bot - WARNING - Spread for BTCUSD# is too high: 2250 > 500
2026-08-01 13:51:21,006 - ict_bot - INFO - MT5 connection closed.
2026-08-01 13:52:06,640 - ict_bot - INFO - Currently in london Killzone
2026-08-01 13:52:06,642 - ict_bot - WARNING - Spread for GOLD# is too high: 131 > 30
2026-08-01 13:52:06,643 - ict_bot - WARNING - Spread for BTCUSD# is too high: 2250 > 500
2026-08-01 13:53:06,645 - ict_bot - INFO - Currently in london Killzone
2026-08-01 13:53:06,646 - ict_bot - WARNING - Spread for GOLD# is too high: 131 > 30
2026-08-01 13:53:06,648 - ict_bot - WARNING - Spread for BTCUSD# is too high: 2250 > 500
2026-08-01 13:54:06,650 - ict_bot - INFO - Currently in london Killzone
2026-08-01 13:54:06,652 - ict_bot - WARNING - Spread for GOLD# is too high: 131 > 30
2026-08-01 13:54:06,653 - ict_bot - WARNING - Spread for BTCUSD# is too high: 2250 > 500
2026-08-01 13:55:06,655 - ict_bot - INFO - Currently in london Killzone
2026-08-01 13:55:06,657 - ict_bot - WARNING - Spread for GOLD# is too high: 131 > 30
2026-08-01 13:55:06,660 - ict_bot - WARNING - Spread for BTCUSD# is too high: 2250 > 500
2026-08-01 13:56:06,663 - ict_bot - INFO - Currently in london Killzone
2026-08-01 13:56:06,665 - ict_bot - WARNING - Spread for GOLD# is too high: 131 > 30
2026-08-01 13:56:06,666 - ict_bot - WARNING - Spread for BTCUSD# is too high: 2250 > 500
2026-08-01 13:57:06,671 - ict_bot - INFO - Currently in london Killzone
2026-08-01 13:57:06,674 - ict_bot - WARNING - Spread for GOLD# is too high: 131 > 30
2026-08-01 13:57:06,675 - ict_bot - WARNING - Spread for BTCUSD# is too high: 2250 > 500
2026-08-01 13:58:06,677 - ict_bot - INFO - Currently in london Killzone
2026-08-01 13:58:06,679 - ict_bot - WARNING - Spread for GOLD# is too high: 131 > 30
2026-08-01 13:58:06,682 - ict_bot - WARNING - Spread for BTCUSD# is too high: 2250 > 500
2026-08-01 13:59:06,686 - ict_bot - INFO - Currently in london Killzone
2026-08-01 13:59:06,687 - ict_bot - WARNING - Spread for GOLD# is too high: 131 > 30
2026-08-01 13:59:06,689 - ict_bot - WARNING - Spread for BTCUSD# is too high: 2250 > 500
2026-08-01 13:59:29,919 - ict_bot - INFO - Connected to MT5 Server: XMGlobal-MT5 5 (Account: 108130219)
2026-08-01 14:00:06,691 - ict_bot - INFO - Currently in london Killzone
2026-08-01 14:00:06,692 - ict_bot - WARNING - Spread for GOLD# is too high: 131 > 30
2026-08-01 14:00:06,694 - ict_bot - WARNING - Spread for BTCUSD# is too high: 2250 > 500
2026-08-01 14:00:57,737 - ict_bot - INFO - MT5 connection closed.
2026-08-01 14:01:06,697 - ict_bot - INFO - Currently in london Killzone
2026-08-01 14:01:06,700 - ict_bot - WARNING - Spread for GOLD# is too high: 131 > 30
2026-08-01 14:01:06,701 - ict_bot - WARNING - Spread for BTCUSD# is too high: 2250 > 500
2026-08-01 14:02:06,725 - ict_bot - INFO - Currently in london Killzone
2026-08-01 14:02:06,734 - ict_bot - WARNING - Spread for GOLD# is too high: 131 > 30
2026-08-01 14:02:06,736 - ict_bot - WARNING - Spread for BTCUSD# is too high: 2250 > 500
2026-08-01 14:02:41,020 - ict_bot - INFO - Connected to MT5 Server: XMGlobal-MT5 5 (Account: 108130219)
2026-08-01 14:03:06,748 - ict_bot - INFO - Currently in london Killzone
2026-08-01 14:03:06,754 - ict_bot - WARNING - Spread for GOLD# is too high: 131 > 30
2026-08-01 14:03:06,756 - ict_bot - WARNING - Spread for BTCUSD# is too high: 2250 > 500
2026-08-01 14:04:06,758 - ict_bot - INFO - Currently in london Killzone
2026-08-01 14:04:06,760 - ict_bot - WARNING - Spread for GOLD# is too high: 131 > 30
2026-08-01 14:04:06,761 - ict_bot - WARNING - Spread for BTCUSD# is too high: 2250 > 500
2026-08-01 14:04:42,618 - ict_bot - INFO - MT5 connection closed.
2026-08-01 14:05:06,765 - ict_bot - INFO - Currently in london Killzone
2026-08-01 14:05:06,769 - ict_bot - WARNING - Spread for GOLD# is too high: 131 > 30
2026-08-01 14:05:06,771 - ict_bot - WARNING - Spread for BTCUSD# is too high: 2250 > 500
2026-08-01 14:06:06,774 - ict_bot - INFO - Currently in london Killzone
2026-08-01 14:06:06,776 - ict_bot - WARNING - Spread for GOLD# is too high: 131 > 30
2026-08-01 14:06:06,778 - ict_bot - WARNING - Spread for BTCUSD# is too high: 2250 > 500
2026-08-01 14:07:06,780 - ict_bot - INFO - Currently in london Killzone
2026-08-01 14:07:06,781 - ict_bot - WARNING - Spread for GOLD# is too high: 131 > 30
2026-08-01 14:07:06,784 - ict_bot - WARNING - Spread for BTCUSD# is too high: 2250 > 500
2026-08-01 14:07:44,574 - ict_bot - INFO - Connected to MT5 Server: XMGlobal-MT5 5 (Account: 108130219)
2026-08-01 14:08:06,789 - ict_bot - INFO - Currently in london Killzone
2026-08-01 14:08:06,791 - ict_bot - WARNING - Spread for GOLD# is too high: 131 > 30
2026-08-01 14:08:06,794 - ict_bot - WARNING - Spread for BTCUSD# is too high: 2250 > 500
2026-08-01 14:09:06,798 - ict_bot - INFO - Currently in london Killzone
2026-08-01 14:09:06,800 - ict_bot - WARNING - Spread for GOLD# is too high: 131 > 30
2026-08-01 14:09:06,801 - ict_bot - WARNING - Spread for BTCUSD# is too high: 2250 > 500
2026-08-01 14:09:35,190 - ict_bot - INFO - MT5 connection closed.
2026-08-01 14:10:06,809 - ict_bot - INFO - Currently in london Killzone
2026-08-01 14:10:06,813 - ict_bot - WARNING - Spread for GOLD# is too high: 131 > 30
2026-08-01 14:10:06,815 - ict_bot - WARNING - Spread for BTCUSD# is too high: 2250 > 500
2026-08-01 14:11:06,817 - ict_bot - INFO - Currently in london Killzone
2026-08-01 14:11:06,819 - ict_bot - WARNING - Spread for GOLD# is too high: 131 > 30
2026-08-01 14:11:06,820 - ict_bot - WARNING - Spread for BTCUSD# is too high: 2250 > 500
2026-08-01 14:12:06,823 - ict_bot - INFO - Currently in london Killzone
2026-08-01 14:12:06,825 - ict_bot - WARNING - Spread for GOLD# is too high: 131 > 30
2026-08-01 14:12:06,827 - ict_bot - WARNING - Spread for BTCUSD# is too high: 2250 > 500
2026-08-01 14:13:06,829 - ict_bot - INFO - Currently in london Killzone
2026-08-01 14:13:06,831 - ict_bot - WARNING - Spread for GOLD# is too high: 131 > 30
2026-08-01 14:13:06,832 - ict_bot - WARNING - Spread for BTCUSD# is too high: 2250 > 500
2026-08-01 14:14:06,834 - ict_bot - INFO - Currently in london Killzone
2026-08-01 14:14:06,836 - ict_bot - WARNING - Spread for GOLD# is too high: 131 > 30
2026-08-01 14:14:06,837 - ict_bot - WARNING - Spread for BTCUSD# is too high: 2250 > 500
2026-08-01 14:15:06,840 - ict_bot - INFO - Currently in london Killzone
2026-08-01 14:15:06,842 - ict_bot - WARNING - Spread for GOLD# is too high: 131 > 30
2026-08-01 14:15:06,843 - ict_bot - WARNING - Spread for BTCUSD# is too high: 2250 > 500
2026-08-01 14:15:48,507 - ict_bot - INFO - Connected to MT5 Server: XMGlobal-MT5 5 (Account: 108130219)
2026-08-01 14:15:48,560 - ict_bot - INFO - MT5 connection closed.
2026-08-01 14:15:48,584 - ict_bot - INFO - Connected to MT5 Server: XMGlobal-MT5 5 (Account: 108130219)
2026-08-01 14:15:48,661 - ict_bot - INFO - MT5 connection closed.
2026-08-01 14:15:58,939 - ict_bot - INFO - Connected to MT5 Server: XMGlobal-MT5 5 (Account: 108130219)
2026-08-01 14:16:06,848 - ict_bot - INFO - Currently in london Killzone
2026-08-01 14:16:06,857 - ict_bot - WARNING - Spread for GOLD# is too high: 131 > 30
2026-08-01 14:16:06,860 - ict_bot - WARNING - Spread for BTCUSD# is too high: 2250 > 500
2026-08-01 14:17:06,867 - ict_bot - INFO - Currently in london Killzone
2026-08-01 14:17:06,891 - ict_bot - WARNING - Spread for GOLD# is too high: 131 > 30
2026-08-01 14:17:06,894 - ict_bot - WARNING - Spread for BTCUSD# is too high: 2250 > 500
2026-08-01 14:17:47,568 - ict_bot - INFO - Connected to MT5 Server: XMGlobal-MT5 5 (Account: 108130219)
2026-08-01 14:18:06,897 - ict_bot - INFO - Currently in london Killzone
2026-08-01 14:18:06,899 - ict_bot - WARNING - Spread for GOLD# is too high: 131 > 30
2026-08-01 14:18:06,901 - ict_bot - WARNING - Spread for BTCUSD# is too high: 2250 > 500
2026-08-01 14:19:06,964 - ict_bot - INFO - Currently in london Killzone
2026-08-01 14:19:06,971 - ict_bot - WARNING - Spread for GOLD# is too high: 131 > 30
2026-08-01 14:19:06,972 - ict_bot - WARNING - Spread for BTCUSD# is too high: 2250 > 500
2026-08-01 14:20:06,975 - ict_bot - INFO - Currently in london Killzone
2026-08-01 14:20:06,978 - ict_bot - WARNING - Spread for GOLD# is too high: 131 > 30
2026-08-01 14:20:06,980 - ict_bot - WARNING - Spread for BTCUSD# is too high: 2250 > 500
2026-08-01 14:21:06,983 - ict_bot - INFO - Currently in london Killzone
2026-08-01 14:21:06,984 - ict_bot - WARNING - Spread for GOLD# is too high: 131 > 30
2026-08-01 14:21:06,986 - ict_bot - WARNING - Spread for BTCUSD# is too high: 2250 > 500
2026-08-01 14:22:07,031 - ict_bot - INFO - Currently in london Killzone
2026-08-01 14:22:07,045 - ict_bot - WARNING - Spread for GOLD# is too high: 131 > 30
2026-08-01 14:22:07,046 - ict_bot - WARNING - Spread for BTCUSD# is too high: 2250 > 500
2026-08-01 14:23:07,049 - ict_bot - INFO - Currently in london Killzone
2026-08-01 14:23:07,050 - ict_bot - WARNING - Spread for GOLD# is too high: 131 > 30
2026-08-01 14:23:07,052 - ict_bot - WARNING - Spread for BTCUSD# is too high: 2250 > 500
2026-08-01 14:24:07,055 - ict_bot - INFO - Currently in london Killzone
2026-08-01 14:24:07,056 - ict_bot - WARNING - Spread for GOLD# is too high: 131 > 30
2026-08-01 14:24:07,058 - ict_bot - WARNING - Spread for BTCUSD# is too high: 2250 > 500
2026-08-01 14:24:33,385 - ict_bot - ERROR - MT5 initialize failed, error code: (-6, 'Terminal: Authorization failed')
2026-08-01 14:24:33,408 - ict_bot - ERROR - MT5 initialize failed, error code: (-6, 'Terminal: Authorization failed')
2026-08-01 14:24:33,412 - ict_bot - WARNING - Connection lost. Attempting to reconnect...
2026-08-01 14:24:33,428 - ict_bot - ERROR - MT5 initialize failed, error code: (-6, 'Terminal: Authorization failed')
2026-08-01 14:24:33,429 - ict_bot - ERROR - Failed to get rates for GOLD#, error code: (-10004, 'No IPC connection')
2026-08-01 14:24:33,429 - ict_bot - WARNING - Connection lost. Attempting to reconnect...
2026-08-01 14:24:33,443 - ict_bot - ERROR - MT5 initialize failed, error code: (-6, 'Terminal: Authorization failed')
2026-08-01 14:24:33,443 - ict_bot - ERROR - Failed to get rates for GOLD#, error code: (-10004, 'No IPC connection')
2026-08-01 14:24:33,443 - ict_bot - WARNING - Connection lost. Attempting to reconnect...
2026-08-01 14:24:33,456 - ict_bot - ERROR - MT5 initialize failed, error code: (-6, 'Terminal: Authorization failed')
2026-08-01 14:24:33,456 - ict_bot - ERROR - Failed to get rates for GOLD#, error code: (-10004, 'No IPC connection')
2026-08-01 14:24:33,456 - ict_bot - INFO - MT5 connection closed.
2026-08-01 14:25:07,060 - ict_bot - INFO - Currently in london Killzone
2026-08-01 14:25:07,061 - ict_bot - WARNING - Spread for GOLD# is too high: 131 > 30
2026-08-01 14:25:07,063 - ict_bot - WARNING - Spread for BTCUSD# is too high: 2250 > 500
2026-08-01 14:26:07,067 - ict_bot - INFO - Currently in london Killzone
2026-08-01 14:26:07,068 - ict_bot - WARNING - Spread for GOLD# is too high: 131 > 30
2026-08-01 14:26:07,070 - ict_bot - WARNING - Spread for BTCUSD# is too high: 2250 > 500
2026-08-01 14:33:43,150 - ict_bot - INFO - Currently in london Killzone
2026-08-01 14:33:43,207 - ict_bot - INFO - Connected to MT5 Server: XMGlobal-MT5 5 (Account: 108130219)
2026-08-01 14:33:43,210 - ict_bot - INFO - MT5 connection closed.
2026-08-01 14:33:43,239 - ict_bot - WARNING - Spread for GOLD# is too high: 131 > 30
2026-08-01 14:33:43,241 - ict_bot - WARNING - Spread for BTCUSD# is too high: 2250 > 500
2026-08-01 14:33:43,255 - ict_bot - INFO - MT5 connection closed.
2026-08-01 14:33:43,278 - ict_bot - INFO - Connected to MT5 Server: XMGlobal-MT5 5 (Account: 108130219)
2026-08-01 14:33:43,451 - ict_bot - INFO - MT5 connection closed.
2026-08-01 14:34:43,243 - ict_bot - INFO - Currently in london Killzone
2026-08-01 14:34:43,244 - ict_bot - WARNING - Spread for GOLD# is too high: 131 > 30
2026-08-01 14:34:43,246 - ict_bot - WARNING - Spread for BTCUSD# is too high: 2250 > 500
2026-08-01 14:35:43,249 - ict_bot - INFO - Currently in london Killzone
2026-08-01 14:35:43,251 - ict_bot - WARNING - Spread for GOLD# is too high: 131 > 30
2026-08-01 14:35:43,252 - ict_bot - WARNING - Spread for BTCUSD# is too high: 2250 > 500
2026-08-01 14:36:43,254 - ict_bot - INFO - Currently in london Killzone
2026-08-01 14:36:43,255 - ict_bot - WARNING - Spread for GOLD# is too high: 131 > 30
2026-08-01 14:36:43,257 - ict_bot - WARNING - Spread for BTCUSD# is too high: 2250 > 500
2026-08-01 14:37:43,260 - ict_bot - INFO - Currently in london Killzone
2026-08-01 14:37:43,261 - ict_bot - WARNING - Spread for GOLD# is too high: 131 > 30
2026-08-01 14:37:43,263 - ict_bot - WARNING - Spread for BTCUSD# is too high: 2250 > 500
2026-08-01 14:38:43,265 - ict_bot - INFO - Currently in london Killzone
2026-08-01 14:38:43,266 - ict_bot - WARNING - Spread for GOLD# is too high: 131 > 30
2026-08-01 14:38:43,268 - ict_bot - WARNING - Spread for BTCUSD# is too high: 2250 > 500
2026-08-01 14:39:43,271 - ict_bot - INFO - Currently in london Killzone
2026-08-01 14:39:43,272 - ict_bot - WARNING - Spread for GOLD# is too high: 131 > 30
2026-08-01 14:39:43,277 - ict_bot - WARNING - Spread for BTCUSD# is too high: 2250 > 500
2026-08-01 14:40:43,283 - ict_bot - INFO - Currently in london Killzone
2026-08-01 14:40:43,285 - ict_bot - WARNING - Spread for GOLD# is too high: 131 > 30
2026-08-01 14:40:43,286 - ict_bot - WARNING - Spread for BTCUSD# is too high: 2250 > 500
2026-08-01 14:41:43,289 - ict_bot - INFO - Currently in london Killzone
2026-08-01 14:41:43,291 - ict_bot - WARNING - Spread for GOLD# is too high: 131 > 30
2026-08-01 14:41:43,292 - ict_bot - WARNING - Spread for BTCUSD# is too high: 2250 > 500
2026-08-01 14:42:43,296 - ict_bot - INFO - Currently in london Killzone
2026-08-01 14:42:43,298 - ict_bot - WARNING - Spread for GOLD# is too high: 131 > 30
2026-08-01 14:42:43,299 - ict_bot - WARNING - Spread for BTCUSD# is too high: 2250 > 500
2026-08-01 14:43:43,302 - ict_bot - INFO - Currently in london Killzone
2026-08-01 14:43:43,303 - ict_bot - WARNING - Spread for GOLD# is too high: 131 > 30
2026-08-01 14:43:43,304 - ict_bot - WARNING - Spread for BTCUSD# is too high: 2250 > 500
2026-08-01 14:43:54,863 - ict_bot - INFO - Auto-launching XM MT5 Terminal: C:\Program Files\XM Global MT5\terminal64.exe
2026-08-01 14:43:54,882 - ict_bot - INFO - Connected to MT5 Server: XMGlobal-MT5 5 (Account: 108130219)
2026-08-01 14:44:43,307 - ict_bot - INFO - Currently in london Killzone
2026-08-01 14:44:43,309 - ict_bot - WARNING - Spread for GOLD# is too high: 131 > 30
2026-08-01 14:44:43,311 - ict_bot - WARNING - Spread for BTCUSD# is too high: 2250 > 500
2026-08-01 14:45:43,314 - ict_bot - INFO - Currently in london Killzone
2026-08-01 14:45:43,316 - ict_bot - WARNING - Spread for GOLD# is too high: 131 > 30
2026-08-01 14:45:43,319 - ict_bot - WARNING - Spread for BTCUSD# is too high: 2250 > 500
2026-08-01 14:46:43,326 - ict_bot - INFO - Currently in london Killzone
2026-08-01 14:46:43,329 - ict_bot - WARNING - Spread for GOLD# is too high: 131 > 30
2026-08-01 14:46:43,331 - ict_bot - WARNING - Spread for BTCUSD# is too high: 2250 > 500
2026-08-01 14:47:43,337 - ict_bot - INFO - Currently in london Killzone
2026-08-01 14:47:43,341 - ict_bot - WARNING - Spread for GOLD# is too high: 131 > 30
2026-08-01 14:47:43,343 - ict_bot - WARNING - Spread for BTCUSD# is too high: 2250 > 500
2026-08-01 14:48:43,346 - ict_bot - INFO - Currently in london Killzone
2026-08-01 14:48:43,347 - ict_bot - WARNING - Spread for GOLD# is too high: 131 > 30
2026-08-01 14:48:43,349 - ict_bot - WARNING - Spread for BTCUSD# is too high: 2250 > 500
2026-08-01 14:49:43,350 - ict_bot - INFO - Currently in london Killzone
2026-08-01 14:49:43,353 - ict_bot - WARNING - Spread for GOLD# is too high: 131 > 30
2026-08-01 14:49:43,355 - ict_bot - WARNING - Spread for BTCUSD# is too high: 2250 > 500
2026-08-01 14:50:43,361 - ict_bot - INFO - Currently in london Killzone
2026-08-01 14:50:43,363 - ict_bot - WARNING - Spread for GOLD# is too high: 131 > 30
2026-08-01 14:50:43,364 - ict_bot - WARNING - Spread for BTCUSD# is too high: 2250 > 500
2026-08-01 14:51:43,366 - ict_bot - INFO - Currently in london Killzone
2026-08-01 14:51:43,368 - ict_bot - WARNING - Spread for GOLD# is too high: 131 > 30
2026-08-01 14:51:43,370 - ict_bot - WARNING - Spread for BTCUSD# is too high: 2250 > 500
2026-08-01 14:52:43,372 - ict_bot - INFO - Currently in london Killzone
2026-08-01 14:52:43,374 - ict_bot - WARNING - Spread for GOLD# is too high: 131 > 30
2026-08-01 14:52:43,375 - ict_bot - WARNING - Spread for BTCUSD# is too high: 2250 > 500
2026-08-01 14:53:43,377 - ict_bot - INFO - Currently in london Killzone
2026-08-01 14:53:43,379 - ict_bot - WARNING - Spread for GOLD# is too high: 131 > 30
2026-08-01 14:53:43,380 - ict_bot - WARNING - Spread for BTCUSD# is too high: 2250 > 500
2026-08-01 14:54:43,383 - ict_bot - INFO - Currently in london Killzone
2026-08-01 14:54:43,385 - ict_bot - WARNING - Spread for GOLD# is too high: 131 > 30
2026-08-01 14:54:43,387 - ict_bot - WARNING - Spread for BTCUSD# is too high: 2250 > 500
2026-08-01 14:55:43,394 - ict_bot - INFO - Currently in london Killzone
2026-08-01 14:55:43,397 - ict_bot - WARNING - Spread for GOLD# is too high: 131 > 30
2026-08-01 14:55:43,399 - ict_bot - WARNING - Spread for BTCUSD# is too high: 2250 > 500
2026-08-01 14:55:51,801 - ict_bot - INFO - Auto-launching XM MT5 Terminal: C:\Program Files\XM Global MT5\terminal64.exe
2026-08-01 14:55:51,822 - ict_bot - INFO - Connected to MT5 Server: XMGlobal-MT5 5 (Account: 108130219)
2026-08-01 14:56:43,446 - ict_bot - INFO - Currently in london Killzone
2026-08-01 14:56:43,456 - ict_bot - WARNING - Spread for GOLD# is too high: 131 > 30
2026-08-01 14:56:43,457 - ict_bot - WARNING - Spread for BTCUSD# is too high: 2250 > 500
2026-08-01 14:57:43,460 - ict_bot - INFO - Currently in london Killzone
2026-08-01 14:57:43,462 - ict_bot - WARNING - Spread for GOLD# is too high: 131 > 30
2026-08-01 14:57:43,463 - ict_bot - WARNING - Spread for BTCUSD# is too high: 2250 > 500
2026-08-01 14:58:43,513 - ict_bot - INFO - Currently in london Killzone
2026-08-01 14:58:43,533 - ict_bot - WARNING - Spread for GOLD# is too high: 131 > 30
2026-08-01 14:58:43,535 - ict_bot - WARNING - Spread for BTCUSD# is too high: 2250 > 500
2026-08-01 14:59:43,592 - ict_bot - INFO - Currently in london Killzone
2026-08-01 14:59:43,603 - ict_bot - WARNING - Spread for GOLD# is too high: 131 > 30
2026-08-01 14:59:43,604 - ict_bot - WARNING - Spread for BTCUSD# is too high: 2250 > 500
2026-08-01 15:00:43,609 - ict_bot - INFO - Currently in london Killzone
2026-08-01 15:00:43,611 - ict_bot - WARNING - Spread for GOLD# is too high: 131 > 30
2026-08-01 15:00:43,612 - ict_bot - WARNING - Spread for BTCUSD# is too high: 2250 > 500
2026-08-01 15:01:43,617 - ict_bot - INFO - Currently in london Killzone
2026-08-01 15:01:43,620 - ict_bot - WARNING - Spread for GOLD# is too high: 131 > 30
2026-08-01 15:01:43,621 - ict_bot - WARNING - Spread for BTCUSD# is too high: 2250 > 500
2026-08-01 15:02:43,624 - ict_bot - INFO - Currently in london Killzone
2026-08-01 15:02:43,626 - ict_bot - WARNING - Spread for GOLD# is too high: 131 > 30
2026-08-01 15:02:43,627 - ict_bot - WARNING - Spread for BTCUSD# is too high: 2250 > 500
2026-08-01 15:03:02,934 - ict_bot - INFO - MT5 connection closed.
2026-08-01 15:03:43,635 - ict_bot - INFO - Currently in london Killzone
2026-08-01 15:03:43,637 - ict_bot - WARNING - Spread for GOLD# is too high: 131 > 30
2026-08-01 15:03:43,638 - ict_bot - WARNING - Spread for BTCUSD# is too high: 2250 > 500
2026-08-01 15:04:03,008 - ict_bot - INFO - Auto-launching XM MT5 Terminal: C:\Program Files\XM Global MT5\terminal64.exe
2026-08-01 15:04:03,024 - ict_bot - INFO - Connected to MT5 Server: XMGlobal-MT5 5 (Account: 108130219)
2026-08-01 15:04:23,948 - ict_bot - INFO - Auto-launching XM MT5 Terminal: C:\Program Files\XM Global MT5\terminal64.exe
2026-08-01 15:04:23,952 - ict_bot - INFO - Connected to MT5 Server: XMGlobal-MT5 5 (Account: 108130219)
2026-08-01 15:04:43,645 - ict_bot - INFO - Currently in london Killzone
2026-08-01 15:04:43,650 - ict_bot - WARNING - Spread for GOLD# is too high: 131 > 30
2026-08-01 15:04:43,651 - ict_bot - WARNING - Spread for BTCUSD# is too high: 2250 > 500
2026-08-01 15:05:43,655 - ict_bot - INFO - Currently in london Killzone
2026-08-01 15:05:43,657 - ict_bot - WARNING - Spread for GOLD# is too high: 131 > 30
2026-08-01 15:05:43,658 - ict_bot - WARNING - Spread for BTCUSD# is too high: 2250 > 500
2026-08-01 15:06:43,663 - ict_bot - INFO - Currently in london Killzone
2026-08-01 15:06:43,667 - ict_bot - WARNING - Spread for GOLD# is too high: 131 > 30
2026-08-01 15:06:43,668 - ict_bot - WARNING - Spread for BTCUSD# is too high: 2250 > 500
2026-08-01 15:07:43,671 - ict_bot - INFO - Currently in london Killzone
2026-08-01 15:07:43,673 - ict_bot - WARNING - Spread for GOLD# is too high: 131 > 30
2026-08-01 15:07:43,675 - ict_bot - WARNING - Spread for BTCUSD# is too high: 2250 > 500
2026-08-01 15:08:43,688 - ict_bot - INFO - Currently in london Killzone
2026-08-01 15:08:43,705 - ict_bot - WARNING - Spread for GOLD# is too high: 131 > 30
2026-08-01 15:08:43,712 - ict_bot - WARNING - Spread for BTCUSD# is too high: 2250 > 500
2026-08-01 15:09:43,973 - ict_bot - INFO - Currently in london Killzone
2026-08-01 15:09:43,981 - ict_bot - WARNING - Spread for GOLD# is too high: 131 > 30
2026-08-01 15:09:43,982 - ict_bot - WARNING - Spread for BTCUSD# is too high: 2250 > 500
2026-08-01 15:10:43,985 - ict_bot - INFO - Currently in london Killzone
2026-08-01 15:10:43,987 - ict_bot - WARNING - Spread for GOLD# is too high: 131 > 30
2026-08-01 15:10:43,989 - ict_bot - WARNING - Spread for BTCUSD# is too high: 2250 > 500
2026-08-01 15:11:43,992 - ict_bot - INFO - Currently in london Killzone
2026-08-01 15:11:43,994 - ict_bot - WARNING - Spread for GOLD# is too high: 131 > 30
2026-08-01 15:11:43,995 - ict_bot - WARNING - Spread for BTCUSD# is too high: 2250 > 500
2026-08-01 15:12:44,062 - ict_bot - INFO - Currently in london Killzone
2026-08-01 15:12:44,076 - ict_bot - WARNING - Spread for GOLD# is too high: 131 > 30
2026-08-01 15:12:44,077 - ict_bot - WARNING - Spread for BTCUSD# is too high: 2250 > 500
2026-08-01 15:13:18,404 - ict_bot - INFO - MT5 connection closed.
2026-08-01 15:13:44,178 - ict_bot - INFO - Currently in london Killzone
2026-08-01 15:13:44,192 - ict_bot - WARNING - Spread for GOLD# is too high: 131 > 30
2026-08-01 15:13:44,193 - ict_bot - WARNING - Spread for BTCUSD# is too high: 2250 > 500
2026-08-01 15:14:44,198 - ict_bot - INFO - Currently in london Killzone
2026-08-01 15:14:44,201 - ict_bot - WARNING - Spread for GOLD# is too high: 131 > 30
2026-08-01 15:14:44,203 - ict_bot - WARNING - Spread for BTCUSD# is too high: 2250 > 500
2026-08-01 15:15:44,213 - ict_bot - INFO - Currently in london Killzone
2026-08-01 15:15:44,218 - ict_bot - WARNING - Spread for GOLD# is too high: 131 > 30
2026-08-01 15:15:44,219 - ict_bot - WARNING - Spread for BTCUSD# is too high: 2250 > 500
2026-08-01 15:16:44,222 - ict_bot - INFO - Currently in london Killzone
2026-08-01 15:16:44,224 - ict_bot - WARNING - Spread for GOLD# is too high: 131 > 30
2026-08-01 15:16:44,225 - ict_bot - WARNING - Spread for BTCUSD# is too high: 2250 > 500
2026-08-01 15:17:44,239 - ict_bot - INFO - Currently in london Killzone
2026-08-01 15:17:44,249 - ict_bot - WARNING - Spread for GOLD# is too high: 131 > 30
2026-08-01 15:17:44,251 - ict_bot - WARNING - Spread for BTCUSD# is too high: 2250 > 500
2026-08-01 15:18:44,259 - ict_bot - INFO - Currently in london Killzone
2026-08-01 15:18:44,265 - ict_bot - WARNING - Spread for GOLD# is too high: 131 > 30
2026-08-01 15:18:44,266 - ict_bot - WARNING - Spread for BTCUSD# is too high: 2250 > 500
2026-08-01 15:19:44,272 - ict_bot - INFO - Currently in london Killzone
2026-08-01 15:19:44,275 - ict_bot - WARNING - Spread for GOLD# is too high: 131 > 30
2026-08-01 15:19:44,276 - ict_bot - WARNING - Spread for BTCUSD# is too high: 2250 > 500
2026-08-01 15:20:44,343 - ict_bot - INFO - Currently in london Killzone
2026-08-01 15:20:44,354 - ict_bot - WARNING - Spread for GOLD# is too high: 131 > 30
2026-08-01 15:20:44,356 - ict_bot - WARNING - Spread for BTCUSD# is too high: 2250 > 500
2026-08-01 15:21:44,359 - ict_bot - INFO - Currently in london Killzone
2026-08-01 15:21:44,360 - ict_bot - WARNING - Spread for GOLD# is too high: 131 > 30
2026-08-01 15:21:44,363 - ict_bot - WARNING - Spread for BTCUSD# is too high: 2250 > 500
2026-08-01 15:22:44,374 - ict_bot - INFO - Currently in london Killzone
2026-08-01 15:22:44,383 - ict_bot - WARNING - Spread for GOLD# is too high: 131 > 30
2026-08-01 15:22:44,385 - ict_bot - WARNING - Spread for BTCUSD# is too high: 2250 > 500
2026-08-01 15:23:40,104 - ict_bot - INFO - Auto-launching XM MT5 Terminal: C:\Program Files\XM Global MT5\terminal64.exe
2026-08-01 15:23:40,125 - ict_bot - INFO - Connected to MT5 Server: XMGlobal-MT5 5 (Account: 108130219)
2026-08-01 15:23:44,410 - ict_bot - INFO - Currently in london Killzone
2026-08-01 15:23:44,419 - ict_bot - WARNING - Spread for GOLD# is too high: 131 > 30
2026-08-01 15:23:44,421 - ict_bot - WARNING - Spread for BTCUSD# is too high: 2250 > 500
2026-08-01 15:23:50,412 - ict_bot - INFO - MT5 connection closed.
2026-08-01 15:24:44,430 - ict_bot - INFO - Currently in london Killzone
2026-08-01 15:24:44,433 - ict_bot - WARNING - Spread for GOLD# is too high: 131 > 30
2026-08-01 15:24:44,435 - ict_bot - WARNING - Spread for BTCUSD# is too high: 2250 > 500
2026-08-01 15:25:20,564 - ict_bot - INFO - Auto-launching XM MT5 Terminal: C:\Program Files\XM Global MT5\terminal64.exe
2026-08-01 15:25:20,584 - ict_bot - INFO - Connected to MT5 Server: XMGlobal-MT5 5 (Account: 108130219)
2026-08-01 15:25:44,456 - ict_bot - INFO - Currently in london Killzone
2026-08-01 15:25:44,463 - ict_bot - WARNING - Spread for GOLD# is too high: 131 > 30
2026-08-01 15:25:44,465 - ict_bot - WARNING - Spread for BTCUSD# is too high: 2250 > 500
2026-08-01 15:26:44,473 - ict_bot - INFO - Currently in london Killzone
2026-08-01 15:26:44,478 - ict_bot - WARNING - Spread for GOLD# is too high: 131 > 30
2026-08-01 15:26:44,479 - ict_bot - WARNING - Spread for BTCUSD# is too high: 2250 > 500
2026-08-01 15:27:20,343 - ict_bot - INFO - MT5 connection closed.
2026-08-01 15:27:44,486 - ict_bot - INFO - Currently in london Killzone
2026-08-01 15:27:44,489 - ict_bot - WARNING - Spread for GOLD# is too high: 131 > 30
2026-08-01 15:27:44,491 - ict_bot - WARNING - Spread for BTCUSD# is too high: 2250 > 500
2026-08-01 15:28:44,496 - ict_bot - INFO - Currently in london Killzone
2026-08-01 15:28:44,498 - ict_bot - WARNING - Spread for GOLD# is too high: 131 > 30
2026-08-01 15:28:44,499 - ict_bot - WARNING - Spread for BTCUSD# is too high: 2250 > 500
2026-08-01 15:29:44,574 - ict_bot - INFO - Currently in london Killzone
2026-08-01 15:29:44,587 - ict_bot - WARNING - Spread for GOLD# is too high: 131 > 30
2026-08-01 15:29:44,589 - ict_bot - WARNING - Spread for BTCUSD# is too high: 2250 > 500
2026-08-01 15:30:44,624 - ict_bot - INFO - Currently in london Killzone
2026-08-01 15:30:44,628 - ict_bot - WARNING - Spread for GOLD# is too high: 131 > 30
2026-08-01 15:30:44,630 - ict_bot - WARNING - Spread for BTCUSD# is too high: 2250 > 500
2026-08-01 15:31:44,632 - ict_bot - INFO - Currently in london Killzone
2026-08-01 15:31:44,634 - ict_bot - WARNING - Spread for GOLD# is too high: 131 > 30
2026-08-01 15:31:44,635 - ict_bot - WARNING - Spread for BTCUSD# is too high: 2250 > 500
2026-08-01 15:32:44,643 - ict_bot - INFO - Currently in london Killzone
2026-08-01 15:32:44,649 - ict_bot - WARNING - Spread for GOLD# is too high: 131 > 30
2026-08-01 15:32:44,650 - ict_bot - WARNING - Spread for BTCUSD# is too high: 2250 > 500
2026-08-01 15:33:44,655 - ict_bot - INFO - Currently in london Killzone
2026-08-01 15:33:44,657 - ict_bot - WARNING - Spread for GOLD# is too high: 131 > 30
2026-08-01 15:33:44,658 - ict_bot - WARNING - Spread for BTCUSD# is too high: 2250 > 500
2026-08-01 15:34:44,662 - ict_bot - INFO - Currently in london Killzone
2026-08-01 15:34:44,665 - ict_bot - WARNING - Spread for GOLD# is too high: 131 > 30
2026-08-01 15:34:44,667 - ict_bot - WARNING - Spread for BTCUSD# is too high: 2250 > 500
2026-08-01 15:35:44,669 - ict_bot - INFO - Currently in london Killzone
2026-08-01 15:35:44,670 - ict_bot - WARNING - Spread for GOLD# is too high: 131 > 30
2026-08-01 15:35:44,672 - ict_bot - WARNING - Spread for BTCUSD# is too high: 2250 > 500
2026-08-01 15:36:44,675 - ict_bot - INFO - Currently in london Killzone
2026-08-01 15:36:44,677 - ict_bot - WARNING - Spread for GOLD# is too high: 131 > 30
2026-08-01 15:36:44,679 - ict_bot - WARNING - Spread for BTCUSD# is too high: 2250 > 500
2026-08-01 15:37:44,733 - ict_bot - INFO - Currently in london Killzone
2026-08-01 15:37:44,742 - ict_bot - WARNING - Spread for GOLD# is too high: 131 > 30
2026-08-01 15:37:44,744 - ict_bot - WARNING - Spread for BTCUSD# is too high: 2250 > 500
2026-08-01 15:38:44,803 - ict_bot - INFO - Currently in london Killzone
2026-08-01 15:38:44,814 - ict_bot - WARNING - Spread for GOLD# is too high: 131 > 30
2026-08-01 15:38:44,815 - ict_bot - WARNING - Spread for BTCUSD# is too high: 2250 > 500
2026-08-01 15:39:44,879 - ict_bot - INFO - Currently in london Killzone
2026-08-01 15:39:44,889 - ict_bot - WARNING - Spread for GOLD# is too high: 131 > 30
2026-08-01 15:39:44,891 - ict_bot - WARNING - Spread for BTCUSD# is too high: 2250 > 500
2026-08-01 15:40:44,894 - ict_bot - INFO - Currently in london Killzone
2026-08-01 15:40:44,896 - ict_bot - WARNING - Spread for GOLD# is too high: 131 > 30
2026-08-01 15:40:44,897 - ict_bot - WARNING - Spread for BTCUSD# is too high: 2250 > 500
2026-08-01 15:41:44,909 - ict_bot - INFO - Currently in london Killzone
2026-08-01 15:41:44,913 - ict_bot - WARNING - Spread for GOLD# is too high: 131 > 30
2026-08-01 15:41:44,915 - ict_bot - WARNING - Spread for BTCUSD# is too high: 2250 > 500
2026-08-01 15:42:44,971 - ict_bot - INFO - Currently in london Killzone
2026-08-01 15:42:44,979 - ict_bot - WARNING - Spread for GOLD# is too high: 131 > 30
2026-08-01 15:42:44,981 - ict_bot - WARNING - Spread for BTCUSD# is too high: 2250 > 500
2026-08-01 15:43:44,986 - ict_bot - INFO - Currently in london Killzone
2026-08-01 15:43:44,989 - ict_bot - WARNING - Spread for GOLD# is too high: 131 > 30
2026-08-01 15:43:44,990 - ict_bot - WARNING - Spread for BTCUSD# is too high: 2250 > 500
2026-08-01 15:44:44,993 - ict_bot - INFO - Currently in london Killzone
2026-08-01 15:44:44,994 - ict_bot - WARNING - Spread for GOLD# is too high: 131 > 30
2026-08-01 15:44:44,996 - ict_bot - WARNING - Spread for BTCUSD# is too high: 2250 > 500
2026-08-01 15:45:44,999 - ict_bot - INFO - Currently in london Killzone
2026-08-01 15:45:45,005 - ict_bot - WARNING - Spread for GOLD# is too high: 131 > 30
2026-08-01 15:45:45,007 - ict_bot - WARNING - Spread for BTCUSD# is too high: 2250 > 500
2026-08-01 15:46:45,009 - ict_bot - INFO - Currently in london Killzone
2026-08-01 15:46:45,011 - ict_bot - WARNING - Spread for GOLD# is too high: 131 > 30
2026-08-01 15:46:45,012 - ict_bot - WARNING - Spread for BTCUSD# is too high: 2250 > 500
2026-08-01 15:47:45,020 - ict_bot - INFO - Currently in london Killzone
2026-08-01 15:47:45,026 - ict_bot - WARNING - Spread for GOLD# is too high: 131 > 30
2026-08-01 15:47:45,027 - ict_bot - WARNING - Spread for BTCUSD# is too high: 2250 > 500
2026-08-01 15:48:45,068 - ict_bot - INFO - Currently in london Killzone
2026-08-01 15:48:45,078 - ict_bot - WARNING - Spread for GOLD# is too high: 131 > 30
2026-08-01 15:48:45,080 - ict_bot - WARNING - Spread for BTCUSD# is too high: 2250 > 500
2026-08-01 15:49:45,160 - ict_bot - INFO - Currently in london Killzone
2026-08-01 15:49:45,173 - ict_bot - WARNING - Spread for GOLD# is too high: 131 > 30
2026-08-01 15:49:45,174 - ict_bot - WARNING - Spread for BTCUSD# is too high: 2250 > 500
2026-08-01 15:50:45,179 - ict_bot - INFO - Currently in london Killzone
2026-08-01 15:50:45,182 - ict_bot - WARNING - Spread for GOLD# is too high: 131 > 30
2026-08-01 15:50:45,184 - ict_bot - WARNING - Spread for BTCUSD# is too high: 2250 > 500
2026-08-01 15:51:45,187 - ict_bot - INFO - Currently in london Killzone
2026-08-01 15:51:45,189 - ict_bot - WARNING - Spread for GOLD# is too high: 131 > 30
2026-08-01 15:51:45,190 - ict_bot - WARNING - Spread for BTCUSD# is too high: 2250 > 500
2026-08-01 15:52:45,202 - ict_bot - INFO - Currently in london Killzone
2026-08-01 15:52:45,207 - ict_bot - WARNING - Spread for GOLD# is too high: 131 > 30
2026-08-01 15:52:45,209 - ict_bot - WARNING - Spread for BTCUSD# is too high: 2250 > 500
2026-08-01 15:53:45,301 - ict_bot - INFO - Currently in london Killzone
2026-08-01 15:53:45,316 - ict_bot - WARNING - Spread for GOLD# is too high: 131 > 30
2026-08-01 15:53:45,318 - ict_bot - WARNING - Spread for BTCUSD# is too high: 2250 > 500
2026-08-01 15:54:45,392 - ict_bot - INFO - Currently in london Killzone
2026-08-01 15:54:45,411 - ict_bot - WARNING - Spread for GOLD# is too high: 131 > 30
2026-08-01 15:54:45,414 - ict_bot - WARNING - Spread for BTCUSD# is too high: 2250 > 500
2026-08-01 15:55:45,417 - ict_bot - INFO - Currently in london Killzone
2026-08-01 15:55:45,419 - ict_bot - WARNING - Spread for GOLD# is too high: 131 > 30
2026-08-01 15:55:45,421 - ict_bot - WARNING - Spread for BTCUSD# is too high: 2250 > 500
2026-08-01 15:56:45,489 - ict_bot - INFO - Currently in london Killzone
2026-08-01 15:56:45,500 - ict_bot - WARNING - Spread for GOLD# is too high: 131 > 30
2026-08-01 15:56:45,502 - ict_bot - WARNING - Spread for BTCUSD# is too high: 2250 > 500
2026-08-01 15:57:45,539 - ict_bot - INFO - Currently in london Killzone
2026-08-01 15:57:45,547 - ict_bot - WARNING - Spread for GOLD# is too high: 131 > 30
2026-08-01 15:57:45,548 - ict_bot - WARNING - Spread for BTCUSD# is too high: 2250 > 500
2026-08-01 15:58:45,552 - ict_bot - INFO - Currently in london Killzone
2026-08-01 15:58:45,554 - ict_bot - WARNING - Spread for GOLD# is too high: 131 > 30
2026-08-01 15:58:45,556 - ict_bot - WARNING - Spread for BTCUSD# is too high: 2250 > 500
2026-08-01 16:02:19,257 - ict_bot - INFO - Auto-launching XM MT5 Terminal: C:\Program Files\XM Global MT5\terminal64.exe
2026-08-01 16:02:19,332 - ict_bot - INFO - Connected to MT5 Server: XMGlobal-MT5 5 (Account: 108130219)
2026-08-01 16:02:32,880 - ict_bot - INFO - MT5 connection closed.
2026-08-01 16:02:53,673 - ict_bot - INFO - Auto-launching XM MT5 Terminal: C:\Program Files\XM Global MT5\terminal64.exe
2026-08-01 16:02:53,677 - ict_bot - INFO - Connected to MT5 Server: XMGlobal-MT5 5 (Account: 108130219)
2026-08-01 16:04:49,287 - ict_bot - INFO - MT5 connection closed.
2026-08-01 16:05:23,843 - ict_bot - INFO - Auto-launching XM MT5 Terminal: C:\Program Files\XM Global MT5\terminal64.exe
2026-08-01 16:05:23,852 - ict_bot - INFO - Connected to MT5 Server: XMGlobal-MT5 5 (Account: 108130219)
2026-08-01 16:05:23,899 - ict_bot - INFO - MT5 connection closed.
2026-08-01 16:05:23,913 - ict_bot - INFO - Auto-launching XM MT5 Terminal: C:\Program Files\XM Global MT5\terminal64.exe
2026-08-01 16:05:23,914 - ict_bot - INFO - Connected to MT5 Server: XMGlobal-MT5 5 (Account: 108130219)
2026-08-01 16:05:23,973 - ict_bot - INFO - MT5 connection closed.
2026-08-01 17:26:19,363 - ict_bot - INFO - Initializing Institutional ICT/SMC Trading Bot...
2026-08-01 17:26:19,383 - ict_bot - INFO - Auto-launching XM MT5 Terminal: C:\Program Files\XM Global MT5\terminal64.exe
2026-08-01 17:27:30,877 - ict_bot - ERROR - MT5 initialize failed, error code: (-10005, 'IPC timeout')
2026-08-01 17:27:30,878 - ict_bot - ERROR - Failed to connect to MT5. Exiting.
2026-08-01 17:28:01,367 - ict_bot - INFO - Initializing Institutional ICT/SMC Trading Bot...
2026-08-01 17:28:01,368 - ict_bot - INFO - Auto-launching XM MT5 Terminal: C:\Program Files\XM Global MT5\terminal64.exe
2026-08-01 17:28:01,372 - ict_bot - INFO - Connected to MT5 Server: XMGlobal-MT5 5 (Account: 108130219)
2026-08-01 17:28:03,404 - ict_bot - WARNING - Spread for GOLD# is too high: 131 > 30
2026-08-01 17:28:03,405 - ict_bot - WARNING - Spread for BTCUSD# is too high: 2250 > 500
2026-08-01 17:28:19,195 - ict_bot - INFO - Initializing Institutional ICT/SMC Trading Bot...
2026-08-01 17:28:19,196 - ict_bot - INFO - Auto-launching XM MT5 Terminal: C:\Program Files\XM Global MT5\terminal64.exe
2026-08-01 17:28:19,200 - ict_bot - INFO - Connected to MT5 Server: XMGlobal-MT5 5 (Account: 108130219)
2026-08-01 17:28:20,904 - ict_bot - WARNING - Spread for GOLD# is too high: 131 > 30
2026-08-01 17:28:20,905 - ict_bot - WARNING - Spread for BTCUSD# is too high: 2250 > 500
2026-08-01 17:29:20,909 - ict_bot - WARNING - Spread for GOLD# is too high: 131 > 30
2026-08-01 17:29:20,910 - ict_bot - WARNING - Spread for BTCUSD# is too high: 2250 > 500
2026-08-01 17:30:20,913 - ict_bot - WARNING - Spread for GOLD# is too high: 131 > 30
2026-08-01 17:30:20,914 - ict_bot - WARNING - Spread for BTCUSD# is too high: 2250 > 500
2026-08-01 17:31:20,916 - ict_bot - WARNING - Spread for GOLD# is too high: 131 > 30
2026-08-01 17:31:20,917 - ict_bot - WARNING - Spread for BTCUSD# is too high: 2250 > 500
2026-08-01 17:32:20,920 - ict_bot - WARNING - Spread for GOLD# is too high: 131 > 30
2026-08-01 17:32:20,924 - ict_bot - WARNING - Spread for BTCUSD# is too high: 2250 > 500
2026-08-01 17:33:20,927 - ict_bot - WARNING - Spread for GOLD# is too high: 131 > 30
2026-08-01 17:33:20,928 - ict_bot - WARNING - Spread for BTCUSD# is too high: 2250 > 500
2026-08-01 17:34:20,931 - ict_bot - WARNING - Spread for GOLD# is too high: 131 > 30
2026-08-01 17:34:20,932 - ict_bot - WARNING - Spread for BTCUSD# is too high: 2250 > 500
2026-08-01 17:35:20,935 - ict_bot - WARNING - Spread for GOLD# is too high: 131 > 30
2026-08-01 17:35:20,940 - ict_bot - WARNING - Spread for BTCUSD# is too high: 2250 > 500
2026-08-01 17:36:20,943 - ict_bot - WARNING - Spread for GOLD# is too high: 131 > 30
2026-08-01 17:36:20,944 - ict_bot - WARNING - Spread for BTCUSD# is too high: 2250 > 500
2026-08-01 17:37:20,947 - ict_bot - WARNING - Spread for GOLD# is too high: 131 > 30
2026-08-01 17:37:20,948 - ict_bot - WARNING - Spread for BTCUSD# is too high: 2250 > 500
2026-08-01 17:38:20,954 - ict_bot - WARNING - Spread for GOLD# is too high: 131 > 30
2026-08-01 17:38:20,955 - ict_bot - WARNING - Spread for BTCUSD# is too high: 2250 > 500
2026-08-01 17:39:20,957 - ict_bot - WARNING - Spread for GOLD# is too high: 131 > 30
2026-08-01 17:39:20,958 - ict_bot - WARNING - Spread for BTCUSD# is too high: 2250 > 500
2026-08-01 17:40:20,964 - ict_bot - WARNING - Spread for GOLD# is too high: 131 > 30
2026-08-01 17:40:20,966 - ict_bot - WARNING - Spread for BTCUSD# is too high: 2250 > 500
2026-08-01 17:41:20,969 - ict_bot - WARNING - Spread for GOLD# is too high: 131 > 30
2026-08-01 17:41:20,970 - ict_bot - WARNING - Spread for BTCUSD# is too high: 2250 > 500
2026-08-01 17:42:20,973 - ict_bot - WARNING - Spread for GOLD# is too high: 131 > 30
2026-08-01 17:42:20,979 - ict_bot - WARNING - Spread for BTCUSD# is too high: 2250 > 500
2026-08-01 17:43:20,981 - ict_bot - WARNING - Spread for GOLD# is too high: 131 > 30
2026-08-01 17:43:20,983 - ict_bot - WARNING - Spread for BTCUSD# is too high: 2250 > 500
2026-08-01 17:44:20,985 - ict_bot - WARNING - Spread for GOLD# is too high: 131 > 30
2026-08-01 17:44:20,986 - ict_bot - WARNING - Spread for BTCUSD# is too high: 2250 > 500
2026-08-01 17:45:20,989 - ict_bot - WARNING - Spread for GOLD# is too high: 131 > 30
2026-08-01 17:45:20,990 - ict_bot - WARNING - Spread for BTCUSD# is too high: 2250 > 500
2026-08-01 17:46:20,993 - ict_bot - WARNING - Spread for GOLD# is too high: 131 > 30
2026-08-01 17:46:20,994 - ict_bot - WARNING - Spread for BTCUSD# is too high: 2250 > 500
2026-08-01 17:47:20,996 - ict_bot - WARNING - Spread for GOLD# is too high: 131 > 30
2026-08-01 17:47:20,997 - ict_bot - WARNING - Spread for BTCUSD# is too high: 2250 > 500
2026-08-01 17:48:21,001 - ict_bot - WARNING - Spread for GOLD# is too high: 131 > 30
2026-08-01 17:48:21,003 - ict_bot - WARNING - Spread for BTCUSD# is too high: 2250 > 500
2026-08-01 17:49:21,006 - ict_bot - WARNING - Spread for GOLD# is too high: 131 > 30
2026-08-01 17:49:21,013 - ict_bot - WARNING - Spread for BTCUSD# is too high: 2250 > 500
2026-08-01 17:50:21,022 - ict_bot - WARNING - Spread for GOLD# is too high: 131 > 30
2026-08-01 17:50:21,023 - ict_bot - WARNING - Spread for BTCUSD# is too high: 2250 > 500
2026-08-01 17:51:21,026 - ict_bot - WARNING - Spread for GOLD# is too high: 131 > 30
2026-08-01 17:51:21,027 - ict_bot - WARNING - Spread for BTCUSD# is too high: 2250 > 500
2026-08-01 17:52:21,029 - ict_bot - WARNING - Spread for GOLD# is too high: 131 > 30
2026-08-01 17:52:21,031 - ict_bot - WARNING - Spread for BTCUSD# is too high: 2250 > 500
2026-08-01 17:53:21,040 - ict_bot - WARNING - Spread for GOLD# is too high: 131 > 30
2026-08-01 17:53:21,069 - ict_bot - WARNING - Spread for BTCUSD# is too high: 2250 > 500
2026-08-01 17:54:21,072 - ict_bot - WARNING - Spread for GOLD# is too high: 131 > 30
2026-08-01 17:54:21,073 - ict_bot - WARNING - Spread for BTCUSD# is too high: 2250 > 500
2026-08-01 17:55:21,076 - ict_bot - WARNING - Spread for GOLD# is too high: 131 > 30
2026-08-01 17:55:21,077 - ict_bot - WARNING - Spread for BTCUSD# is too high: 2250 > 500
2026-08-01 17:56:21,079 - ict_bot - WARNING - Spread for GOLD# is too high: 131 > 30
2026-08-01 17:56:21,081 - ict_bot - WARNING - Spread for BTCUSD# is too high: 2250 > 500
2026-08-01 17:57:21,083 - ict_bot - WARNING - Spread for GOLD# is too high: 131 > 30
2026-08-01 17:57:21,084 - ict_bot - WARNING - Spread for BTCUSD# is too high: 2250 > 500
2026-08-01 17:58:21,087 - ict_bot - WARNING - Spread for GOLD# is too high: 131 > 30
2026-08-01 17:58:21,088 - ict_bot - WARNING - Spread for BTCUSD# is too high: 2250 > 500
2026-08-01 17:59:21,091 - ict_bot - WARNING - Spread for GOLD# is too high: 131 > 30
2026-08-01 17:59:21,092 - ict_bot - WARNING - Spread for BTCUSD# is too high: 2250 > 500
2026-08-01 18:00:21,095 - ict_bot - WARNING - Spread for GOLD# is too high: 131 > 30
2026-08-01 18:00:21,096 - ict_bot - WARNING - Spread for BTCUSD# is too high: 2250 > 500
2026-08-01 18:01:21,099 - ict_bot - WARNING - Spread for GOLD# is too high: 131 > 30
2026-08-01 18:01:21,100 - ict_bot - WARNING - Spread for BTCUSD# is too high: 2250 > 500
2026-08-01 18:02:21,102 - ict_bot - WARNING - Spread for GOLD# is too high: 131 > 30
2026-08-01 18:02:21,104 - ict_bot - WARNING - Spread for BTCUSD# is too high: 2250 > 500
2026-08-01 18:03:21,106 - ict_bot - WARNING - Spread for GOLD# is too high: 131 > 30
2026-08-01 18:03:21,107 - ict_bot - WARNING - Spread for BTCUSD# is too high: 2250 > 500
2026-08-01 18:04:21,110 - ict_bot - WARNING - Spread for GOLD# is too high: 131 > 30
2026-08-01 18:04:21,111 - ict_bot - WARNING - Spread for BTCUSD# is too high: 2250 > 500
2026-08-01 18:05:21,114 - ict_bot - WARNING - Spread for GOLD# is too high: 131 > 30
2026-08-01 18:05:21,115 - ict_bot - WARNING - Spread for BTCUSD# is too high: 2250 > 500
2026-08-01 18:06:21,121 - ict_bot - WARNING - Spread for GOLD# is too high: 131 > 30
2026-08-01 18:06:21,122 - ict_bot - WARNING - Spread for BTCUSD# is too high: 2250 > 500
2026-08-01 18:07:21,125 - ict_bot - WARNING - Spread for GOLD# is too high: 131 > 30
2026-08-01 18:07:21,127 - ict_bot - WARNING - Spread for BTCUSD# is too high: 2250 > 500
2026-08-01 18:08:21,129 - ict_bot - WARNING - Spread for GOLD# is too high: 131 > 30
2026-08-01 18:08:21,131 - ict_bot - WARNING - Spread for BTCUSD# is too high: 2250 > 500
2026-08-01 18:09:21,133 - ict_bot - WARNING - Spread for GOLD# is too high: 131 > 30
2026-08-01 18:09:21,135 - ict_bot - WARNING - Spread for BTCUSD# is too high: 2250 > 500
2026-08-01 18:10:21,137 - ict_bot - WARNING - Spread for GOLD# is too high: 131 > 30
2026-08-01 18:10:21,138 - ict_bot - WARNING - Spread for BTCUSD# is too high: 2250 > 500
2026-08-01 18:11:21,140 - ict_bot - WARNING - Spread for GOLD# is too high: 131 > 30
2026-08-01 18:11:21,142 - ict_bot - WARNING - Spread for BTCUSD# is too high: 2250 > 500
2026-08-01 18:12:21,144 - ict_bot - WARNING - Spread for GOLD# is too high: 131 > 30
2026-08-01 18:12:21,146 - ict_bot - WARNING - Spread for BTCUSD# is too high: 2250 > 500
2026-08-01 18:13:21,148 - ict_bot - WARNING - Spread for GOLD# is too high: 131 > 30
2026-08-01 18:13:21,149 - ict_bot - WARNING - Spread for BTCUSD# is too high: 2250 > 500
2026-08-01 18:14:21,152 - ict_bot - WARNING - Spread for GOLD# is too high: 131 > 30
2026-08-01 18:14:21,154 - ict_bot - WARNING - Spread for BTCUSD# is too high: 2250 > 500
2026-08-01 18:15:21,156 - ict_bot - WARNING - Spread for GOLD# is too high: 131 > 30
2026-08-01 18:15:21,158 - ict_bot - WARNING - Spread for BTCUSD# is too high: 2250 > 500
2026-08-01 18:16:21,161 - ict_bot - WARNING - Spread for GOLD# is too high: 131 > 30
2026-08-01 18:16:21,162 - ict_bot - WARNING - Spread for BTCUSD# is too high: 2250 > 500
2026-08-01 18:17:21,165 - ict_bot - WARNING - Spread for GOLD# is too high: 131 > 30
2026-08-01 18:17:21,166 - ict_bot - WARNING - Spread for BTCUSD# is too high: 2250 > 500
2026-08-01 18:18:21,168 - ict_bot - WARNING - Spread for GOLD# is too high: 131 > 30
2026-08-01 18:18:21,169 - ict_bot - WARNING - Spread for BTCUSD# is too high: 2250 > 500
2026-08-01 18:19:21,172 - ict_bot - WARNING - Spread for GOLD# is too high: 131 > 30
2026-08-01 18:19:21,173 - ict_bot - WARNING - Spread for BTCUSD# is too high: 2250 > 500
2026-08-01 18:20:21,175 - ict_bot - WARNING - Spread for GOLD# is too high: 131 > 30
2026-08-01 18:20:21,176 - ict_bot - WARNING - Spread for BTCUSD# is too high: 2250 > 500
2026-08-01 18:21:21,179 - ict_bot - WARNING - Spread for GOLD# is too high: 131 > 30
2026-08-01 18:21:21,181 - ict_bot - WARNING - Spread for BTCUSD# is too high: 2250 > 500
2026-08-01 18:22:21,184 - ict_bot - WARNING - Spread for GOLD# is too high: 131 > 30
2026-08-01 18:22:21,185 - ict_bot - WARNING - Spread for BTCUSD# is too high: 2250 > 500
2026-08-01 18:23:21,187 - ict_bot - WARNING - Spread for GOLD# is too high: 131 > 30
2026-08-01 18:23:21,189 - ict_bot - WARNING - Spread for BTCUSD# is too high: 2250 > 500
2026-08-01 18:24:21,192 - ict_bot - WARNING - Spread for GOLD# is too high: 131 > 30
2026-08-01 18:24:21,193 - ict_bot - WARNING - Spread for BTCUSD# is too high: 2250 > 500
2026-08-01 18:25:21,196 - ict_bot - WARNING - Spread for GOLD# is too high: 131 > 30
2026-08-01 18:25:21,197 - ict_bot - WARNING - Spread for BTCUSD# is too high: 2250 > 500
2026-08-01 18:26:21,199 - ict_bot - WARNING - Spread for GOLD# is too high: 131 > 30
2026-08-01 18:26:21,201 - ict_bot - WARNING - Spread for BTCUSD# is too high: 2250 > 500
2026-08-01 18:27:21,204 - ict_bot - WARNING - Spread for GOLD# is too high: 131 > 30
2026-08-01 18:27:21,205 - ict_bot - WARNING - Spread for BTCUSD# is too high: 2250 > 500
2026-08-01 18:28:21,208 - ict_bot - WARNING - Spread for GOLD# is too high: 131 > 30
2026-08-01 18:28:21,209 - ict_bot - WARNING - Spread for BTCUSD# is too high: 2250 > 500
2026-08-01 18:29:21,212 - ict_bot - WARNING - Spread for GOLD# is too high: 131 > 30
2026-08-01 18:29:21,213 - ict_bot - WARNING - Spread for BTCUSD# is too high: 2250 > 500
2026-08-01 18:30:21,215 - ict_bot - WARNING - Spread for GOLD# is too high: 131 > 30
2026-08-01 18:30:21,217 - ict_bot - WARNING - Spread for BTCUSD# is too high: 2250 > 500
2026-08-01 18:31:21,219 - ict_bot - WARNING - Spread for GOLD# is too high: 131 > 30
2026-08-01 18:31:21,221 - ict_bot - WARNING - Spread for BTCUSD# is too high: 2250 > 500
2026-08-01 18:32:21,223 - ict_bot - WARNING - Spread for GOLD# is too high: 131 > 30
2026-08-01 18:32:21,224 - ict_bot - WARNING - Spread for BTCUSD# is too high: 2250 > 500
2026-08-01 18:33:21,227 - ict_bot - WARNING - Spread for GOLD# is too high: 131 > 30
2026-08-01 18:33:21,228 - ict_bot - WARNING - Spread for BTCUSD# is too high: 2250 > 500
2026-08-01 18:34:21,231 - ict_bot - WARNING - Spread for GOLD# is too high: 131 > 30
2026-08-01 18:34:21,232 - ict_bot - WARNING - Spread for BTCUSD# is too high: 2250 > 500
2026-08-01 18:35:21,235 - ict_bot - WARNING - Spread for GOLD# is too high: 131 > 30
2026-08-01 18:35:21,236 - ict_bot - WARNING - Spread for BTCUSD# is too high: 2250 > 500
2026-08-01 18:36:21,238 - ict_bot - WARNING - Spread for GOLD# is too high: 131 > 30
2026-08-01 18:36:21,239 - ict_bot - WARNING - Spread for BTCUSD# is too high: 2250 > 500
2026-08-01 18:37:21,242 - ict_bot - WARNING - Spread for GOLD# is too high: 131 > 30
2026-08-01 18:37:21,243 - ict_bot - WARNING - Spread for BTCUSD# is too high: 2250 > 500
2026-08-01 18:38:21,245 - ict_bot - WARNING - Spread for GOLD# is too high: 131 > 30
2026-08-01 18:38:21,247 - ict_bot - WARNING - Spread for BTCUSD# is too high: 2250 > 500
2026-08-01 18:39:21,251 - ict_bot - WARNING - Spread for GOLD# is too high: 131 > 30
2026-08-01 18:39:21,252 - ict_bot - WARNING - Spread for BTCUSD# is too high: 2250 > 500
2026-08-01 18:40:21,254 - ict_bot - WARNING - Spread for GOLD# is too high: 131 > 30
2026-08-01 18:40:21,255 - ict_bot - WARNING - Spread for BTCUSD# is too high: 2250 > 500
2026-08-01 18:41:21,258 - ict_bot - WARNING - Spread for GOLD# is too high: 131 > 30
2026-08-01 18:41:21,260 - ict_bot - WARNING - Spread for BTCUSD# is too high: 2250 > 500
2026-08-01 18:42:21,263 - ict_bot - WARNING - Spread for GOLD# is too high: 131 > 30
2026-08-01 18:42:21,264 - ict_bot - WARNING - Spread for BTCUSD# is too high: 2250 > 500
2026-08-01 18:43:21,267 - ict_bot - WARNING - Spread for GOLD# is too high: 131 > 30
2026-08-01 18:43:21,268 - ict_bot - WARNING - Spread for BTCUSD# is too high: 2250 > 500
2026-08-01 18:44:21,270 - ict_bot - WARNING - Spread for GOLD# is too high: 131 > 30
2026-08-01 18:44:21,272 - ict_bot - WARNING - Spread for BTCUSD# is too high: 2250 > 500
2026-08-01 18:45:21,275 - ict_bot - WARNING - Spread for GOLD# is too high: 131 > 30
2026-08-01 18:45:21,276 - ict_bot - WARNING - Spread for BTCUSD# is too high: 2250 > 500
2026-08-01 18:46:21,279 - ict_bot - WARNING - Spread for GOLD# is too high: 131 > 30
2026-08-01 18:46:21,281 - ict_bot - WARNING - Spread for BTCUSD# is too high: 2250 > 500
2026-08-01 18:47:21,283 - ict_bot - WARNING - Spread for GOLD# is too high: 131 > 30
2026-08-01 18:47:21,284 - ict_bot - WARNING - Spread for BTCUSD# is too high: 2250 > 500
2026-08-01 18:48:21,287 - ict_bot - WARNING - Spread for GOLD# is too high: 131 > 30
2026-08-01 18:48:21,288 - ict_bot - WARNING - Spread for BTCUSD# is too high: 2250 > 500
2026-08-01 18:49:21,291 - ict_bot - WARNING - Spread for GOLD# is too high: 131 > 30
2026-08-01 18:49:21,292 - ict_bot - WARNING - Spread for BTCUSD# is too high: 2250 > 500
2026-08-01 18:50:21,295 - ict_bot - WARNING - Spread for GOLD# is too high: 131 > 30
2026-08-01 18:50:21,297 - ict_bot - WARNING - Spread for BTCUSD# is too high: 2250 > 500
2026-08-01 18:51:21,299 - ict_bot - WARNING - Spread for GOLD# is too high: 131 > 30
2026-08-01 18:51:21,301 - ict_bot - WARNING - Spread for BTCUSD# is too high: 2250 > 500
2026-08-01 18:52:21,303 - ict_bot - WARNING - Spread for GOLD# is too high: 131 > 30
2026-08-01 18:52:21,305 - ict_bot - WARNING - Spread for BTCUSD# is too high: 2250 > 500
2026-08-01 18:53:21,307 - ict_bot - WARNING - Spread for GOLD# is too high: 131 > 30
2026-08-01 18:53:21,309 - ict_bot - WARNING - Spread for BTCUSD# is too high: 2250 > 500
2026-08-01 18:54:21,311 - ict_bot - WARNING - Spread for GOLD# is too high: 131 > 30
2026-08-01 18:54:21,313 - ict_bot - WARNING - Spread for BTCUSD# is too high: 2250 > 500
2026-08-01 18:55:21,315 - ict_bot - WARNING - Spread for GOLD# is too high: 131 > 30
2026-08-01 18:55:21,316 - ict_bot - WARNING - Spread for BTCUSD# is too high: 2250 > 500
2026-08-01 18:56:21,319 - ict_bot - WARNING - Spread for GOLD# is too high: 131 > 30
2026-08-01 18:56:21,320 - ict_bot - WARNING - Spread for BTCUSD# is too high: 2250 > 500
2026-08-01 18:57:21,322 - ict_bot - WARNING - Spread for GOLD# is too high: 131 > 30
2026-08-01 18:57:21,324 - ict_bot - WARNING - Spread for BTCUSD# is too high: 2250 > 500
2026-08-01 18:58:21,327 - ict_bot - WARNING - Spread for GOLD# is too high: 131 > 30
2026-08-01 18:58:21,328 - ict_bot - WARNING - Spread for BTCUSD# is too high: 2250 > 500
2026-08-01 18:59:21,331 - ict_bot - WARNING - Spread for GOLD# is too high: 131 > 30
2026-08-01 18:59:21,332 - ict_bot - WARNING - Spread for BTCUSD# is too high: 2250 > 500
2026-08-01 19:00:21,335 - ict_bot - WARNING - Spread for GOLD# is too high: 131 > 30
2026-08-01 19:00:21,336 - ict_bot - WARNING - Spread for BTCUSD# is too high: 2250 > 500
2026-08-01 19:01:21,338 - ict_bot - WARNING - Spread for GOLD# is too high: 131 > 30
2026-08-01 19:01:21,340 - ict_bot - WARNING - Spread for BTCUSD# is too high: 2250 > 500
2026-08-01 19:02:21,343 - ict_bot - WARNING - Spread for GOLD# is too high: 131 > 30
2026-08-01 19:02:21,344 - ict_bot - WARNING - Spread for BTCUSD# is too high: 2250 > 500
2026-08-01 19:03:21,347 - ict_bot - WARNING - Spread for GOLD# is too high: 131 > 30
2026-08-01 19:03:21,349 - ict_bot - WARNING - Spread for BTCUSD# is too high: 2250 > 500
2026-08-01 19:04:21,351 - ict_bot - WARNING - Spread for GOLD# is too high: 131 > 30
2026-08-01 19:04:21,352 - ict_bot - WARNING - Spread for BTCUSD# is too high: 2250 > 500
2026-08-01 19:05:21,355 - ict_bot - WARNING - Spread for GOLD# is too high: 131 > 30
2026-08-01 19:05:21,356 - ict_bot - WARNING - Spread for BTCUSD# is too high: 2250 > 500
2026-08-01 19:06:21,359 - ict_bot - WARNING - Spread for GOLD# is too high: 131 > 30
2026-08-01 19:06:21,361 - ict_bot - WARNING - Spread for BTCUSD# is too high: 2250 > 500
2026-08-01 19:07:21,363 - ict_bot - WARNING - Spread for GOLD# is too high: 131 > 30
2026-08-01 19:07:21,364 - ict_bot - WARNING - Spread for BTCUSD# is too high: 2250 > 500
2026-08-01 19:08:21,367 - ict_bot - WARNING - Spread for GOLD# is too high: 131 > 30
2026-08-01 19:08:21,368 - ict_bot - WARNING - Spread for BTCUSD# is too high: 2250 > 500
2026-08-01 19:09:21,371 - ict_bot - WARNING - Spread for GOLD# is too high: 131 > 30
2026-08-01 19:09:21,372 - ict_bot - WARNING - Spread for BTCUSD# is too high: 2250 > 500
2026-08-01 19:10:21,374 - ict_bot - WARNING - Spread for GOLD# is too high: 131 > 30
2026-08-01 19:10:21,376 - ict_bot - WARNING - Spread for BTCUSD# is too high: 2250 > 500
2026-08-01 19:11:21,378 - ict_bot - WARNING - Spread for GOLD# is too high: 131 > 30
2026-08-01 19:11:21,380 - ict_bot - WARNING - Spread for BTCUSD# is too high: 2250 > 500
2026-08-01 19:12:21,382 - ict_bot - WARNING - Spread for GOLD# is too high: 131 > 30
2026-08-01 19:12:21,383 - ict_bot - WARNING - Spread for BTCUSD# is too high: 2250 > 500
2026-08-01 19:13:21,386 - ict_bot - WARNING - Spread for GOLD# is too high: 131 > 30
2026-08-01 19:13:21,387 - ict_bot - WARNING - Spread for BTCUSD# is too high: 2250 > 500
2026-08-01 19:14:21,389 - ict_bot - WARNING - Spread for GOLD# is too high: 131 > 30
2026-08-01 19:14:21,390 - ict_bot - WARNING - Spread for BTCUSD# is too high: 2250 > 500
2026-08-01 19:15:21,393 - ict_bot - WARNING - Spread for GOLD# is too high: 131 > 30
2026-08-01 19:15:21,394 - ict_bot - WARNING - Spread for BTCUSD# is too high: 2250 > 500
2026-08-01 19:16:21,397 - ict_bot - WARNING - Spread for GOLD# is too high: 131 > 30
2026-08-01 19:16:21,398 - ict_bot - WARNING - Spread for BTCUSD# is too high: 2250 > 500
2026-08-01 19:17:21,401 - ict_bot - WARNING - Spread for GOLD# is too high: 131 > 30
2026-08-01 19:17:21,402 - ict_bot - WARNING - Spread for BTCUSD# is too high: 2250 > 500
2026-08-01 19:18:21,405 - ict_bot - WARNING - Spread for GOLD# is too high: 131 > 30
2026-08-01 19:18:21,406 - ict_bot - WARNING - Spread for BTCUSD# is too high: 2250 > 500
2026-08-01 19:19:21,409 - ict_bot - WARNING - Spread for GOLD# is too high: 131 > 30
2026-08-01 19:19:21,410 - ict_bot - WARNING - Spread for BTCUSD# is too high: 2250 > 500
2026-08-01 19:20:21,413 - ict_bot - WARNING - Spread for GOLD# is too high: 131 > 30
2026-08-01 19:20:21,414 - ict_bot - WARNING - Spread for BTCUSD# is too high: 2250 > 500
2026-08-01 19:21:21,417 - ict_bot - WARNING - Spread for GOLD# is too high: 131 > 30
2026-08-01 19:21:21,418 - ict_bot - WARNING - Spread for BTCUSD# is too high: 2250 > 500
2026-08-01 19:22:21,420 - ict_bot - WARNING - Spread for GOLD# is too high: 131 > 30
2026-08-01 19:22:21,421 - ict_bot - WARNING - Spread for BTCUSD# is too high: 2250 > 500
2026-08-01 19:23:21,424 - ict_bot - WARNING - Spread for GOLD# is too high: 131 > 30
2026-08-01 19:23:21,426 - ict_bot - WARNING - Spread for BTCUSD# is too high: 2250 > 500
2026-08-01 19:24:21,428 - ict_bot - WARNING - Spread for GOLD# is too high: 131 > 30
2026-08-01 19:24:21,430 - ict_bot - WARNING - Spread for BTCUSD# is too high: 2250 > 500
2026-08-01 19:25:21,432 - ict_bot - WARNING - Spread for GOLD# is too high: 131 > 30
2026-08-01 19:25:21,433 - ict_bot - WARNING - Spread for BTCUSD# is too high: 2250 > 500
2026-08-01 19:26:21,436 - ict_bot - WARNING - Spread for GOLD# is too high: 131 > 30
2026-08-01 19:26:21,437 - ict_bot - WARNING - Spread for BTCUSD# is too high: 2250 > 500
2026-08-01 19:27:21,439 - ict_bot - WARNING - Spread for GOLD# is too high: 131 > 30
2026-08-01 19:27:21,441 - ict_bot - WARNING - Spread for BTCUSD# is too high: 2250 > 500
2026-08-01 19:28:21,444 - ict_bot - WARNING - Spread for GOLD# is too high: 131 > 30
2026-08-01 19:28:21,445 - ict_bot - WARNING - Spread for BTCUSD# is too high: 2250 > 500
2026-08-01 19:29:21,448 - ict_bot - WARNING - Spread for GOLD# is too high: 131 > 30
2026-08-01 19:29:21,449 - ict_bot - WARNING - Spread for BTCUSD# is too high: 2250 > 500
2026-08-01 19:30:21,451 - ict_bot - WARNING - Spread for GOLD# is too high: 131 > 30
2026-08-01 19:30:21,453 - ict_bot - WARNING - Spread for BTCUSD# is too high: 2250 > 500
2026-08-01 19:31:21,456 - ict_bot - WARNING - Spread for GOLD# is too high: 131 > 30
2026-08-01 19:31:21,457 - ict_bot - WARNING - Spread for BTCUSD# is too high: 2250 > 500
2026-08-01 19:32:21,460 - ict_bot - WARNING - Spread for GOLD# is too high: 131 > 30
2026-08-01 19:32:21,462 - ict_bot - WARNING - Spread for BTCUSD# is too high: 2250 > 500
2026-08-01 19:33:21,464 - ict_bot - WARNING - Spread for GOLD# is too high: 131 > 30
2026-08-01 19:33:21,465 - ict_bot - WARNING - Spread for BTCUSD# is too high: 2250 > 500
2026-08-01 19:34:21,468 - ict_bot - WARNING - Spread for GOLD# is too high: 131 > 30
2026-08-01 19:34:21,469 - ict_bot - WARNING - Spread for BTCUSD# is too high: 2250 > 500
2026-08-01 19:35:21,471 - ict_bot - WARNING - Spread for GOLD# is too high: 131 > 30
2026-08-01 19:35:21,472 - ict_bot - WARNING - Spread for BTCUSD# is too high: 2250 > 500
2026-08-01 19:36:21,475 - ict_bot - WARNING - Spread for GOLD# is too high: 131 > 30
2026-08-01 19:36:21,476 - ict_bot - WARNING - Spread for BTCUSD# is too high: 2250 > 500
2026-08-01 19:37:21,478 - ict_bot - WARNING - Spread for GOLD# is too high: 131 > 30
2026-08-01 19:37:21,480 - ict_bot - WARNING - Spread for BTCUSD# is too high: 2250 > 500
2026-08-01 19:38:21,482 - ict_bot - WARNING - Spread for GOLD# is too high: 131 > 30
2026-08-01 19:38:21,483 - ict_bot - WARNING - Spread for BTCUSD# is too high: 2250 > 500
2026-08-01 19:39:21,485 - ict_bot - WARNING - Spread for GOLD# is too high: 131 > 30
2026-08-01 19:39:21,487 - ict_bot - WARNING - Spread for BTCUSD# is too high: 2250 > 500
2026-08-01 19:40:21,490 - ict_bot - WARNING - Spread for GOLD# is too high: 131 > 30
2026-08-01 19:40:21,491 - ict_bot - WARNING - Spread for BTCUSD# is too high: 2250 > 500
2026-08-01 19:41:21,494 - ict_bot - WARNING - Spread for GOLD# is too high: 131 > 30
2026-08-01 19:41:21,495 - ict_bot - WARNING - Spread for BTCUSD# is too high: 2250 > 500
2026-08-01 19:42:21,497 - ict_bot - WARNING - Spread for GOLD# is too high: 131 > 30
2026-08-01 19:42:21,499 - ict_bot - WARNING - Spread for BTCUSD# is too high: 2250 > 500
2026-08-01 19:43:21,501 - ict_bot - WARNING - Spread for GOLD# is too high: 131 > 30
2026-08-01 19:43:21,502 - ict_bot - WARNING - Spread for BTCUSD# is too high: 2250 > 500
2026-08-01 19:44:21,505 - ict_bot - WARNING - Spread for GOLD# is too high: 131 > 30
2026-08-01 19:44:21,507 - ict_bot - WARNING - Spread for BTCUSD# is too high: 2250 > 500
2026-08-01 19:45:21,510 - ict_bot - WARNING - Spread for GOLD# is too high: 131 > 30
2026-08-01 19:45:21,512 - ict_bot - WARNING - Spread for BTCUSD# is too high: 2250 > 500
2026-08-01 19:46:21,514 - ict_bot - WARNING - Spread for GOLD# is too high: 131 > 30
2026-08-01 19:46:21,515 - ict_bot - WARNING - Spread for BTCUSD# is too high: 2250 > 500
2026-08-01 19:47:21,517 - ict_bot - WARNING - Spread for GOLD# is too high: 131 > 30
2026-08-01 19:47:21,518 - ict_bot - WARNING - Spread for BTCUSD# is too high: 2250 > 500
2026-08-01 19:48:21,522 - ict_bot - WARNING - Spread for GOLD# is too high: 131 > 30
2026-08-01 19:48:21,523 - ict_bot - WARNING - Spread for BTCUSD# is too high: 2250 > 500
2026-08-01 19:49:21,525 - ict_bot - WARNING - Spread for GOLD# is too high: 131 > 30
2026-08-01 19:49:21,527 - ict_bot - WARNING - Spread for BTCUSD# is too high: 2250 > 500
2026-08-01 19:50:21,529 - ict_bot - WARNING - Spread for GOLD# is too high: 131 > 30
2026-08-01 19:50:21,530 - ict_bot - WARNING - Spread for BTCUSD# is too high: 2250 > 500
2026-08-01 19:51:21,533 - ict_bot - WARNING - Spread for GOLD# is too high: 131 > 30
2026-08-01 19:51:21,534 - ict_bot - WARNING - Spread for BTCUSD# is too high: 2250 > 500
2026-08-01 19:52:21,537 - ict_bot - WARNING - Spread for GOLD# is too high: 131 > 30
2026-08-01 19:52:21,538 - ict_bot - WARNING - Spread for BTCUSD# is too high: 2250 > 500
2026-08-01 19:53:21,540 - ict_bot - WARNING - Spread for GOLD# is too high: 131 > 30
2026-08-01 19:53:21,544 - ict_bot - WARNING - Spread for BTCUSD# is too high: 2250 > 500
2026-08-01 19:54:21,547 - ict_bot - WARNING - Spread for GOLD# is too high: 131 > 30
2026-08-01 19:54:21,548 - ict_bot - WARNING - Spread for BTCUSD# is too high: 2250 > 500
2026-08-01 19:55:21,551 - ict_bot - WARNING - Spread for GOLD# is too high: 131 > 30
2026-08-01 19:55:21,553 - ict_bot - WARNING - Spread for BTCUSD# is too high: 2250 > 500
2026-08-01 19:56:21,555 - ict_bot - WARNING - Spread for GOLD# is too high: 131 > 30
2026-08-01 19:56:21,556 - ict_bot - WARNING - Spread for BTCUSD# is too high: 2250 > 500
2026-08-01 19:57:21,560 - ict_bot - WARNING - Spread for GOLD# is too high: 131 > 30
2026-08-01 19:57:21,561 - ict_bot - WARNING - Spread for BTCUSD# is too high: 2250 > 500
2026-08-01 19:58:21,564 - ict_bot - WARNING - Spread for GOLD# is too high: 131 > 30
2026-08-01 19:58:21,565 - ict_bot - WARNING - Spread for BTCUSD# is too high: 2250 > 500
2026-08-01 19:59:21,567 - ict_bot - WARNING - Spread for GOLD# is too high: 131 > 30
2026-08-01 19:59:21,569 - ict_bot - WARNING - Spread for BTCUSD# is too high: 2250 > 500
2026-08-01 20:00:21,577 - ict_bot - INFO - Heartbeat: Bot running smoothly.
2026-08-01 20:00:23,284 - ict_bot - WARNING - Spread for GOLD# is too high: 131 > 30
2026-08-01 20:00:23,285 - ict_bot - WARNING - Spread for BTCUSD# is too high: 2250 > 500
2026-08-01 20:01:23,288 - ict_bot - WARNING - Spread for GOLD# is too high: 131 > 30
2026-08-01 20:01:23,290 - ict_bot - WARNING - Spread for BTCUSD# is too high: 2250 > 500
2026-08-01 20:02:23,293 - ict_bot - WARNING - Spread for GOLD# is too high: 131 > 30
2026-08-01 20:02:23,294 - ict_bot - WARNING - Spread for BTCUSD# is too high: 2250 > 500
2026-08-01 20:03:23,297 - ict_bot - WARNING - Spread for GOLD# is too high: 131 > 30
2026-08-01 20:03:23,299 - ict_bot - WARNING - Spread for BTCUSD# is too high: 2250 > 500
2026-08-01 20:04:23,303 - ict_bot - WARNING - Spread for GOLD# is too high: 131 > 30
2026-08-01 20:04:23,304 - ict_bot - WARNING - Spread for BTCUSD# is too high: 2250 > 500
2026-08-01 20:05:23,308 - ict_bot - WARNING - Spread for GOLD# is too high: 131 > 30
2026-08-01 20:05:23,309 - ict_bot - WARNING - Spread for BTCUSD# is too high: 2250 > 500
2026-08-01 20:06:23,313 - ict_bot - WARNING - Spread for GOLD# is too high: 131 > 30
2026-08-01 20:06:23,314 - ict_bot - WARNING - Spread for BTCUSD# is too high: 2250 > 500
2026-08-01 20:07:23,317 - ict_bot - WARNING - Spread for GOLD# is too high: 131 > 30
2026-08-01 20:07:23,319 - ict_bot - WARNING - Spread for BTCUSD# is too high: 2250 > 500
2026-08-01 20:08:23,322 - ict_bot - WARNING - Spread for GOLD# is too high: 131 > 30
2026-08-01 20:08:23,324 - ict_bot - WARNING - Spread for BTCUSD# is too high: 2250 > 500
2026-08-01 20:09:23,327 - ict_bot - WARNING - Spread for GOLD# is too high: 131 > 30
2026-08-01 20:09:23,329 - ict_bot - WARNING - Spread for BTCUSD# is too high: 2250 > 500
2026-08-01 20:10:23,334 - ict_bot - WARNING - Spread for GOLD# is too high: 131 > 30
2026-08-01 20:10:23,336 - ict_bot - WARNING - Spread for BTCUSD# is too high: 2250 > 500
2026-08-01 20:11:23,341 - ict_bot - WARNING - Spread for GOLD# is too high: 131 > 30
2026-08-01 20:11:23,342 - ict_bot - WARNING - Spread for BTCUSD# is too high: 2250 > 500
2026-08-01 20:12:23,345 - ict_bot - WARNING - Spread for GOLD# is too high: 131 > 30
2026-08-01 20:12:23,346 - ict_bot - WARNING - Spread for BTCUSD# is too high: 2250 > 500
2026-08-01 20:13:23,350 - ict_bot - WARNING - Spread for GOLD# is too high: 131 > 30
2026-08-01 20:13:23,351 - ict_bot - WARNING - Spread for BTCUSD# is too high: 2250 > 500
2026-08-01 20:14:23,354 - ict_bot - WARNING - Spread for GOLD# is too high: 131 > 30
2026-08-01 20:14:23,356 - ict_bot - WARNING - Spread for BTCUSD# is too high: 2250 > 500
2026-08-01 20:15:23,359 - ict_bot - WARNING - Spread for GOLD# is too high: 131 > 30
2026-08-01 20:15:23,361 - ict_bot - WARNING - Spread for BTCUSD# is too high: 2250 > 500
2026-08-01 20:16:23,363 - ict_bot - WARNING - Spread for GOLD# is too high: 131 > 30
2026-08-01 20:16:23,365 - ict_bot - WARNING - Spread for BTCUSD# is too high: 2250 > 500
2026-08-01 20:17:23,368 - ict_bot - WARNING - Spread for GOLD# is too high: 131 > 30
2026-08-01 20:17:23,370 - ict_bot - WARNING - Spread for BTCUSD# is too high: 2250 > 500
2026-08-01 20:18:23,374 - ict_bot - WARNING - Spread for GOLD# is too high: 131 > 30
2026-08-01 20:18:23,375 - ict_bot - WARNING - Spread for BTCUSD# is too high: 2250 > 500
2026-08-01 20:19:23,379 - ict_bot - WARNING - Spread for GOLD# is too high: 131 > 30
2026-08-01 20:19:23,380 - ict_bot - WARNING - Spread for BTCUSD# is too high: 2250 > 500
2026-08-01 20:20:23,383 - ict_bot - WARNING - Spread for GOLD# is too high: 131 > 30
2026-08-01 20:20:23,385 - ict_bot - WARNING - Spread for BTCUSD# is too high: 2250 > 500
2026-08-01 20:21:23,388 - ict_bot - WARNING - Spread for GOLD# is too high: 131 > 30
2026-08-01 20:21:23,389 - ict_bot - WARNING - Spread for BTCUSD# is too high: 2250 > 500
2026-08-01 20:22:23,392 - ict_bot - WARNING - Spread for GOLD# is too high: 131 > 30
2026-08-01 20:22:23,394 - ict_bot - WARNING - Spread for BTCUSD# is too high: 2250 > 500
2026-08-01 20:23:23,396 - ict_bot - WARNING - Spread for GOLD# is too high: 131 > 30
2026-08-01 20:23:23,398 - ict_bot - WARNING - Spread for BTCUSD# is too high: 2250 > 500
2026-08-01 20:24:23,401 - ict_bot - WARNING - Spread for GOLD# is too high: 131 > 30
2026-08-01 20:24:23,402 - ict_bot - WARNING - Spread for BTCUSD# is too high: 2250 > 500
2026-08-01 20:25:23,405 - ict_bot - WARNING - Spread for GOLD# is too high: 131 > 30
2026-08-01 20:25:23,407 - ict_bot - WARNING - Spread for BTCUSD# is too high: 2250 > 500
2026-08-01 20:26:23,410 - ict_bot - WARNING - Spread for GOLD# is too high: 131 > 30
2026-08-01 20:26:23,411 - ict_bot - WARNING - Spread for BTCUSD# is too high: 2250 > 500
2026-08-01 20:27:23,414 - ict_bot - WARNING - Spread for GOLD# is too high: 131 > 30
2026-08-01 20:27:23,416 - ict_bot - WARNING - Spread for BTCUSD# is too high: 2250 > 500
2026-08-01 20:28:23,420 - ict_bot - WARNING - Spread for GOLD# is too high: 131 > 30
2026-08-01 20:28:23,421 - ict_bot - WARNING - Spread for BTCUSD# is too high: 2250 > 500
2026-08-01 20:29:23,425 - ict_bot - WARNING - Spread for GOLD# is too high: 131 > 30
2026-08-01 20:29:23,426 - ict_bot - WARNING - Spread for BTCUSD# is too high: 2250 > 500
2026-08-01 20:30:23,429 - ict_bot - WARNING - Spread for GOLD# is too high: 131 > 30
2026-08-01 20:30:23,431 - ict_bot - WARNING - Spread for BTCUSD# is too high: 2250 > 500
2026-08-01 20:31:23,434 - ict_bot - WARNING - Spread for GOLD# is too high: 131 > 30
2026-08-01 20:31:23,435 - ict_bot - WARNING - Spread for BTCUSD# is too high: 2250 > 500
2026-08-01 20:32:23,438 - ict_bot - WARNING - Spread for GOLD# is too high: 131 > 30
2026-08-01 20:32:23,440 - ict_bot - WARNING - Spread for BTCUSD# is too high: 2250 > 500
2026-08-01 20:33:23,443 - ict_bot - WARNING - Spread for GOLD# is too high: 131 > 30
2026-08-01 20:33:23,445 - ict_bot - WARNING - Spread for BTCUSD# is too high: 2250 > 500
2026-08-01 20:34:23,448 - ict_bot - WARNING - Spread for GOLD# is too high: 131 > 30
2026-08-01 20:34:23,450 - ict_bot - WARNING - Spread for BTCUSD# is too high: 2250 > 500
2026-08-01 20:35:23,453 - ict_bot - WARNING - Spread for GOLD# is too high: 131 > 30
2026-08-01 20:35:23,455 - ict_bot - WARNING - Spread for BTCUSD# is too high: 2250 > 500
2026-08-01 20:36:23,458 - ict_bot - WARNING - Spread for GOLD# is too high: 131 > 30
2026-08-01 20:36:23,460 - ict_bot - WARNING - Spread for BTCUSD# is too high: 2250 > 500
2026-08-01 20:37:23,462 - ict_bot - WARNING - Spread for GOLD# is too high: 131 > 30
2026-08-01 20:37:23,464 - ict_bot - WARNING - Spread for BTCUSD# is too high: 2250 > 500
2026-08-01 20:38:23,467 - ict_bot - WARNING - Spread for GOLD# is too high: 131 > 30
2026-08-01 20:38:23,469 - ict_bot - WARNING - Spread for BTCUSD# is too high: 2250 > 500
2026-08-01 20:39:23,473 - ict_bot - WARNING - Spread for GOLD# is too high: 131 > 30
2026-08-01 20:39:23,474 - ict_bot - WARNING - Spread for BTCUSD# is too high: 2250 > 500
2026-08-01 20:40:23,477 - ict_bot - WARNING - Spread for GOLD# is too high: 131 > 30
2026-08-01 20:40:23,478 - ict_bot - WARNING - Spread for BTCUSD# is too high: 2250 > 500
2026-08-01 20:41:23,481 - ict_bot - WARNING - Spread for GOLD# is too high: 131 > 30
2026-08-01 20:41:23,482 - ict_bot - WARNING - Spread for BTCUSD# is too high: 2250 > 500
2026-08-01 20:42:23,485 - ict_bot - WARNING - Spread for GOLD# is too high: 131 > 30
2026-08-01 20:42:23,487 - ict_bot - WARNING - Spread for BTCUSD# is too high: 2250 > 500
2026-08-01 20:43:23,490 - ict_bot - WARNING - Spread for GOLD# is too high: 131 > 30
2026-08-01 20:43:23,492 - ict_bot - WARNING - Spread for BTCUSD# is too high: 2250 > 500
2026-08-01 20:44:23,498 - ict_bot - WARNING - Spread for GOLD# is too high: 131 > 30
2026-08-01 20:44:23,500 - ict_bot - WARNING - Spread for BTCUSD# is too high: 2250 > 500
2026-08-01 20:45:23,503 - ict_bot - WARNING - Spread for GOLD# is too high: 131 > 30
2026-08-01 20:45:23,505 - ict_bot - WARNING - Spread for BTCUSD# is too high: 2250 > 500
2026-08-01 20:46:23,508 - ict_bot - WARNING - Spread for GOLD# is too high: 131 > 30
2026-08-01 20:46:23,510 - ict_bot - WARNING - Spread for BTCUSD# is too high: 2250 > 500
2026-08-01 20:47:23,514 - ict_bot - WARNING - Spread for GOLD# is too high: 131 > 30
2026-08-01 20:47:23,516 - ict_bot - WARNING - Spread for BTCUSD# is too high: 2250 > 500
2026-08-01 20:48:23,520 - ict_bot - WARNING - Spread for GOLD# is too high: 131 > 30
2026-08-01 20:48:23,523 - ict_bot - WARNING - Spread for BTCUSD# is too high: 2250 > 500
2026-08-01 20:49:23,527 - ict_bot - WARNING - Spread for GOLD# is too high: 131 > 30
2026-08-01 20:49:23,532 - ict_bot - WARNING - Spread for BTCUSD# is too high: 2250 > 500
2026-08-01 20:50:23,535 - ict_bot - WARNING - Spread for GOLD# is too high: 131 > 30
2026-08-01 20:50:23,537 - ict_bot - WARNING - Spread for BTCUSD# is too high: 2250 > 500
2026-08-01 20:50:35,686 - ict_bot - INFO - Auto-launching XM MT5 Terminal: C:\Program Files\XM Global MT5\terminal64.exe
2026-08-01 20:50:35,876 - ict_bot - INFO - Connected to MT5 Server: XMGlobal-MT5 5 (Account: 108130219)
2026-08-01 20:50:36,080 - ict_bot - INFO - MT5 connection closed.
2026-08-01 20:50:36,093 - ict_bot - INFO - Auto-launching XM MT5 Terminal: C:\Program Files\XM Global MT5\terminal64.exe
2026-08-01 20:50:36,095 - ict_bot - INFO - Connected to MT5 Server: XMGlobal-MT5 5 (Account: 108130219)
2026-08-01 20:50:36,252 - ict_bot - INFO - MT5 connection closed.
2026-08-01 20:51:23,542 - ict_bot - WARNING - Spread for GOLD# is too high: 131 > 30
2026-08-01 20:51:23,544 - ict_bot - WARNING - Spread for BTCUSD# is too high: 2250 > 500
2026-08-01 20:52:23,547 - ict_bot - WARNING - Spread for GOLD# is too high: 131 > 30
2026-08-01 20:52:23,552 - ict_bot - WARNING - Spread for BTCUSD# is too high: 2250 > 500
2026-08-01 20:53:23,556 - ict_bot - WARNING - Spread for GOLD# is too high: 131 > 30
2026-08-01 20:53:23,558 - ict_bot - WARNING - Spread for BTCUSD# is too high: 2250 > 500
2026-08-01 20:54:23,709 - ict_bot - WARNING - Spread for GOLD# is too high: 131 > 30
2026-08-01 20:54:23,736 - ict_bot - WARNING - Spread for BTCUSD# is too high: 2250 > 500
2026-08-01 20:55:23,742 - ict_bot - WARNING - Spread for GOLD# is too high: 131 > 30
2026-08-01 20:55:23,745 - ict_bot - WARNING - Spread for BTCUSD# is too high: 2250 > 500
2026-08-01 20:56:23,751 - ict_bot - WARNING - Spread for GOLD# is too high: 131 > 30
2026-08-01 20:56:23,753 - ict_bot - WARNING - Spread for BTCUSD# is too high: 2250 > 500
2026-08-01 20:57:23,763 - ict_bot - WARNING - Spread for GOLD# is too high: 131 > 30
2026-08-01 20:57:23,767 - ict_bot - WARNING - Spread for BTCUSD# is too high: 2250 > 500
2026-08-01 20:58:23,771 - ict_bot - WARNING - Spread for GOLD# is too high: 131 > 30
2026-08-01 20:58:23,774 - ict_bot - WARNING - Spread for BTCUSD# is too high: 2250 > 500
2026-08-01 20:59:23,778 - ict_bot - WARNING - Spread for GOLD# is too high: 131 > 30
2026-08-01 20:59:23,780 - ict_bot - WARNING - Spread for BTCUSD# is too high: 2250 > 500
2026-08-01 21:00:23,783 - ict_bot - WARNING - Spread for GOLD# is too high: 131 > 30
2026-08-01 21:00:23,784 - ict_bot - WARNING - Spread for BTCUSD# is too high: 2250 > 500
2026-08-01 21:01:23,787 - ict_bot - WARNING - Spread for GOLD# is too high: 131 > 30
2026-08-01 21:01:23,791 - ict_bot - WARNING - Spread for BTCUSD# is too high: 2250 > 500
2026-08-01 21:02:23,794 - ict_bot - WARNING - Spread for GOLD# is too high: 131 > 30
2026-08-01 21:02:23,796 - ict_bot - WARNING - Spread for BTCUSD# is too high: 2250 > 500
2026-08-01 21:03:23,799 - ict_bot - WARNING - Spread for GOLD# is too high: 131 > 30
2026-08-01 21:03:23,800 - ict_bot - WARNING - Spread for BTCUSD# is too high: 2250 > 500
2026-08-01 21:04:23,804 - ict_bot - WARNING - Spread for GOLD# is too high: 131 > 30
2026-08-01 21:04:23,806 - ict_bot - WARNING - Spread for BTCUSD# is too high: 2250 > 500
2026-08-01 21:05:23,810 - ict_bot - WARNING - Spread for GOLD# is too high: 131 > 30
2026-08-01 21:05:23,811 - ict_bot - WARNING - Spread for BTCUSD# is too high: 2250 > 500
2026-08-01 21:06:23,814 - ict_bot - WARNING - Spread for GOLD# is too high: 131 > 30
2026-08-01 21:06:23,816 - ict_bot - WARNING - Spread for BTCUSD# is too high: 2250 > 500
2026-08-01 21:07:23,819 - ict_bot - WARNING - Spread for GOLD# is too high: 131 > 30
2026-08-01 21:07:23,821 - ict_bot - WARNING - Spread for BTCUSD# is too high: 2250 > 500
2026-08-01 21:08:23,824 - ict_bot - WARNING - Spread for GOLD# is too high: 131 > 30
2026-08-01 21:08:23,826 - ict_bot - WARNING - Spread for BTCUSD# is too high: 2250 > 500
2026-08-01 21:09:23,829 - ict_bot - WARNING - Spread for GOLD# is too high: 131 > 30
2026-08-01 21:09:23,830 - ict_bot - WARNING - Spread for BTCUSD# is too high: 2250 > 500
2026-08-01 21:10:23,834 - ict_bot - WARNING - Spread for GOLD# is too high: 131 > 30
2026-08-01 21:10:23,835 - ict_bot - WARNING - Spread for BTCUSD# is too high: 2250 > 500
2026-08-01 21:11:23,839 - ict_bot - WARNING - Spread for GOLD# is too high: 131 > 30
2026-08-01 21:11:23,841 - ict_bot - WARNING - Spread for BTCUSD# is too high: 2250 > 500
2026-08-01 21:12:23,843 - ict_bot - WARNING - Spread for GOLD# is too high: 131 > 30
2026-08-01 21:12:23,845 - ict_bot - WARNING - Spread for BTCUSD# is too high: 2250 > 500
2026-08-01 21:13:23,848 - ict_bot - WARNING - Spread for GOLD# is too high: 131 > 30
2026-08-01 21:13:23,850 - ict_bot - WARNING - Spread for BTCUSD# is too high: 2250 > 500
2026-08-01 21:14:23,853 - ict_bot - WARNING - Spread for GOLD# is too high: 131 > 30
2026-08-01 21:14:23,855 - ict_bot - WARNING - Spread for BTCUSD# is too high: 2250 > 500
2026-08-01 21:15:23,858 - ict_bot - WARNING - Spread for GOLD# is too high: 131 > 30
2026-08-01 21:15:23,860 - ict_bot - WARNING - Spread for BTCUSD# is too high: 2250 > 500
2026-08-01 21:16:23,863 - ict_bot - WARNING - Spread for GOLD# is too high: 131 > 30
2026-08-01 21:16:23,865 - ict_bot - WARNING - Spread for BTCUSD# is too high: 2250 > 500
2026-08-01 21:17:23,867 - ict_bot - WARNING - Spread for GOLD# is too high: 131 > 30
2026-08-01 21:17:23,868 - ict_bot - WARNING - Spread for BTCUSD# is too high: 2250 > 500
2026-08-01 21:18:23,871 - ict_bot - WARNING - Spread for GOLD# is too high: 131 > 30
2026-08-01 21:18:23,873 - ict_bot - WARNING - Spread for BTCUSD# is too high: 2250 > 500
2026-08-01 21:19:23,877 - ict_bot - WARNING - Spread for GOLD# is too high: 131 > 30
2026-08-01 21:19:23,878 - ict_bot - WARNING - Spread for BTCUSD# is too high: 2250 > 500
2026-08-01 21:20:23,882 - ict_bot - WARNING - Spread for GOLD# is too high: 131 > 30
2026-08-01 21:20:23,884 - ict_bot - WARNING - Spread for BTCUSD# is too high: 2250 > 500
2026-08-01 21:21:23,887 - ict_bot - WARNING - Spread for GOLD# is too high: 131 > 30
2026-08-01 21:21:23,889 - ict_bot - WARNING - Spread for BTCUSD# is too high: 2250 > 500
2026-08-01 21:22:23,893 - ict_bot - WARNING - Spread for GOLD# is too high: 131 > 30
2026-08-01 21:22:23,894 - ict_bot - WARNING - Spread for BTCUSD# is too high: 2250 > 500
2026-08-01 21:23:24,010 - ict_bot - WARNING - Spread for GOLD# is too high: 131 > 30
2026-08-01 21:23:24,030 - ict_bot - WARNING - Spread for BTCUSD# is too high: 2250 > 500
2026-08-01 21:24:24,033 - ict_bot - WARNING - Spread for GOLD# is too high: 131 > 30
2026-08-01 21:24:24,034 - ict_bot - WARNING - Spread for BTCUSD# is too high: 2250 > 500
2026-08-01 21:25:24,038 - ict_bot - WARNING - Spread for GOLD# is too high: 131 > 30
2026-08-01 21:25:24,039 - ict_bot - WARNING - Spread for BTCUSD# is too high: 2250 > 500
2026-08-01 21:26:24,042 - ict_bot - WARNING - Spread for GOLD# is too high: 131 > 30
2026-08-01 21:26:24,044 - ict_bot - WARNING - Spread for BTCUSD# is too high: 2250 > 500
2026-08-01 21:27:24,047 - ict_bot - WARNING - Spread for GOLD# is too high: 131 > 30
2026-08-01 21:27:24,048 - ict_bot - WARNING - Spread for BTCUSD# is too high: 2250 > 500
2026-08-01 21:28:24,051 - ict_bot - WARNING - Spread for GOLD# is too high: 131 > 30
2026-08-01 21:28:24,053 - ict_bot - WARNING - Spread for BTCUSD# is too high: 2250 > 500
2026-08-01 21:29:24,064 - ict_bot - WARNING - Spread for GOLD# is too high: 131 > 30
2026-08-01 21:29:24,070 - ict_bot - WARNING - Spread for BTCUSD# is too high: 2250 > 500
2026-08-01 21:30:24,117 - ict_bot - WARNING - Spread for GOLD# is too high: 131 > 30
2026-08-01 21:30:24,130 - ict_bot - WARNING - Spread for BTCUSD# is too high: 2250 > 500
2026-08-01 21:31:24,202 - ict_bot - WARNING - Spread for GOLD# is too high: 131 > 30
2026-08-01 21:31:24,217 - ict_bot - WARNING - Spread for BTCUSD# is too high: 2250 > 500
2026-08-01 21:32:24,220 - ict_bot - WARNING - Spread for GOLD# is too high: 131 > 30
2026-08-01 21:32:24,221 - ict_bot - WARNING - Spread for BTCUSD# is too high: 2250 > 500
2026-08-01 21:33:24,224 - ict_bot - WARNING - Spread for GOLD# is too high: 131 > 30
2026-08-01 21:33:24,226 - ict_bot - WARNING - Spread for BTCUSD# is too high: 2250 > 500
2026-08-01 21:34:24,229 - ict_bot - WARNING - Spread for GOLD# is too high: 131 > 30
2026-08-01 21:34:24,232 - ict_bot - WARNING - Spread for BTCUSD# is too high: 2250 > 500
2026-08-01 21:35:24,288 - ict_bot - WARNING - Spread for GOLD# is too high: 131 > 30
2026-08-01 21:35:24,297 - ict_bot - WARNING - Spread for BTCUSD# is too high: 2250 > 500
2026-08-01 21:35:45,292 - ict_bot - INFO - Auto-launching XM MT5 Terminal: C:\Program Files\XM Global MT5\terminal64.exe
2026-08-01 21:35:45,313 - ict_bot - INFO - Connected to MT5 Server: XMGlobal-MT5 5 (Account: 108130219)
2026-08-01 21:35:45,405 - ict_bot - INFO - MT5 connection closed.
2026-08-01 21:35:45,416 - ict_bot - INFO - Auto-launching XM MT5 Terminal: C:\Program Files\XM Global MT5\terminal64.exe
2026-08-01 21:35:45,417 - ict_bot - INFO - Connected to MT5 Server: XMGlobal-MT5 5 (Account: 108130219)
2026-08-01 21:35:45,497 - ict_bot - INFO - MT5 connection closed.
2026-08-01 21:36:24,301 - ict_bot - WARNING - Spread for GOLD# is too high: 131 > 30
2026-08-01 21:36:24,303 - ict_bot - WARNING - Spread for BTCUSD# is too high: 2250 > 500
2026-08-01 21:37:24,306 - ict_bot - WARNING - Spread for GOLD# is too high: 131 > 30
2026-08-01 21:37:24,312 - ict_bot - WARNING - Spread for BTCUSD# is too high: 2250 > 500
2026-08-01 21:38:24,315 - ict_bot - WARNING - Spread for GOLD# is too high: 131 > 30
2026-08-01 21:38:24,317 - ict_bot - WARNING - Spread for BTCUSD# is too high: 2250 > 500
2026-08-01 21:39:24,320 - ict_bot - WARNING - Spread for GOLD# is too high: 131 > 30
2026-08-01 21:39:24,321 - ict_bot - WARNING - Spread for BTCUSD# is too high: 2250 > 500
2026-08-01 21:40:24,324 - ict_bot - WARNING - Spread for GOLD# is too high: 131 > 30
2026-08-01 21:40:24,325 - ict_bot - WARNING - Spread for BTCUSD# is too high: 2250 > 500
2026-08-01 21:41:24,328 - ict_bot - WARNING - Spread for GOLD# is too high: 131 > 30
2026-08-01 21:41:24,330 - ict_bot - WARNING - Spread for BTCUSD# is too high: 2250 > 500
2026-08-01 21:42:24,333 - ict_bot - WARNING - Spread for GOLD# is too high: 131 > 30
2026-08-01 21:42:24,335 - ict_bot - WARNING - Spread for BTCUSD# is too high: 2250 > 500
2026-08-01 21:43:24,338 - ict_bot - WARNING - Spread for GOLD# is too high: 131 > 30
2026-08-01 21:43:24,341 - ict_bot - WARNING - Spread for BTCUSD# is too high: 2250 > 500
2026-08-01 21:44:24,344 - ict_bot - WARNING - Spread for GOLD# is too high: 131 > 30
2026-08-01 21:44:24,346 - ict_bot - WARNING - Spread for BTCUSD# is too high: 2250 > 500
2026-08-01 21:45:24,349 - ict_bot - WARNING - Spread for GOLD# is too high: 131 > 30
2026-08-01 21:45:24,351 - ict_bot - WARNING - Spread for BTCUSD# is too high: 2250 > 500
2026-08-01 21:46:24,354 - ict_bot - WARNING - Spread for GOLD# is too high: 131 > 30
2026-08-01 21:46:24,356 - ict_bot - WARNING - Spread for BTCUSD# is too high: 2250 > 500
2026-08-01 21:47:24,359 - ict_bot - WARNING - Spread for GOLD# is too high: 131 > 30
2026-08-01 21:47:24,361 - ict_bot - WARNING - Spread for BTCUSD# is too high: 2250 > 500
2026-08-01 21:48:24,363 - ict_bot - WARNING - Spread for GOLD# is too high: 131 > 30
2026-08-01 21:48:24,366 - ict_bot - WARNING - Spread for BTCUSD# is too high: 2250 > 500
2026-08-01 21:49:24,370 - ict_bot - WARNING - Spread for GOLD# is too high: 131 > 30
2026-08-01 21:49:24,372 - ict_bot - WARNING - Spread for BTCUSD# is too high: 2250 > 500
2026-08-01 21:50:24,375 - ict_bot - WARNING - Spread for GOLD# is too high: 131 > 30
2026-08-01 21:50:24,377 - ict_bot - WARNING - Spread for BTCUSD# is too high: 2250 > 500
2026-08-01 21:51:24,380 - ict_bot - WARNING - Spread for GOLD# is too high: 131 > 30
2026-08-01 21:51:24,382 - ict_bot - WARNING - Spread for BTCUSD# is too high: 2250 > 500
2026-08-01 21:52:24,386 - ict_bot - WARNING - Spread for GOLD# is too high: 131 > 30
2026-08-01 21:52:24,388 - ict_bot - WARNING - Spread for BTCUSD# is too high: 2250 > 500
2026-08-01 21:53:24,391 - ict_bot - WARNING - Spread for GOLD# is too high: 131 > 30
2026-08-01 21:53:24,393 - ict_bot - WARNING - Spread for BTCUSD# is too high: 2250 > 500
2026-08-01 21:54:24,396 - ict_bot - WARNING - Spread for GOLD# is too high: 131 > 30
2026-08-01 21:54:24,397 - ict_bot - WARNING - Spread for BTCUSD# is too high: 2250 > 500
2026-08-01 21:55:24,400 - ict_bot - WARNING - Spread for GOLD# is too high: 131 > 30
2026-08-01 21:55:24,402 - ict_bot - WARNING - Spread for BTCUSD# is too high: 2250 > 500
2026-08-01 21:56:24,405 - ict_bot - WARNING - Spread for GOLD# is too high: 131 > 30
2026-08-01 21:56:24,407 - ict_bot - WARNING - Spread for BTCUSD# is too high: 2250 > 500
2026-08-01 21:57:24,410 - ict_bot - WARNING - Spread for GOLD# is too high: 131 > 30
2026-08-01 21:57:24,411 - ict_bot - WARNING - Spread for BTCUSD# is too high: 2250 > 500
2026-08-01 21:58:24,414 - ict_bot - WARNING - Spread for GOLD# is too high: 131 > 30
2026-08-01 21:58:24,416 - ict_bot - WARNING - Spread for BTCUSD# is too high: 2250 > 500
2026-08-01 21:59:24,419 - ict_bot - WARNING - Spread for GOLD# is too high: 131 > 30
2026-08-01 21:59:24,420 - ict_bot - WARNING - Spread for BTCUSD# is too high: 2250 > 500
2026-08-01 22:00:24,422 - ict_bot - WARNING - Spread for GOLD# is too high: 131 > 30
2026-08-01 22:00:24,424 - ict_bot - WARNING - Spread for BTCUSD# is too high: 2250 > 500
2026-08-01 22:01:24,427 - ict_bot - WARNING - Spread for GOLD# is too high: 131 > 30
2026-08-01 22:01:24,428 - ict_bot - WARNING - Spread for BTCUSD# is too high: 2250 > 500
2026-08-01 22:02:24,431 - ict_bot - WARNING - Spread for GOLD# is too high: 131 > 30
2026-08-01 22:02:24,433 - ict_bot - WARNING - Spread for BTCUSD# is too high: 2250 > 500
2026-08-01 22:03:24,435 - ict_bot - WARNING - Spread for GOLD# is too high: 131 > 30
2026-08-01 22:03:24,437 - ict_bot - WARNING - Spread for BTCUSD# is too high: 2250 > 500
2026-08-01 22:04:24,439 - ict_bot - WARNING - Spread for GOLD# is too high: 131 > 30
2026-08-01 22:04:24,440 - ict_bot - WARNING - Spread for BTCUSD# is too high: 2250 > 500
2026-08-01 22:05:24,443 - ict_bot - WARNING - Spread for GOLD# is too high: 131 > 30
2026-08-01 22:05:24,445 - ict_bot - WARNING - Spread for BTCUSD# is too high: 2250 > 500
2026-08-01 22:06:24,448 - ict_bot - WARNING - Spread for GOLD# is too high: 131 > 30
2026-08-01 22:06:24,449 - ict_bot - WARNING - Spread for BTCUSD# is too high: 2250 > 500
2026-08-01 22:07:24,452 - ict_bot - WARNING - Spread for GOLD# is too high: 131 > 30
2026-08-01 22:07:24,453 - ict_bot - WARNING - Spread for BTCUSD# is too high: 2250 > 500
2026-08-01 22:08:24,456 - ict_bot - WARNING - Spread for GOLD# is too high: 131 > 30
2026-08-01 22:08:24,458 - ict_bot - WARNING - Spread for BTCUSD# is too high: 2250 > 500
2026-08-01 22:09:24,461 - ict_bot - WARNING - Spread for GOLD# is too high: 131 > 30
2026-08-01 22:09:24,462 - ict_bot - WARNING - Spread for BTCUSD# is too high: 2250 > 500
2026-08-01 22:10:24,466 - ict_bot - WARNING - Spread for GOLD# is too high: 131 > 30
2026-08-01 22:10:24,467 - ict_bot - WARNING - Spread for BTCUSD# is too high: 2250 > 500
2026-08-01 22:11:24,470 - ict_bot - WARNING - Spread for GOLD# is too high: 131 > 30
2026-08-01 22:11:24,472 - ict_bot - WARNING - Spread for BTCUSD# is too high: 2250 > 500
2026-08-01 22:12:24,475 - ict_bot - WARNING - Spread for GOLD# is too high: 131 > 30
2026-08-01 22:12:24,477 - ict_bot - WARNING - Spread for BTCUSD# is too high: 2250 > 500
2026-08-01 22:13:24,480 - ict_bot - WARNING - Spread for GOLD# is too high: 131 > 30
2026-08-01 22:13:24,481 - ict_bot - WARNING - Spread for BTCUSD# is too high: 2250 > 500
2026-08-01 22:14:24,484 - ict_bot - WARNING - Spread for GOLD# is too high: 131 > 30
2026-08-01 22:14:24,485 - ict_bot - WARNING - Spread for BTCUSD# is too high: 2250 > 500
2026-08-01 22:15:24,488 - ict_bot - WARNING - Spread for GOLD# is too high: 131 > 30
2026-08-01 22:15:24,490 - ict_bot - WARNING - Spread for BTCUSD# is too high: 2250 > 500
2026-08-01 22:16:24,492 - ict_bot - WARNING - Spread for GOLD# is too high: 131 > 30
2026-08-01 22:16:24,494 - ict_bot - WARNING - Spread for BTCUSD# is too high: 2250 > 500
2026-08-01 22:17:24,496 - ict_bot - WARNING - Spread for GOLD# is too high: 131 > 30
2026-08-01 22:17:24,498 - ict_bot - WARNING - Spread for BTCUSD# is too high: 2250 > 500
2026-08-01 22:18:24,501 - ict_bot - WARNING - Spread for GOLD# is too high: 131 > 30
2026-08-01 22:18:24,502 - ict_bot - WARNING - Spread for BTCUSD# is too high: 2250 > 500
2026-08-01 22:19:24,505 - ict_bot - WARNING - Spread for GOLD# is too high: 131 > 30
2026-08-01 22:19:24,506 - ict_bot - WARNING - Spread for BTCUSD# is too high: 2250 > 500
2026-08-01 22:20:24,510 - ict_bot - WARNING - Spread for GOLD# is too high: 131 > 30
2026-08-01 22:20:24,511 - ict_bot - WARNING - Spread for BTCUSD# is too high: 2250 > 500
2026-08-01 22:21:24,515 - ict_bot - WARNING - Spread for GOLD# is too high: 131 > 30
2026-08-01 22:21:24,516 - ict_bot - WARNING - Spread for BTCUSD# is too high: 2250 > 500
2026-08-01 22:22:24,519 - ict_bot - WARNING - Spread for GOLD# is too high: 131 > 30
2026-08-01 22:22:24,521 - ict_bot - WARNING - Spread for BTCUSD# is too high: 2250 > 500
2026-08-01 22:23:24,524 - ict_bot - WARNING - Spread for GOLD# is too high: 131 > 30
2026-08-01 22:23:24,526 - ict_bot - WARNING - Spread for BTCUSD# is too high: 2250 > 500
2026-08-01 22:24:24,529 - ict_bot - WARNING - Spread for GOLD# is too high: 131 > 30
2026-08-01 22:24:24,531 - ict_bot - WARNING - Spread for BTCUSD# is too high: 2250 > 500
2026-08-01 22:25:24,534 - ict_bot - WARNING - Spread for GOLD# is too high: 131 > 30
2026-08-01 22:25:24,535 - ict_bot - WARNING - Spread for BTCUSD# is too high: 2250 > 500
2026-08-01 22:26:24,538 - ict_bot - WARNING - Spread for GOLD# is too high: 131 > 30
2026-08-01 22:26:24,539 - ict_bot - WARNING - Spread for BTCUSD# is too high: 2250 > 500
2026-08-01 22:27:24,543 - ict_bot - WARNING - Spread for GOLD# is too high: 131 > 30
2026-08-01 22:27:24,544 - ict_bot - WARNING - Spread for BTCUSD# is too high: 2250 > 500
2026-08-01 22:28:24,547 - ict_bot - WARNING - Spread for GOLD# is too high: 131 > 30
2026-08-01 22:28:24,548 - ict_bot - WARNING - Spread for BTCUSD# is too high: 2250 > 500
2026-08-01 22:29:24,551 - ict_bot - WARNING - Spread for GOLD# is too high: 131 > 30
2026-08-01 22:29:24,553 - ict_bot - WARNING - Spread for BTCUSD# is too high: 2250 > 500
2026-08-01 22:30:24,556 - ict_bot - WARNING - Spread for GOLD# is too high: 131 > 30
2026-08-01 22:30:24,557 - ict_bot - WARNING - Spread for BTCUSD# is too high: 2250 > 500
2026-08-01 22:31:24,560 - ict_bot - WARNING - Spread for GOLD# is too high: 131 > 30
2026-08-01 22:31:24,562 - ict_bot - WARNING - Spread for BTCUSD# is too high: 2250 > 500
2026-08-01 22:32:24,565 - ict_bot - WARNING - Spread for GOLD# is too high: 131 > 30
2026-08-01 22:32:24,566 - ict_bot - WARNING - Spread for BTCUSD# is too high: 2250 > 500
2026-08-01 22:33:24,569 - ict_bot - WARNING - Spread for GOLD# is too high: 131 > 30
2026-08-01 22:33:24,571 - ict_bot - WARNING - Spread for BTCUSD# is too high: 2250 > 500
2026-08-01 22:34:24,574 - ict_bot - WARNING - Spread for GOLD# is too high: 131 > 30
2026-08-01 22:34:24,576 - ict_bot - WARNING - Spread for BTCUSD# is too high: 2250 > 500
2026-08-01 22:35:24,579 - ict_bot - WARNING - Spread for GOLD# is too high: 131 > 30
2026-08-01 22:35:24,580 - ict_bot - WARNING - Spread for BTCUSD# is too high: 2250 > 500
2026-08-01 22:36:24,583 - ict_bot - WARNING - Spread for GOLD# is too high: 131 > 30
2026-08-01 22:36:24,584 - ict_bot - WARNING - Spread for BTCUSD# is too high: 2250 > 500
2026-08-01 22:37:24,587 - ict_bot - WARNING - Spread for GOLD# is too high: 131 > 30
2026-08-01 22:37:24,588 - ict_bot - WARNING - Spread for BTCUSD# is too high: 2250 > 500
2026-08-01 22:38:24,591 - ict_bot - WARNING - Spread for GOLD# is too high: 131 > 30
2026-08-01 22:38:24,593 - ict_bot - WARNING - Spread for BTCUSD# is too high: 2250 > 500
2026-08-01 22:39:24,596 - ict_bot - WARNING - Spread for GOLD# is too high: 131 > 30
2026-08-01 22:39:24,598 - ict_bot - WARNING - Spread for BTCUSD# is too high: 2250 > 500
2026-08-01 22:40:24,600 - ict_bot - WARNING - Spread for GOLD# is too high: 131 > 30
2026-08-01 22:40:24,602 - ict_bot - WARNING - Spread for BTCUSD# is too high: 2250 > 500
2026-08-01 22:41:24,608 - ict_bot - WARNING - Spread for GOLD# is too high: 131 > 30
2026-08-01 22:41:24,610 - ict_bot - WARNING - Spread for BTCUSD# is too high: 2250 > 500
2026-08-01 22:42:24,615 - ict_bot - WARNING - Spread for GOLD# is too high: 131 > 30
2026-08-01 22:42:24,617 - ict_bot - WARNING - Spread for BTCUSD# is too high: 2250 > 500
2026-08-01 22:43:24,620 - ict_bot - WARNING - Spread for GOLD# is too high: 131 > 30
2026-08-01 22:43:24,621 - ict_bot - WARNING - Spread for BTCUSD# is too high: 2250 > 500
2026-08-01 22:44:24,625 - ict_bot - WARNING - Spread for GOLD# is too high: 131 > 30
2026-08-01 22:44:24,627 - ict_bot - WARNING - Spread for BTCUSD# is too high: 2250 > 500
2026-08-01 22:45:24,630 - ict_bot - WARNING - Spread for GOLD# is too high: 131 > 30
2026-08-01 22:45:24,631 - ict_bot - WARNING - Spread for BTCUSD# is too high: 2250 > 500
2026-08-01 22:46:24,634 - ict_bot - WARNING - Spread for GOLD# is too high: 131 > 30
2026-08-01 22:46:24,636 - ict_bot - WARNING - Spread for BTCUSD# is too high: 2250 > 500
2026-08-01 22:47:24,638 - ict_bot - WARNING - Spread for GOLD# is too high: 131 > 30
2026-08-01 22:47:24,640 - ict_bot - WARNING - Spread for BTCUSD# is too high: 2250 > 500
2026-08-01 22:48:24,643 - ict_bot - WARNING - Spread for GOLD# is too high: 131 > 30
2026-08-01 22:48:24,644 - ict_bot - WARNING - Spread for BTCUSD# is too high: 2250 > 500
2026-08-01 22:49:24,647 - ict_bot - WARNING - Spread for GOLD# is too high: 131 > 30
2026-08-01 22:49:24,648 - ict_bot - WARNING - Spread for BTCUSD# is too high: 2250 > 500
2026-08-01 22:50:24,652 - ict_bot - WARNING - Spread for GOLD# is too high: 131 > 30
2026-08-01 22:50:24,653 - ict_bot - WARNING - Spread for BTCUSD# is too high: 2250 > 500
2026-08-01 22:51:24,656 - ict_bot - WARNING - Spread for GOLD# is too high: 131 > 30
2026-08-01 22:51:24,657 - ict_bot - WARNING - Spread for BTCUSD# is too high: 2250 > 500
2026-08-01 22:52:24,660 - ict_bot - WARNING - Spread for GOLD# is too high: 131 > 30
2026-08-01 22:52:24,661 - ict_bot - WARNING - Spread for BTCUSD# is too high: 2250 > 500
2026-08-01 22:53:24,664 - ict_bot - WARNING - Spread for GOLD# is too high: 131 > 30
2026-08-01 22:53:24,665 - ict_bot - WARNING - Spread for BTCUSD# is too high: 2250 > 500
2026-08-01 22:54:24,668 - ict_bot - WARNING - Spread for GOLD# is too high: 131 > 30
2026-08-01 22:54:24,670 - ict_bot - WARNING - Spread for BTCUSD# is too high: 2250 > 500
2026-08-01 22:55:24,673 - ict_bot - WARNING - Spread for GOLD# is too high: 131 > 30
2026-08-01 22:55:24,675 - ict_bot - WARNING - Spread for BTCUSD# is too high: 2250 > 500
2026-08-01 22:56:24,677 - ict_bot - WARNING - Spread for GOLD# is too high: 131 > 30
2026-08-01 22:56:24,679 - ict_bot - WARNING - Spread for BTCUSD# is too high: 2250 > 500
2026-08-01 22:57:24,681 - ict_bot - WARNING - Spread for GOLD# is too high: 131 > 30
2026-08-01 22:57:24,683 - ict_bot - WARNING - Spread for BTCUSD# is too high: 2250 > 500
2026-08-01 22:58:24,686 - ict_bot - WARNING - Spread for GOLD# is too high: 131 > 30
2026-08-01 22:58:24,687 - ict_bot - WARNING - Spread for BTCUSD# is too high: 2250 > 500
2026-08-01 22:59:24,691 - ict_bot - WARNING - Spread for GOLD# is too high: 131 > 30
2026-08-01 22:59:24,697 - ict_bot - WARNING - Spread for BTCUSD# is too high: 2250 > 500
2026-08-01 23:00:24,700 - ict_bot - WARNING - Spread for GOLD# is too high: 131 > 30
2026-08-01 23:00:24,702 - ict_bot - WARNING - Spread for BTCUSD# is too high: 2250 > 500
2026-08-01 23:01:24,709 - ict_bot - WARNING - Spread for GOLD# is too high: 131 > 30
2026-08-01 23:01:24,710 - ict_bot - WARNING - Spread for BTCUSD# is too high: 2250 > 500
2026-08-01 23:02:24,713 - ict_bot - WARNING - Spread for GOLD# is too high: 131 > 30
2026-08-01 23:02:24,715 - ict_bot - WARNING - Spread for BTCUSD# is too high: 2250 > 500
2026-08-01 23:03:24,718 - ict_bot - WARNING - Spread for GOLD# is too high: 131 > 30
2026-08-01 23:03:24,720 - ict_bot - WARNING - Spread for BTCUSD# is too high: 2250 > 500
2026-08-01 23:04:24,722 - ict_bot - WARNING - Spread for GOLD# is too high: 131 > 30
2026-08-01 23:04:24,724 - ict_bot - WARNING - Spread for BTCUSD# is too high: 2250 > 500
2026-08-01 23:05:24,732 - ict_bot - WARNING - Spread for GOLD# is too high: 131 > 30
2026-08-01 23:05:24,733 - ict_bot - WARNING - Spread for BTCUSD# is too high: 2250 > 500
2026-08-01 23:06:24,736 - ict_bot - WARNING - Spread for GOLD# is too high: 131 > 30
2026-08-01 23:06:24,738 - ict_bot - WARNING - Spread for BTCUSD# is too high: 2250 > 500
2026-08-01 23:07:24,741 - ict_bot - WARNING - Spread for GOLD# is too high: 131 > 30
2026-08-01 23:07:24,743 - ict_bot - WARNING - Spread for BTCUSD# is too high: 2250 > 500
2026-08-01 23:08:24,746 - ict_bot - WARNING - Spread for GOLD# is too high: 131 > 30
2026-08-01 23:08:24,748 - ict_bot - WARNING - Spread for BTCUSD# is too high: 2250 > 500
2026-08-01 23:09:24,750 - ict_bot - WARNING - Spread for GOLD# is too high: 131 > 30
2026-08-01 23:09:24,752 - ict_bot - WARNING - Spread for BTCUSD# is too high: 2250 > 500
2026-08-01 23:10:24,754 - ict_bot - WARNING - Spread for GOLD# is too high: 131 > 30
2026-08-01 23:10:24,755 - ict_bot - WARNING - Spread for BTCUSD# is too high: 2250 > 500
2026-08-01 23:11:24,758 - ict_bot - WARNING - Spread for GOLD# is too high: 131 > 30
2026-08-01 23:11:24,760 - ict_bot - WARNING - Spread for BTCUSD# is too high: 2250 > 500
2026-08-01 23:12:24,762 - ict_bot - WARNING - Spread for GOLD# is too high: 131 > 30
2026-08-01 23:12:24,764 - ict_bot - WARNING - Spread for BTCUSD# is too high: 2250 > 500
2026-08-01 23:13:24,768 - ict_bot - WARNING - Spread for GOLD# is too high: 131 > 30
2026-08-01 23:13:24,769 - ict_bot - WARNING - Spread for BTCUSD# is too high: 2250 > 500
2026-08-01 23:14:24,773 - ict_bot - WARNING - Spread for GOLD# is too high: 131 > 30
2026-08-01 23:14:24,774 - ict_bot - WARNING - Spread for BTCUSD# is too high: 2250 > 500
2026-08-01 23:15:24,778 - ict_bot - WARNING - Spread for GOLD# is too high: 131 > 30
2026-08-01 23:15:24,779 - ict_bot - WARNING - Spread for BTCUSD# is too high: 2250 > 500
2026-08-01 23:16:24,783 - ict_bot - WARNING - Spread for GOLD# is too high: 131 > 30
2026-08-01 23:16:24,784 - ict_bot - WARNING - Spread for BTCUSD# is too high: 2250 > 500
2026-08-01 23:17:24,787 - ict_bot - WARNING - Spread for GOLD# is too high: 131 > 30
2026-08-01 23:17:24,789 - ict_bot - WARNING - Spread for BTCUSD# is too high: 2250 > 500
2026-08-01 23:18:24,792 - ict_bot - WARNING - Spread for GOLD# is too high: 131 > 30
2026-08-01 23:18:24,794 - ict_bot - WARNING - Spread for BTCUSD# is too high: 2250 > 500
2026-08-01 23:19:24,797 - ict_bot - WARNING - Spread for GOLD# is too high: 131 > 30
2026-08-01 23:19:24,799 - ict_bot - WARNING - Spread for BTCUSD# is too high: 2250 > 500
2026-08-01 23:20:24,802 - ict_bot - WARNING - Spread for GOLD# is too high: 131 > 30
2026-08-01 23:20:24,804 - ict_bot - WARNING - Spread for BTCUSD# is too high: 2250 > 500
2026-08-01 23:21:24,807 - ict_bot - WARNING - Spread for GOLD# is too high: 131 > 30
2026-08-01 23:21:24,808 - ict_bot - WARNING - Spread for BTCUSD# is too high: 2250 > 500
2026-08-01 23:22:24,811 - ict_bot - WARNING - Spread for GOLD# is too high: 131 > 30
2026-08-01 23:22:24,812 - ict_bot - WARNING - Spread for BTCUSD# is too high: 2250 > 500
2026-08-01 23:23:24,816 - ict_bot - WARNING - Spread for GOLD# is too high: 131 > 30
2026-08-01 23:23:24,817 - ict_bot - WARNING - Spread for BTCUSD# is too high: 2250 > 500
2026-08-01 23:24:24,820 - ict_bot - WARNING - Spread for GOLD# is too high: 131 > 30
2026-08-01 23:24:24,822 - ict_bot - WARNING - Spread for BTCUSD# is too high: 2250 > 500
2026-08-01 23:25:24,824 - ict_bot - WARNING - Spread for GOLD# is too high: 131 > 30
2026-08-01 23:25:24,826 - ict_bot - WARNING - Spread for BTCUSD# is too high: 2250 > 500
2026-08-01 23:26:24,828 - ict_bot - WARNING - Spread for GOLD# is too high: 131 > 30
2026-08-01 23:26:24,830 - ict_bot - WARNING - Spread for BTCUSD# is too high: 2250 > 500
2026-08-01 23:27:24,832 - ict_bot - WARNING - Spread for GOLD# is too high: 131 > 30
2026-08-01 23:27:24,834 - ict_bot - WARNING - Spread for BTCUSD# is too high: 2250 > 500
2026-08-01 23:28:24,837 - ict_bot - WARNING - Spread for GOLD# is too high: 131 > 30
2026-08-01 23:28:24,838 - ict_bot - WARNING - Spread for BTCUSD# is too high: 2250 > 500
2026-08-01 23:29:24,840 - ict_bot - WARNING - Spread for GOLD# is too high: 131 > 30
2026-08-01 23:29:24,842 - ict_bot - WARNING - Spread for BTCUSD# is too high: 2250 > 500
2026-08-01 23:30:24,844 - ict_bot - WARNING - Spread for GOLD# is too high: 131 > 30
2026-08-01 23:30:24,846 - ict_bot - WARNING - Spread for BTCUSD# is too high: 2250 > 500
2026-08-01 23:31:24,849 - ict_bot - WARNING - Spread for GOLD# is too high: 131 > 30
2026-08-01 23:31:24,851 - ict_bot - WARNING - Spread for BTCUSD# is too high: 2250 > 500
2026-08-01 23:32:24,855 - ict_bot - WARNING - Spread for GOLD# is too high: 131 > 30
2026-08-01 23:32:24,857 - ict_bot - WARNING - Spread for BTCUSD# is too high: 2250 > 500
2026-08-01 23:33:24,860 - ict_bot - WARNING - Spread for GOLD# is too high: 131 > 30
2026-08-01 23:33:24,861 - ict_bot - WARNING - Spread for BTCUSD# is too high: 2250 > 500
2026-08-01 23:34:24,865 - ict_bot - WARNING - Spread for GOLD# is too high: 131 > 30
2026-08-01 23:34:24,867 - ict_bot - WARNING - Spread for BTCUSD# is too high: 2250 > 500
2026-08-01 23:35:24,870 - ict_bot - WARNING - Spread for GOLD# is too high: 131 > 30
2026-08-01 23:35:24,872 - ict_bot - WARNING - Spread for BTCUSD# is too high: 2250 > 500
2026-08-01 23:36:24,876 - ict_bot - WARNING - Spread for GOLD# is too high: 131 > 30
2026-08-01 23:36:24,878 - ict_bot - WARNING - Spread for BTCUSD# is too high: 2250 > 500
2026-08-01 23:37:24,882 - ict_bot - WARNING - Spread for GOLD# is too high: 131 > 30
2026-08-01 23:37:24,883 - ict_bot - WARNING - Spread for BTCUSD# is too high: 2250 > 500
2026-08-01 23:38:24,887 - ict_bot - WARNING - Spread for GOLD# is too high: 131 > 30
2026-08-01 23:38:24,888 - ict_bot - WARNING - Spread for BTCUSD# is too high: 2250 > 500
2026-08-01 23:39:24,892 - ict_bot - WARNING - Spread for GOLD# is too high: 131 > 30
2026-08-01 23:39:24,893 - ict_bot - WARNING - Spread for BTCUSD# is too high: 2250 > 500
2026-08-01 23:40:24,897 - ict_bot - WARNING - Spread for GOLD# is too high: 131 > 30
2026-08-01 23:40:24,899 - ict_bot - WARNING - Spread for BTCUSD# is too high: 2250 > 500
2026-08-01 23:41:24,902 - ict_bot - WARNING - Spread for GOLD# is too high: 131 > 30
2026-08-01 23:41:24,903 - ict_bot - WARNING - Spread for BTCUSD# is too high: 2250 > 500
2026-08-01 23:42:24,906 - ict_bot - WARNING - Spread for GOLD# is too high: 131 > 30
2026-08-01 23:42:24,908 - ict_bot - WARNING - Spread for BTCUSD# is too high: 2250 > 500
2026-08-01 23:43:24,912 - ict_bot - WARNING - Spread for GOLD# is too high: 131 > 30
2026-08-01 23:43:24,913 - ict_bot - WARNING - Spread for BTCUSD# is too high: 2250 > 500
2026-08-01 23:44:24,917 - ict_bot - WARNING - Spread for GOLD# is too high: 131 > 30
2026-08-01 23:44:24,918 - ict_bot - WARNING - Spread for BTCUSD# is too high: 2250 > 500
2026-08-01 23:45:24,921 - ict_bot - WARNING - Spread for GOLD# is too high: 131 > 30
2026-08-01 23:45:24,923 - ict_bot - WARNING - Spread for BTCUSD# is too high: 2250 > 500
2026-08-01 23:46:24,925 - ict_bot - WARNING - Spread for GOLD# is too high: 131 > 30
2026-08-01 23:46:24,927 - ict_bot - WARNING - Spread for BTCUSD# is too high: 2250 > 500
2026-08-01 23:47:24,930 - ict_bot - WARNING - Spread for GOLD# is too high: 131 > 30
2026-08-01 23:47:24,932 - ict_bot - WARNING - Spread for BTCUSD# is too high: 2250 > 500
2026-08-01 23:48:24,935 - ict_bot - WARNING - Spread for GOLD# is too high: 131 > 30
2026-08-01 23:48:24,936 - ict_bot - WARNING - Spread for BTCUSD# is too high: 2250 > 500
2026-08-01 23:49:24,939 - ict_bot - WARNING - Spread for GOLD# is too high: 131 > 30
2026-08-01 23:49:24,941 - ict_bot - WARNING - Spread for BTCUSD# is too high: 2250 > 500
2026-08-01 23:50:24,943 - ict_bot - WARNING - Spread for GOLD# is too high: 131 > 30
2026-08-01 23:50:24,945 - ict_bot - WARNING - Spread for BTCUSD# is too high: 2250 > 500
2026-08-01 23:51:24,948 - ict_bot - WARNING - Spread for GOLD# is too high: 131 > 30
2026-08-01 23:51:24,949 - ict_bot - WARNING - Spread for BTCUSD# is too high: 2250 > 500
2026-08-01 23:52:24,952 - ict_bot - WARNING - Spread for GOLD# is too high: 131 > 30
2026-08-01 23:52:24,953 - ict_bot - WARNING - Spread for BTCUSD# is too high: 2250 > 500
2026-08-01 23:53:24,956 - ict_bot - WARNING - Spread for GOLD# is too high: 131 > 30
2026-08-01 23:53:24,958 - ict_bot - WARNING - Spread for BTCUSD# is too high: 2250 > 500
2026-08-01 23:54:24,960 - ict_bot - WARNING - Spread for GOLD# is too high: 131 > 30
2026-08-01 23:54:24,962 - ict_bot - WARNING - Spread for BTCUSD# is too high: 2250 > 500
2026-08-01 23:55:24,965 - ict_bot - WARNING - Spread for GOLD# is too high: 131 > 30
2026-08-01 23:55:24,966 - ict_bot - WARNING - Spread for BTCUSD# is too high: 2250 > 500
2026-08-01 23:56:24,970 - ict_bot - WARNING - Spread for GOLD# is too high: 131 > 30
2026-08-01 23:56:24,971 - ict_bot - WARNING - Spread for BTCUSD# is too high: 2250 > 500
2026-08-01 23:57:24,974 - ict_bot - WARNING - Spread for GOLD# is too high: 131 > 30
2026-08-01 23:57:24,976 - ict_bot - WARNING - Spread for BTCUSD# is too high: 2250 > 500
2026-08-01 23:58:24,978 - ict_bot - WARNING - Spread for GOLD# is too high: 131 > 30
2026-08-01 23:58:24,980 - ict_bot - WARNING - Spread for BTCUSD# is too high: 2250 > 500
2026-08-01 23:59:24,983 - ict_bot - WARNING - Spread for GOLD# is too high: 131 > 30
2026-08-01 23:59:24,985 - ict_bot - WARNING - Spread for BTCUSD# is too high: 2250 > 500
2026-08-02 00:00:24,995 - ict_bot - INFO - Heartbeat: Bot running smoothly.
2026-08-02 00:00:26,550 - ict_bot - INFO - New day started, resetting trade counters.
2026-08-02 00:00:26,554 - ict_bot - INFO - Starting AI Analysis on recent losing trades...
2026-08-02 00:00:28,432 - ict_bot - INFO - Not enough losing trades to perform AI analysis.
2026-08-02 00:00:28,434 - ict_bot - WARNING - Spread for GOLD# is too high: 131 > 30
2026-08-02 00:00:28,435 - ict_bot - WARNING - Spread for BTCUSD# is too high: 2250 > 500
2026-08-02 00:01:28,438 - ict_bot - WARNING - Spread for GOLD# is too high: 131 > 30
2026-08-02 00:01:28,439 - ict_bot - WARNING - Spread for BTCUSD# is too high: 2250 > 500
2026-08-02 00:02:28,442 - ict_bot - WARNING - Spread for GOLD# is too high: 131 > 30
2026-08-02 00:02:28,444 - ict_bot - WARNING - Spread for BTCUSD# is too high: 2250 > 500
2026-08-02 00:03:28,446 - ict_bot - WARNING - Spread for GOLD# is too high: 131 > 30
2026-08-02 00:03:28,448 - ict_bot - WARNING - Spread for BTCUSD# is too high: 2250 > 500
2026-08-02 00:04:28,450 - ict_bot - WARNING - Spread for GOLD# is too high: 131 > 30
2026-08-02 00:04:28,452 - ict_bot - WARNING - Spread for BTCUSD# is too high: 2250 > 500
2026-08-02 00:05:28,455 - ict_bot - WARNING - Spread for GOLD# is too high: 131 > 30
2026-08-02 00:05:28,457 - ict_bot - WARNING - Spread for BTCUSD# is too high: 2250 > 500
2026-08-02 00:06:28,460 - ict_bot - WARNING - Spread for GOLD# is too high: 131 > 30
2026-08-02 00:06:28,462 - ict_bot - WARNING - Spread for BTCUSD# is too high: 2250 > 500
2026-08-02 00:07:28,464 - ict_bot - WARNING - Spread for GOLD# is too high: 131 > 30
2026-08-02 00:07:28,466 - ict_bot - WARNING - Spread for BTCUSD# is too high: 2250 > 500
2026-08-02 00:08:28,468 - ict_bot - WARNING - Spread for GOLD# is too high: 131 > 30
2026-08-02 00:08:28,470 - ict_bot - WARNING - Spread for BTCUSD# is too high: 2250 > 500
2026-08-02 00:09:28,473 - ict_bot - WARNING - Spread for GOLD# is too high: 131 > 30
2026-08-02 00:09:28,474 - ict_bot - WARNING - Spread for BTCUSD# is too high: 2250 > 500
2026-08-02 00:10:28,478 - ict_bot - WARNING - Spread for GOLD# is too high: 131 > 30
2026-08-02 00:10:28,479 - ict_bot - WARNING - Spread for BTCUSD# is too high: 2250 > 500
2026-08-02 00:11:28,482 - ict_bot - WARNING - Spread for GOLD# is too high: 131 > 30
2026-08-02 00:11:28,483 - ict_bot - WARNING - Spread for BTCUSD# is too high: 2250 > 500
2026-08-02 00:12:28,486 - ict_bot - WARNING - Spread for GOLD# is too high: 131 > 30
2026-08-02 00:12:28,489 - ict_bot - WARNING - Spread for BTCUSD# is too high: 2250 > 500
2026-08-02 00:13:28,491 - ict_bot - WARNING - Spread for GOLD# is too high: 131 > 30
2026-08-02 00:13:28,493 - ict_bot - WARNING - Spread for BTCUSD# is too high: 2250 > 500
2026-08-02 00:14:28,496 - ict_bot - WARNING - Spread for GOLD# is too high: 131 > 30
2026-08-02 00:14:28,498 - ict_bot - WARNING - Spread for BTCUSD# is too high: 2250 > 500
2026-08-02 00:15:28,501 - ict_bot - WARNING - Spread for GOLD# is too high: 131 > 30
2026-08-02 00:15:28,503 - ict_bot - WARNING - Spread for BTCUSD# is too high: 2250 > 500
2026-08-02 00:16:28,507 - ict_bot - WARNING - Spread for GOLD# is too high: 131 > 30
2026-08-02 00:16:28,508 - ict_bot - WARNING - Spread for BTCUSD# is too high: 2250 > 500
2026-08-02 00:17:28,512 - ict_bot - WARNING - Spread for GOLD# is too high: 131 > 30
2026-08-02 00:17:28,513 - ict_bot - WARNING - Spread for BTCUSD# is too high: 2250 > 500
2026-08-02 00:18:28,516 - ict_bot - WARNING - Spread for GOLD# is too high: 131 > 30
2026-08-02 00:18:28,517 - ict_bot - WARNING - Spread for BTCUSD# is too high: 2250 > 500
2026-08-02 00:19:28,520 - ict_bot - WARNING - Spread for GOLD# is too high: 131 > 30
2026-08-02 00:19:28,522 - ict_bot - WARNING - Spread for BTCUSD# is too high: 2250 > 500
2026-08-02 00:20:28,525 - ict_bot - WARNING - Spread for GOLD# is too high: 131 > 30
2026-08-02 00:20:28,526 - ict_bot - WARNING - Spread for BTCUSD# is too high: 2250 > 500
2026-08-02 00:21:28,529 - ict_bot - WARNING - Spread for GOLD# is too high: 131 > 30
2026-08-02 00:21:28,530 - ict_bot - WARNING - Spread for BTCUSD# is too high: 2250 > 500
2026-08-02 00:22:28,533 - ict_bot - WARNING - Spread for GOLD# is too high: 131 > 30
2026-08-02 00:22:28,536 - ict_bot - WARNING - Spread for BTCUSD# is too high: 2250 > 500
2026-08-02 00:23:28,538 - ict_bot - WARNING - Spread for GOLD# is too high: 131 > 30
2026-08-02 00:23:28,540 - ict_bot - WARNING - Spread for BTCUSD# is too high: 2250 > 500
2026-08-02 00:24:28,543 - ict_bot - WARNING - Spread for GOLD# is too high: 131 > 30
2026-08-02 00:24:28,544 - ict_bot - WARNING - Spread for BTCUSD# is too high: 2250 > 500
2026-08-02 00:25:28,547 - ict_bot - WARNING - Spread for GOLD# is too high: 131 > 30
2026-08-02 00:25:28,549 - ict_bot - WARNING - Spread for BTCUSD# is too high: 2250 > 500
2026-08-02 00:26:28,552 - ict_bot - WARNING - Spread for GOLD# is too high: 131 > 30
2026-08-02 00:26:28,553 - ict_bot - WARNING - Spread for BTCUSD# is too high: 2250 > 500
2026-08-02 00:27:28,555 - ict_bot - WARNING - Spread for GOLD# is too high: 131 > 30
2026-08-02 00:27:28,557 - ict_bot - WARNING - Spread for BTCUSD# is too high: 2250 > 500
2026-08-02 00:28:28,560 - ict_bot - WARNING - Spread for GOLD# is too high: 131 > 30
2026-08-02 00:28:28,561 - ict_bot - WARNING - Spread for BTCUSD# is too high: 2250 > 500
2026-08-02 00:38:19,176 - ict_bot - INFO - Initializing Institutional ICT Trading Bot...
2026-08-02 00:38:19,193 - ict_bot - INFO - Auto-launching XM MT5 Terminal: C:\Program Files\XM Global MT5\terminal64.exe
2026-08-02 00:38:27,328 - ict_bot - INFO - Connected to MT5 Server: XMGlobal-MT5 5 (Account: 108130219)
2026-08-02 00:38:29,841 - ict_bot - INFO - Heartbeat: Bot running smoothly.
2026-08-02 00:38:31,009 - ict_bot - WARNING - Spread for GOLD# is too high: 131 > 30
2026-08-02 00:38:31,010 - ict_bot - WARNING - Spread for BTCUSD# is too high: 2250 > 500
2026-08-02 00:38:41,013 - ict_bot - WARNING - Spread for GOLD# is too high: 131 > 30
2026-08-02 00:38:41,015 - ict_bot - WARNING - Spread for BTCUSD# is too high: 2250 > 500
2026-08-02 00:38:51,019 - ict_bot - WARNING - Spread for GOLD# is too high: 131 > 30
2026-08-02 00:38:51,021 - ict_bot - WARNING - Spread for BTCUSD# is too high: 2250 > 500
2026-08-02 00:39:01,024 - ict_bot - WARNING - Spread for GOLD# is too high: 131 > 30
2026-08-02 00:39:01,025 - ict_bot - WARNING - Spread for BTCUSD# is too high: 2250 > 500
2026-08-02 00:39:11,029 - ict_bot - WARNING - Spread for GOLD# is too high: 131 > 30
2026-08-02 00:39:11,030 - ict_bot - WARNING - Spread for BTCUSD# is too high: 2250 > 500
2026-08-02 00:39:21,032 - ict_bot - WARNING - Spread for GOLD# is too high: 131 > 30
2026-08-02 00:39:21,034 - ict_bot - WARNING - Spread for BTCUSD# is too high: 2250 > 500
2026-08-02 00:39:31,036 - ict_bot - WARNING - Spread for GOLD# is too high: 131 > 30
2026-08-02 00:39:31,038 - ict_bot - WARNING - Spread for BTCUSD# is too high: 2250 > 500
2026-08-02 00:39:41,041 - ict_bot - WARNING - Spread for GOLD# is too high: 131 > 30
2026-08-02 00:39:41,042 - ict_bot - WARNING - Spread for BTCUSD# is too high: 2250 > 500
2026-08-02 00:39:51,045 - ict_bot - WARNING - Spread for GOLD# is too high: 131 > 30
2026-08-02 00:39:51,046 - ict_bot - WARNING - Spread for BTCUSD# is too high: 2250 > 500
2026-08-02 00:40:01,050 - ict_bot - WARNING - Spread for GOLD# is too high: 131 > 30
2026-08-02 00:40:01,051 - ict_bot - WARNING - Spread for BTCUSD# is too high: 2250 > 500
2026-08-02 00:40:11,054 - ict_bot - WARNING - Spread for GOLD# is too high: 131 > 30
2026-08-02 00:40:11,055 - ict_bot - WARNING - Spread for BTCUSD# is too high: 2250 > 500
2026-08-02 00:40:21,058 - ict_bot - WARNING - Spread for GOLD# is too high: 131 > 30
2026-08-02 00:40:21,059 - ict_bot - WARNING - Spread for BTCUSD# is too high: 2250 > 500
2026-08-02 00:40:31,061 - ict_bot - WARNING - Spread for GOLD# is too high: 131 > 30
2026-08-02 00:40:31,062 - ict_bot - WARNING - Spread for BTCUSD# is too high: 2250 > 500
2026-08-02 00:40:41,065 - ict_bot - WARNING - Spread for GOLD# is too high: 131 > 30
2026-08-02 00:40:41,066 - ict_bot - WARNING - Spread for BTCUSD# is too high: 2250 > 500
2026-08-02 00:40:51,068 - ict_bot - WARNING - Spread for GOLD# is too high: 131 > 30
2026-08-02 00:40:51,069 - ict_bot - WARNING - Spread for BTCUSD# is too high: 2250 > 500
2026-08-02 00:41:01,071 - ict_bot - WARNING - Spread for GOLD# is too high: 131 > 30
2026-08-02 00:41:01,072 - ict_bot - WARNING - Spread for BTCUSD# is too high: 2250 > 500
2026-08-02 00:41:11,075 - ict_bot - WARNING - Spread for GOLD# is too high: 131 > 30
2026-08-02 00:41:11,076 - ict_bot - WARNING - Spread for BTCUSD# is too high: 2250 > 500
2026-08-02 00:41:21,078 - ict_bot - WARNING - Spread for GOLD# is too high: 131 > 30
2026-08-02 00:41:21,080 - ict_bot - WARNING - Spread for BTCUSD# is too high: 2250 > 500
2026-08-02 00:41:31,083 - ict_bot - WARNING - Spread for GOLD# is too high: 131 > 30
2026-08-02 00:41:31,084 - ict_bot - WARNING - Spread for BTCUSD# is too high: 2250 > 500
2026-08-02 00:41:41,086 - ict_bot - WARNING - Spread for GOLD# is too high: 131 > 30
2026-08-02 00:41:41,087 - ict_bot - WARNING - Spread for BTCUSD# is too high: 2250 > 500
2026-08-02 00:41:51,090 - ict_bot - WARNING - Spread for GOLD# is too high: 131 > 30
2026-08-02 00:41:51,091 - ict_bot - WARNING - Spread for BTCUSD# is too high: 2250 > 500
2026-08-02 00:42:01,094 - ict_bot - WARNING - Spread for GOLD# is too high: 131 > 30
2026-08-02 00:42:01,095 - ict_bot - WARNING - Spread for BTCUSD# is too high: 2250 > 500
2026-08-02 00:42:11,098 - ict_bot - WARNING - Spread for GOLD# is too high: 131 > 30
2026-08-02 00:42:11,100 - ict_bot - WARNING - Spread for BTCUSD# is too high: 2250 > 500
2026-08-02 00:42:21,102 - ict_bot - WARNING - Spread for GOLD# is too high: 131 > 30
2026-08-02 00:42:21,103 - ict_bot - WARNING - Spread for BTCUSD# is too high: 2250 > 500
2026-08-02 00:42:31,107 - ict_bot - WARNING - Spread for GOLD# is too high: 131 > 30
2026-08-02 00:42:31,108 - ict_bot - WARNING - Spread for BTCUSD# is too high: 2250 > 500
2026-08-02 00:42:41,112 - ict_bot - WARNING - Spread for GOLD# is too high: 131 > 30
2026-08-02 00:42:41,114 - ict_bot - WARNING - Spread for BTCUSD# is too high: 2250 > 500
2026-08-02 00:42:51,132 - ict_bot - WARNING - Spread for GOLD# is too high: 131 > 30
2026-08-02 00:42:51,141 - ict_bot - WARNING - Spread for BTCUSD# is too high: 2250 > 500
2026-08-02 00:43:01,151 - ict_bot - WARNING - Spread for GOLD# is too high: 131 > 30
2026-08-02 00:43:01,152 - ict_bot - WARNING - Spread for BTCUSD# is too high: 2250 > 500
2026-08-02 00:43:11,155 - ict_bot - WARNING - Spread for GOLD# is too high: 131 > 30
2026-08-02 00:43:11,156 - ict_bot - WARNING - Spread for BTCUSD# is too high: 2250 > 500
2026-08-02 00:43:21,160 - ict_bot - WARNING - Spread for GOLD# is too high: 131 > 30
2026-08-02 00:43:21,162 - ict_bot - WARNING - Spread for BTCUSD# is too high: 2250 > 500
2026-08-02 00:43:31,164 - ict_bot - WARNING - Spread for GOLD# is too high: 131 > 30
2026-08-02 00:43:31,165 - ict_bot - WARNING - Spread for BTCUSD# is too high: 2250 > 500
2026-08-02 00:43:41,168 - ict_bot - WARNING - Spread for GOLD# is too high: 131 > 30
2026-08-02 00:43:41,169 - ict_bot - WARNING - Spread for BTCUSD# is too high: 2250 > 500
2026-08-02 00:43:51,172 - ict_bot - WARNING - Spread for GOLD# is too high: 131 > 30
2026-08-02 00:43:51,173 - ict_bot - WARNING - Spread for BTCUSD# is too high: 2250 > 500
2026-08-02 00:44:01,176 - ict_bot - WARNING - Spread for GOLD# is too high: 131 > 30
2026-08-02 00:44:01,178 - ict_bot - WARNING - Spread for BTCUSD# is too high: 2250 > 500
2026-08-02 00:44:08,380 - ict_bot - INFO - Auto-launching XM MT5 Terminal: C:\Program Files\XM Global MT5\terminal64.exe
2026-08-02 00:44:08,399 - ict_bot - INFO - Connected to MT5 Server: XMGlobal-MT5 5 (Account: 108130219)
2026-08-02 00:44:11,181 - ict_bot - WARNING - Spread for GOLD# is too high: 131 > 30
2026-08-02 00:44:11,182 - ict_bot - WARNING - Spread for BTCUSD# is too high: 2250 > 500
2026-08-02 00:44:21,184 - ict_bot - WARNING - Spread for GOLD# is too high: 131 > 30
2026-08-02 00:44:21,185 - ict_bot - WARNING - Spread for BTCUSD# is too high: 2250 > 500
2026-08-02 00:44:31,188 - ict_bot - WARNING - Spread for GOLD# is too high: 131 > 30
2026-08-02 00:44:31,189 - ict_bot - WARNING - Spread for BTCUSD# is too high: 2250 > 500
2026-08-02 00:44:41,191 - ict_bot - WARNING - Spread for GOLD# is too high: 131 > 30
2026-08-02 00:44:41,193 - ict_bot - WARNING - Spread for BTCUSD# is too high: 2250 > 500
2026-08-02 00:44:44,766 - ict_bot - INFO - MT5 connection closed.
2026-08-02 00:44:51,195 - ict_bot - WARNING - Spread for GOLD# is too high: 131 > 30
2026-08-02 00:44:51,196 - ict_bot - WARNING - Spread for BTCUSD# is too high: 2250 > 500
2026-08-02 00:45:01,199 - ict_bot - WARNING - Spread for GOLD# is too high: 131 > 30
2026-08-02 00:45:01,201 - ict_bot - WARNING - Spread for BTCUSD# is too high: 2250 > 500
2026-08-02 00:45:11,203 - ict_bot - WARNING - Spread for GOLD# is too high: 131 > 30
2026-08-02 00:45:11,204 - ict_bot - WARNING - Spread for BTCUSD# is too high: 2250 > 500
2026-08-02 00:45:21,207 - ict_bot - WARNING - Spread for GOLD# is too high: 131 > 30
2026-08-02 00:45:21,208 - ict_bot - WARNING - Spread for BTCUSD# is too high: 2250 > 500
2026-08-02 00:45:31,211 - ict_bot - WARNING - Spread for GOLD# is too high: 131 > 30
2026-08-02 00:45:31,212 - ict_bot - WARNING - Spread for BTCUSD# is too high: 2250 > 500
2026-08-02 00:45:41,214 - ict_bot - WARNING - Spread for GOLD# is too high: 131 > 30
2026-08-02 00:45:41,216 - ict_bot - WARNING - Spread for BTCUSD# is too high: 2250 > 500
2026-08-02 00:45:51,218 - ict_bot - WARNING - Spread for GOLD# is too high: 131 > 30
2026-08-02 00:45:51,219 - ict_bot - WARNING - Spread for BTCUSD# is too high: 2250 > 500
2026-08-02 00:46:01,222 - ict_bot - WARNING - Spread for GOLD# is too high: 131 > 30
2026-08-02 00:46:01,223 - ict_bot - WARNING - Spread for BTCUSD# is too high: 2250 > 500
2026-08-02 00:46:11,226 - ict_bot - WARNING - Spread for GOLD# is too high: 131 > 30
2026-08-02 00:46:11,227 - ict_bot - WARNING - Spread for BTCUSD# is too high: 2250 > 500
2026-08-02 00:46:21,229 - ict_bot - WARNING - Spread for GOLD# is too high: 131 > 30
2026-08-02 00:46:21,230 - ict_bot - WARNING - Spread for BTCUSD# is too high: 2250 > 500
2026-08-02 00:46:31,232 - ict_bot - WARNING - Spread for GOLD# is too high: 131 > 30
2026-08-02 00:46:31,233 - ict_bot - WARNING - Spread for BTCUSD# is too high: 2250 > 500
2026-08-02 00:46:31,385 - ict_bot - INFO - Auto-launching XM MT5 Terminal: C:\Program Files\XM Global MT5\terminal64.exe
2026-08-02 00:46:31,389 - ict_bot - INFO - Connected to MT5 Server: XMGlobal-MT5 5 (Account: 108130219)
2026-08-02 00:46:41,236 - ict_bot - WARNING - Spread for GOLD# is too high: 131 > 30
2026-08-02 00:46:41,237 - ict_bot - WARNING - Spread for BTCUSD# is too high: 2250 > 500
2026-08-02 00:46:51,240 - ict_bot - WARNING - Spread for GOLD# is too high: 131 > 30
2026-08-02 00:46:51,241 - ict_bot - WARNING - Spread for BTCUSD# is too high: 2250 > 500
2026-08-02 00:47:01,243 - ict_bot - WARNING - Spread for GOLD# is too high: 131 > 30
2026-08-02 00:47:01,244 - ict_bot - WARNING - Spread for BTCUSD# is too high: 2250 > 500
2026-08-02 00:47:11,246 - ict_bot - WARNING - Spread for GOLD# is too high: 131 > 30
2026-08-02 00:47:11,248 - ict_bot - WARNING - Spread for BTCUSD# is too high: 2250 > 500
2026-08-02 00:47:14,228 - ict_bot - INFO - MT5 connection closed.
2026-08-02 00:47:21,251 - ict_bot - WARNING - Spread for GOLD# is too high: 131 > 30
2026-08-02 00:47:21,252 - ict_bot - WARNING - Spread for BTCUSD# is too high: 2250 > 500
2026-08-02 00:47:30,608 - ict_bot - INFO - Auto-launching XM MT5 Terminal: C:\Program Files\XM Global MT5\terminal64.exe
2026-08-02 00:47:30,612 - ict_bot - INFO - Connected to MT5 Server: XMGlobal-MT5 5 (Account: 108130219)
2026-08-02 00:47:31,254 - ict_bot - WARNING - Spread for GOLD# is too high: 131 > 30
2026-08-02 00:47:31,255 - ict_bot - WARNING - Spread for BTCUSD# is too high: 2250 > 500
2026-08-02 00:47:41,258 - ict_bot - WARNING - Spread for GOLD# is too high: 131 > 30
2026-08-02 00:47:41,259 - ict_bot - WARNING - Spread for BTCUSD# is too high: 2250 > 500
2026-08-02 00:47:51,261 - ict_bot - WARNING - Spread for GOLD# is too high: 131 > 30
2026-08-02 00:47:51,262 - ict_bot - WARNING - Spread for BTCUSD# is too high: 2250 > 500
2026-08-02 00:48:01,265 - ict_bot - WARNING - Spread for GOLD# is too high: 131 > 30
2026-08-02 00:48:01,267 - ict_bot - WARNING - Spread for BTCUSD# is too high: 2250 > 500
2026-08-02 00:48:02,680 - ict_bot - INFO - MT5 connection closed.
2026-08-02 00:48:11,270 - ict_bot - WARNING - Spread for GOLD# is too high: 131 > 30
2026-08-02 00:48:11,272 - ict_bot - WARNING - Spread for BTCUSD# is too high: 2250 > 500
2026-08-02 00:48:21,274 - ict_bot - WARNING - Spread for GOLD# is too high: 131 > 30
2026-08-02 00:48:21,275 - ict_bot - WARNING - Spread for BTCUSD# is too high: 2250 > 500
2026-08-02 00:48:31,277 - ict_bot - WARNING - Spread for GOLD# is too high: 131 > 30
2026-08-02 00:48:31,278 - ict_bot - WARNING - Spread for BTCUSD# is too high: 2250 > 500
2026-08-02 00:48:41,281 - ict_bot - WARNING - Spread for GOLD# is too high: 131 > 30
2026-08-02 00:48:41,282 - ict_bot - WARNING - Spread for BTCUSD# is too high: 2250 > 500
2026-08-02 00:48:51,284 - ict_bot - WARNING - Spread for GOLD# is too high: 131 > 30
2026-08-02 00:48:51,285 - ict_bot - WARNING - Spread for BTCUSD# is too high: 2250 > 500
2026-08-02 00:49:01,288 - ict_bot - WARNING - Spread for GOLD# is too high: 131 > 30
2026-08-02 00:49:01,289 - ict_bot - WARNING - Spread for BTCUSD# is too high: 2250 > 500
2026-08-02 00:49:11,292 - ict_bot - WARNING - Spread for GOLD# is too high: 131 > 30
2026-08-02 00:49:11,293 - ict_bot - WARNING - Spread for BTCUSD# is too high: 2250 > 500
2026-08-02 00:49:21,295 - ict_bot - WARNING - Spread for GOLD# is too high: 131 > 30
2026-08-02 00:49:21,297 - ict_bot - WARNING - Spread for BTCUSD# is too high: 2250 > 500
2026-08-02 00:49:31,299 - ict_bot - WARNING - Spread for GOLD# is too high: 131 > 30
2026-08-02 00:49:31,300 - ict_bot - WARNING - Spread for BTCUSD# is too high: 2250 > 500
2026-08-02 00:49:41,303 - ict_bot - WARNING - Spread for GOLD# is too high: 131 > 30
2026-08-02 00:49:41,304 - ict_bot - WARNING - Spread for BTCUSD# is too high: 2250 > 500
2026-08-02 00:49:51,306 - ict_bot - WARNING - Spread for GOLD# is too high: 131 > 30
2026-08-02 00:49:51,308 - ict_bot - WARNING - Spread for BTCUSD# is too high: 2250 > 500
2026-08-02 00:50:01,310 - ict_bot - WARNING - Spread for GOLD# is too high: 131 > 30
2026-08-02 00:50:01,311 - ict_bot - WARNING - Spread for BTCUSD# is too high: 2250 > 500
2026-08-02 00:50:11,314 - ict_bot - WARNING - Spread for GOLD# is too high: 131 > 30
2026-08-02 00:50:11,315 - ict_bot - WARNING - Spread for BTCUSD# is too high: 2250 > 500
2026-08-02 00:50:21,318 - ict_bot - WARNING - Spread for GOLD# is too high: 131 > 30
2026-08-02 00:50:21,320 - ict_bot - WARNING - Spread for BTCUSD# is too high: 2250 > 500
2026-08-02 00:50:31,325 - ict_bot - WARNING - Spread for GOLD# is too high: 131 > 30
2026-08-02 00:50:31,326 - ict_bot - WARNING - Spread for BTCUSD# is too high: 2250 > 500
2026-08-02 00:50:41,329 - ict_bot - WARNING - Spread for GOLD# is too high: 131 > 30
2026-08-02 00:50:41,330 - ict_bot - WARNING - Spread for BTCUSD# is too high: 2250 > 500
2026-08-02 00:50:51,333 - ict_bot - WARNING - Spread for GOLD# is too high: 131 > 30
2026-08-02 00:50:51,335 - ict_bot - WARNING - Spread for BTCUSD# is too high: 2250 > 500
2026-08-02 00:51:01,338 - ict_bot - WARNING - Spread for GOLD# is too high: 131 > 30
2026-08-02 00:51:01,339 - ict_bot - WARNING - Spread for BTCUSD# is too high: 2250 > 500
2026-08-02 00:51:07,941 - ict_bot - INFO - Auto-launching XM MT5 Terminal: C:\Program Files\XM Global MT5\terminal64.exe
2026-08-02 00:51:07,944 - ict_bot - INFO - Connected to MT5 Server: XMGlobal-MT5 5 (Account: 108130219)
2026-08-02 00:51:11,342 - ict_bot - WARNING - Spread for GOLD# is too high: 131 > 30
2026-08-02 00:51:11,343 - ict_bot - WARNING - Spread for BTCUSD# is too high: 2250 > 500
2026-08-02 00:51:21,345 - ict_bot - WARNING - Spread for GOLD# is too high: 131 > 30
2026-08-02 00:51:21,346 - ict_bot - WARNING - Spread for BTCUSD# is too high: 2250 > 500
2026-08-02 00:51:31,349 - ict_bot - WARNING - Spread for GOLD# is too high: 131 > 30
2026-08-02 00:51:31,351 - ict_bot - WARNING - Spread for BTCUSD# is too high: 2250 > 500
2026-08-02 00:51:40,635 - ict_bot - INFO - MT5 connection closed.
2026-08-02 00:51:41,354 - ict_bot - WARNING - Spread for GOLD# is too high: 131 > 30
2026-08-02 00:51:41,355 - ict_bot - WARNING - Spread for BTCUSD# is too high: 2250 > 500
2026-08-02 00:51:51,358 - ict_bot - WARNING - Spread for GOLD# is too high: 131 > 30
2026-08-02 00:51:51,359 - ict_bot - WARNING - Spread for BTCUSD# is too high: 2250 > 500
2026-08-02 00:52:01,362 - ict_bot - WARNING - Spread for GOLD# is too high: 131 > 30
2026-08-02 00:52:01,363 - ict_bot - WARNING - Spread for BTCUSD# is too high: 2250 > 500
2026-08-02 00:52:11,366 - ict_bot - WARNING - Spread for GOLD# is too high: 131 > 30
2026-08-02 00:52:11,367 - ict_bot - WARNING - Spread for BTCUSD# is too high: 2250 > 500
2026-08-02 00:52:21,370 - ict_bot - WARNING - Spread for GOLD# is too high: 131 > 30
2026-08-02 00:52:21,372 - ict_bot - WARNING - Spread for BTCUSD# is too high: 2250 > 500
2026-08-02 00:52:31,374 - ict_bot - WARNING - Spread for GOLD# is too high: 131 > 30
2026-08-02 00:52:31,376 - ict_bot - WARNING - Spread for BTCUSD# is too high: 2250 > 500
2026-08-02 00:52:41,379 - ict_bot - WARNING - Spread for GOLD# is too high: 131 > 30
2026-08-02 00:52:41,380 - ict_bot - WARNING - Spread for BTCUSD# is too high: 2250 > 500
2026-08-02 00:52:51,382 - ict_bot - WARNING - Spread for GOLD# is too high: 131 > 30
2026-08-02 00:52:51,384 - ict_bot - WARNING - Spread for BTCUSD# is too high: 2250 > 500
2026-08-02 00:53:01,387 - ict_bot - WARNING - Spread for GOLD# is too high: 131 > 30
2026-08-02 00:53:01,389 - ict_bot - WARNING - Spread for BTCUSD# is too high: 2250 > 500
2026-08-02 00:53:11,391 - ict_bot - WARNING - Spread for GOLD# is too high: 131 > 30
2026-08-02 00:53:11,393 - ict_bot - WARNING - Spread for BTCUSD# is too high: 2250 > 500
2026-08-02 00:53:21,396 - ict_bot - WARNING - Spread for GOLD# is too high: 131 > 30
2026-08-02 00:53:21,397 - ict_bot - WARNING - Spread for BTCUSD# is too high: 2250 > 500
2026-08-02 00:53:31,401 - ict_bot - WARNING - Spread for GOLD# is too high: 131 > 30
2026-08-02 00:53:31,403 - ict_bot - WARNING - Spread for BTCUSD# is too high: 2250 > 500
2026-08-02 00:53:41,406 - ict_bot - WARNING - Spread for GOLD# is too high: 131 > 30
2026-08-02 00:53:41,407 - ict_bot - WARNING - Spread for BTCUSD# is too high: 2250 > 500
2026-08-02 00:53:51,410 - ict_bot - WARNING - Spread for GOLD# is too high: 131 > 30
2026-08-02 00:53:51,412 - ict_bot - WARNING - Spread for BTCUSD# is too high: 2250 > 500
2026-08-02 00:54:01,415 - ict_bot - WARNING - Spread for GOLD# is too high: 131 > 30
2026-08-02 00:54:01,416 - ict_bot - WARNING - Spread for BTCUSD# is too high: 2250 > 500
2026-08-02 00:54:11,418 - ict_bot - WARNING - Spread for GOLD# is too high: 131 > 30
2026-08-02 00:54:11,420 - ict_bot - WARNING - Spread for BTCUSD# is too high: 2250 > 500
2026-08-02 00:54:21,423 - ict_bot - WARNING - Spread for GOLD# is too high: 131 > 30
2026-08-02 00:54:21,424 - ict_bot - WARNING - Spread for BTCUSD# is too high: 2250 > 500
2026-08-02 00:54:31,427 - ict_bot - WARNING - Spread for GOLD# is too high: 131 > 30
2026-08-02 00:54:31,428 - ict_bot - WARNING - Spread for BTCUSD# is too high: 2250 > 500
2026-08-02 00:54:41,431 - ict_bot - WARNING - Spread for GOLD# is too high: 131 > 30
2026-08-02 00:54:41,432 - ict_bot - WARNING - Spread for BTCUSD# is too high: 2250 > 500
2026-08-02 00:54:51,436 - ict_bot - WARNING - Spread for GOLD# is too high: 131 > 30
2026-08-02 00:54:51,437 - ict_bot - WARNING - Spread for BTCUSD# is too high: 2250 > 500
2026-08-02 00:55:01,440 - ict_bot - WARNING - Spread for GOLD# is too high: 131 > 30
2026-08-02 00:55:01,442 - ict_bot - WARNING - Spread for BTCUSD# is too high: 2250 > 500
2026-08-02 00:55:11,445 - ict_bot - WARNING - Spread for GOLD# is too high: 131 > 30
2026-08-02 00:55:11,447 - ict_bot - WARNING - Spread for BTCUSD# is too high: 2250 > 500
2026-08-02 00:55:21,450 - ict_bot - WARNING - Spread for GOLD# is too high: 131 > 30
2026-08-02 00:55:21,451 - ict_bot - WARNING - Spread for BTCUSD# is too high: 2250 > 500
2026-08-02 00:55:31,454 - ict_bot - WARNING - Spread for GOLD# is too high: 131 > 30
2026-08-02 00:55:31,456 - ict_bot - WARNING - Spread for BTCUSD# is too high: 2250 > 500
2026-08-02 00:55:41,459 - ict_bot - WARNING - Spread for GOLD# is too high: 131 > 30
2026-08-02 00:55:41,460 - ict_bot - WARNING - Spread for BTCUSD# is too high: 2250 > 500
2026-08-02 00:55:51,463 - ict_bot - WARNING - Spread for GOLD# is too high: 131 > 30
2026-08-02 00:55:51,464 - ict_bot - WARNING - Spread for BTCUSD# is too high: 2250 > 500
2026-08-02 00:56:01,467 - ict_bot - WARNING - Spread for GOLD# is too high: 131 > 30
2026-08-02 00:56:01,469 - ict_bot - WARNING - Spread for BTCUSD# is too high: 2250 > 500
2026-08-02 00:56:11,472 - ict_bot - WARNING - Spread for GOLD# is too high: 131 > 30
2026-08-02 00:56:11,473 - ict_bot - WARNING - Spread for BTCUSD# is too high: 2250 > 500
2026-08-02 00:56:15,672 - ict_bot - INFO - Auto-launching XM MT5 Terminal: C:\Program Files\XM Global MT5\terminal64.exe
2026-08-02 00:56:15,676 - ict_bot - INFO - Connected to MT5 Server: XMGlobal-MT5 5 (Account: 108130219)
2026-08-02 00:56:21,475 - ict_bot - WARNING - Spread for GOLD# is too high: 131 > 30
2026-08-02 00:56:21,477 - ict_bot - WARNING - Spread for BTCUSD# is too high: 2250 > 500
2026-08-02 00:56:31,480 - ict_bot - WARNING - Spread for GOLD# is too high: 131 > 30
2026-08-02 00:56:31,481 - ict_bot - WARNING - Spread for BTCUSD# is too high: 2250 > 500
2026-08-02 00:56:41,484 - ict_bot - WARNING - Spread for GOLD# is too high: 131 > 30
2026-08-02 00:56:41,485 - ict_bot - WARNING - Spread for BTCUSD# is too high: 2250 > 500
2026-08-02 00:56:47,761 - ict_bot - INFO - MT5 connection closed.
2026-08-02 00:56:51,488 - ict_bot - WARNING - Spread for GOLD# is too high: 131 > 30
2026-08-02 00:56:51,492 - ict_bot - WARNING - Spread for BTCUSD# is too high: 2250 > 500
2026-08-02 00:57:01,497 - ict_bot - WARNING - Spread for GOLD# is too high: 131 > 30
2026-08-02 00:57:01,498 - ict_bot - WARNING - Spread for BTCUSD# is too high: 2250 > 500
2026-08-02 00:57:11,502 - ict_bot - WARNING - Spread for GOLD# is too high: 131 > 30
2026-08-02 00:57:11,503 - ict_bot - WARNING - Spread for BTCUSD# is too high: 2250 > 500
2026-08-02 00:57:21,506 - ict_bot - WARNING - Spread for GOLD# is too high: 131 > 30
2026-08-02 00:57:21,507 - ict_bot - WARNING - Spread for BTCUSD# is too high: 2250 > 500
2026-08-02 00:57:31,510 - ict_bot - WARNING - Spread for GOLD# is too high: 131 > 30
2026-08-02 00:57:31,511 - ict_bot - WARNING - Spread for BTCUSD# is too high: 2250 > 500
2026-08-02 00:57:41,514 - ict_bot - WARNING - Spread for GOLD# is too high: 131 > 30
2026-08-02 00:57:41,516 - ict_bot - WARNING - Spread for BTCUSD# is too high: 2250 > 500
2026-08-02 00:57:51,518 - ict_bot - WARNING - Spread for GOLD# is too high: 131 > 30
2026-08-02 00:57:51,520 - ict_bot - WARNING - Spread for BTCUSD# is too high: 2250 > 500
2026-08-02 00:58:01,523 - ict_bot - WARNING - Spread for GOLD# is too high: 131 > 30
2026-08-02 00:58:01,524 - ict_bot - WARNING - Spread for BTCUSD# is too high: 2250 > 500
2026-08-02 00:58:11,528 - ict_bot - WARNING - Spread for GOLD# is too high: 131 > 30
2026-08-02 00:58:11,529 - ict_bot - WARNING - Spread for BTCUSD# is too high: 2250 > 500
2026-08-02 00:58:21,532 - ict_bot - WARNING - Spread for GOLD# is too high: 131 > 30
2026-08-02 00:58:21,533 - ict_bot - WARNING - Spread for BTCUSD# is too high: 2250 > 500
2026-08-02 00:58:31,537 - ict_bot - WARNING - Spread for GOLD# is too high: 131 > 30
2026-08-02 00:58:31,538 - ict_bot - WARNING - Spread for BTCUSD# is too high: 2250 > 500
2026-08-02 00:58:41,542 - ict_bot - WARNING - Spread for GOLD# is too high: 131 > 30
2026-08-02 00:58:41,543 - ict_bot - WARNING - Spread for BTCUSD# is too high: 2250 > 500
2026-08-02 00:58:49,194 - ict_bot - INFO - Auto-launching XM MT5 Terminal: C:\Program Files\XM Global MT5\terminal64.exe
2026-08-02 00:58:49,198 - ict_bot - INFO - Connected to MT5 Server: XMGlobal-MT5 5 (Account: 108130219)
2026-08-02 00:58:51,546 - ict_bot - WARNING - Spread for GOLD# is too high: 131 > 30
2026-08-02 00:58:51,547 - ict_bot - WARNING - Spread for BTCUSD# is too high: 2250 > 500
2026-08-02 00:58:59,623 - ict_bot - INFO - MT5 connection closed.
2026-08-02 00:59:01,550 - ict_bot - WARNING - Spread for GOLD# is too high: 131 > 30
2026-08-02 00:59:01,555 - ict_bot - WARNING - Spread for BTCUSD# is too high: 2250 > 500
2026-08-02 00:59:11,561 - ict_bot - WARNING - Spread for GOLD# is too high: 131 > 30
2026-08-02 00:59:11,563 - ict_bot - WARNING - Spread for BTCUSD# is too high: 2250 > 500
2026-08-02 00:59:21,565 - ict_bot - WARNING - Spread for GOLD# is too high: 131 > 30
2026-08-02 00:59:21,567 - ict_bot - WARNING - Spread for BTCUSD# is too high: 2250 > 500
2026-08-02 00:59:31,579 - ict_bot - WARNING - Spread for GOLD# is too high: 131 > 30
2026-08-02 00:59:31,588 - ict_bot - WARNING - Spread for BTCUSD# is too high: 2250 > 500
2026-08-02 00:59:41,595 - ict_bot - WARNING - Spread for GOLD# is too high: 131 > 30
2026-08-02 00:59:41,597 - ict_bot - WARNING - Spread for BTCUSD# is too high: 2250 > 500
2026-08-02 00:59:51,600 - ict_bot - WARNING - Spread for GOLD# is too high: 131 > 30
2026-08-02 00:59:51,602 - ict_bot - WARNING - Spread for BTCUSD# is too high: 2250 > 500
2026-08-02 01:00:01,604 - ict_bot - WARNING - Spread for GOLD# is too high: 131 > 30
2026-08-02 01:00:01,606 - ict_bot - WARNING - Spread for BTCUSD# is too high: 2250 > 500
2026-08-02 01:00:11,609 - ict_bot - WARNING - Spread for GOLD# is too high: 131 > 30
2026-08-02 01:00:11,610 - ict_bot - WARNING - Spread for BTCUSD# is too high: 2250 > 500
2026-08-02 01:00:21,613 - ict_bot - WARNING - Spread for GOLD# is too high: 131 > 30
2026-08-02 01:00:21,615 - ict_bot - WARNING - Spread for BTCUSD# is too high: 2250 > 500
2026-08-02 01:00:31,618 - ict_bot - WARNING - Spread for GOLD# is too high: 131 > 30
2026-08-02 01:00:31,619 - ict_bot - WARNING - Spread for BTCUSD# is too high: 2250 > 500
2026-08-02 01:00:41,622 - ict_bot - WARNING - Spread for GOLD# is too high: 131 > 30
2026-08-02 01:00:41,624 - ict_bot - WARNING - Spread for BTCUSD# is too high: 2250 > 500
2026-08-02 01:00:51,628 - ict_bot - WARNING - Spread for GOLD# is too high: 131 > 30
2026-08-02 01:00:51,630 - ict_bot - WARNING - Spread for BTCUSD# is too high: 2250 > 500
2026-08-02 01:01:01,633 - ict_bot - WARNING - Spread for GOLD# is too high: 131 > 30
2026-08-02 01:01:01,635 - ict_bot - WARNING - Spread for BTCUSD# is too high: 2250 > 500
2026-08-02 01:01:11,637 - ict_bot - WARNING - Spread for GOLD# is too high: 131 > 30
2026-08-02 01:01:11,638 - ict_bot - WARNING - Spread for BTCUSD# is too high: 2250 > 500
2026-08-02 01:01:21,641 - ict_bot - WARNING - Spread for GOLD# is too high: 131 > 30
2026-08-02 01:01:21,642 - ict_bot - WARNING - Spread for BTCUSD# is too high: 2250 > 500
2026-08-02 01:01:31,644 - ict_bot - WARNING - Spread for GOLD# is too high: 131 > 30
2026-08-02 01:01:31,646 - ict_bot - WARNING - Spread for BTCUSD# is too high: 2250 > 500
2026-08-02 01:01:41,649 - ict_bot - WARNING - Spread for GOLD# is too high: 131 > 30
2026-08-02 01:01:41,650 - ict_bot - WARNING - Spread for BTCUSD# is too high: 2250 > 500
2026-08-02 01:01:51,654 - ict_bot - WARNING - Spread for GOLD# is too high: 131 > 30
2026-08-02 01:01:51,655 - ict_bot - WARNING - Spread for BTCUSD# is too high: 2250 > 500
2026-08-02 01:02:01,658 - ict_bot - WARNING - Spread for GOLD# is too high: 131 > 30
2026-08-02 01:02:01,660 - ict_bot - WARNING - Spread for BTCUSD# is too high: 2250 > 500
2026-08-02 01:02:11,663 - ict_bot - WARNING - Spread for GOLD# is too high: 131 > 30
2026-08-02 01:02:11,665 - ict_bot - WARNING - Spread for BTCUSD# is too high: 2250 > 500
2026-08-02 01:02:21,667 - ict_bot - WARNING - Spread for GOLD# is too high: 131 > 30
2026-08-02 01:02:21,669 - ict_bot - WARNING - Spread for BTCUSD# is too high: 2250 > 500
2026-08-02 01:02:31,672 - ict_bot - WARNING - Spread for GOLD# is too high: 131 > 30
2026-08-02 01:02:31,674 - ict_bot - WARNING - Spread for BTCUSD# is too high: 2250 > 500
2026-08-02 01:02:41,676 - ict_bot - WARNING - Spread for GOLD# is too high: 131 > 30
2026-08-02 01:02:41,680 - ict_bot - WARNING - Spread for BTCUSD# is too high: 2250 > 500
2026-08-02 01:02:51,682 - ict_bot - WARNING - Spread for GOLD# is too high: 131 > 30
2026-08-02 01:02:51,684 - ict_bot - WARNING - Spread for BTCUSD# is too high: 2250 > 500
2026-08-02 01:03:01,687 - ict_bot - WARNING - Spread for GOLD# is too high: 131 > 30
2026-08-02 01:03:01,688 - ict_bot - WARNING - Spread for BTCUSD# is too high: 2250 > 500
2026-08-02 01:03:11,691 - ict_bot - WARNING - Spread for GOLD# is too high: 131 > 30
2026-08-02 01:03:11,694 - ict_bot - WARNING - Spread for BTCUSD# is too high: 2250 > 500
2026-08-02 01:03:21,697 - ict_bot - WARNING - Spread for GOLD# is too high: 131 > 30
2026-08-02 01:03:21,698 - ict_bot - WARNING - Spread for BTCUSD# is too high: 2250 > 500
2026-08-02 01:03:31,701 - ict_bot - WARNING - Spread for GOLD# is too high: 131 > 30
2026-08-02 01:03:31,703 - ict_bot - WARNING - Spread for BTCUSD# is too high: 2250 > 500
2026-08-02 01:03:41,705 - ict_bot - WARNING - Spread for GOLD# is too high: 131 > 30
2026-08-02 01:03:41,707 - ict_bot - WARNING - Spread for BTCUSD# is too high: 2250 > 500
2026-08-02 01:03:51,709 - ict_bot - WARNING - Spread for GOLD# is too high: 131 > 30
2026-08-02 01:03:51,711 - ict_bot - WARNING - Spread for BTCUSD# is too high: 2250 > 500
2026-08-02 01:04:01,714 - ict_bot - WARNING - Spread for GOLD# is too high: 131 > 30
2026-08-02 01:04:01,715 - ict_bot - WARNING - Spread for BTCUSD# is too high: 2250 > 500
2026-08-02 01:04:11,718 - ict_bot - WARNING - Spread for GOLD# is too high: 131 > 30
2026-08-02 01:04:11,719 - ict_bot - WARNING - Spread for BTCUSD# is too high: 2250 > 500
2026-08-02 01:04:21,722 - ict_bot - WARNING - Spread for GOLD# is too high: 131 > 30
2026-08-02 01:04:21,724 - ict_bot - WARNING - Spread for BTCUSD# is too high: 2250 > 500
2026-08-02 01:04:31,727 - ict_bot - WARNING - Spread for GOLD# is too high: 131 > 30
2026-08-02 01:04:31,728 - ict_bot - WARNING - Spread for BTCUSD# is too high: 2250 > 500
2026-08-02 01:04:41,731 - ict_bot - WARNING - Spread for GOLD# is too high: 131 > 30
2026-08-02 01:04:41,733 - ict_bot - WARNING - Spread for BTCUSD# is too high: 2250 > 500
2026-08-02 01:04:51,736 - ict_bot - WARNING - Spread for GOLD# is too high: 131 > 30
2026-08-02 01:04:51,738 - ict_bot - WARNING - Spread for BTCUSD# is too high: 2250 > 500
2026-08-02 01:05:01,740 - ict_bot - WARNING - Spread for GOLD# is too high: 131 > 30
2026-08-02 01:05:01,742 - ict_bot - WARNING - Spread for BTCUSD# is too high: 2250 > 500
2026-08-02 01:05:11,745 - ict_bot - WARNING - Spread for GOLD# is too high: 131 > 30
2026-08-02 01:05:11,747 - ict_bot - WARNING - Spread for BTCUSD# is too high: 2250 > 500
2026-08-02 01:05:21,750 - ict_bot - WARNING - Spread for GOLD# is too high: 131 > 30
2026-08-02 01:05:21,751 - ict_bot - WARNING - Spread for BTCUSD# is too high: 2250 > 500
2026-08-02 01:05:31,754 - ict_bot - WARNING - Spread for GOLD# is too high: 131 > 30
2026-08-02 01:05:31,756 - ict_bot - WARNING - Spread for BTCUSD# is too high: 2250 > 500
2026-08-02 01:05:41,759 - ict_bot - WARNING - Spread for GOLD# is too high: 131 > 30
2026-08-02 01:05:41,765 - ict_bot - WARNING - Spread for BTCUSD# is too high: 2250 > 500
2026-08-02 01:05:51,770 - ict_bot - WARNING - Spread for GOLD# is too high: 131 > 30
2026-08-02 01:05:51,771 - ict_bot - WARNING - Spread for BTCUSD# is too high: 2250 > 500
2026-08-02 01:06:01,775 - ict_bot - WARNING - Spread for GOLD# is too high: 131 > 30
2026-08-02 01:06:01,776 - ict_bot - WARNING - Spread for BTCUSD# is too high: 2250 > 500
2026-08-02 01:06:11,781 - ict_bot - WARNING - Spread for GOLD# is too high: 131 > 30
2026-08-02 01:06:11,782 - ict_bot - WARNING - Spread for BTCUSD# is too high: 2250 > 500
2026-08-02 01:06:21,784 - ict_bot - WARNING - Spread for GOLD# is too high: 131 > 30
2026-08-02 01:06:21,785 - ict_bot - WARNING - Spread for BTCUSD# is too high: 2250 > 500
2026-08-02 01:06:31,788 - ict_bot - WARNING - Spread for GOLD# is too high: 131 > 30
2026-08-02 01:06:31,789 - ict_bot - WARNING - Spread for BTCUSD# is too high: 2250 > 500
2026-08-02 01:06:41,792 - ict_bot - WARNING - Spread for GOLD# is too high: 131 > 30
2026-08-02 01:06:41,794 - ict_bot - WARNING - Spread for BTCUSD# is too high: 2250 > 500
2026-08-02 01:06:51,797 - ict_bot - WARNING - Spread for GOLD# is too high: 131 > 30
2026-08-02 01:06:51,798 - ict_bot - WARNING - Spread for BTCUSD# is too high: 2250 > 500
2026-08-02 01:07:01,801 - ict_bot - WARNING - Spread for GOLD# is too high: 131 > 30
2026-08-02 01:07:01,803 - ict_bot - WARNING - Spread for BTCUSD# is too high: 2250 > 500
2026-08-02 01:07:11,806 - ict_bot - WARNING - Spread for GOLD# is too high: 131 > 30
2026-08-02 01:07:11,808 - ict_bot - WARNING - Spread for BTCUSD# is too high: 2250 > 500
2026-08-02 01:07:21,811 - ict_bot - WARNING - Spread for GOLD# is too high: 131 > 30
2026-08-02 01:07:21,813 - ict_bot - WARNING - Spread for BTCUSD# is too high: 2250 > 500
2026-08-02 01:07:31,816 - ict_bot - WARNING - Spread for GOLD# is too high: 131 > 30
2026-08-02 01:07:31,817 - ict_bot - WARNING - Spread for BTCUSD# is too high: 2250 > 500
2026-08-02 01:07:41,820 - ict_bot - WARNING - Spread for GOLD# is too high: 131 > 30
2026-08-02 01:07:41,821 - ict_bot - WARNING - Spread for BTCUSD# is too high: 2250 > 500
2026-08-02 01:07:51,824 - ict_bot - WARNING - Spread for GOLD# is too high: 131 > 30
2026-08-02 01:07:51,825 - ict_bot - WARNING - Spread for BTCUSD# is too high: 2250 > 500
2026-08-02 01:08:01,828 - ict_bot - WARNING - Spread for GOLD# is too high: 131 > 30
2026-08-02 01:08:01,829 - ict_bot - WARNING - Spread for BTCUSD# is too high: 2250 > 500
2026-08-02 01:08:11,833 - ict_bot - WARNING - Spread for GOLD# is too high: 131 > 30
2026-08-02 01:08:11,834 - ict_bot - WARNING - Spread for BTCUSD# is too high: 2250 > 500
2026-08-02 01:08:21,836 - ict_bot - WARNING - Spread for GOLD# is too high: 131 > 30
2026-08-02 01:08:21,838 - ict_bot - WARNING - Spread for BTCUSD# is too high: 2250 > 500
2026-08-02 01:08:31,841 - ict_bot - WARNING - Spread for GOLD# is too high: 131 > 30
2026-08-02 01:08:31,843 - ict_bot - WARNING - Spread for BTCUSD# is too high: 2250 > 500
2026-08-02 01:08:41,846 - ict_bot - WARNING - Spread for GOLD# is too high: 131 > 30
2026-08-02 01:08:41,848 - ict_bot - WARNING - Spread for BTCUSD# is too high: 2250 > 500
2026-08-02 01:08:51,851 - ict_bot - WARNING - Spread for GOLD# is too high: 131 > 30
2026-08-02 01:08:51,852 - ict_bot - WARNING - Spread for BTCUSD# is too high: 2250 > 500
2026-08-02 01:09:01,855 - ict_bot - WARNING - Spread for GOLD# is too high: 131 > 30
2026-08-02 01:09:01,856 - ict_bot - WARNING - Spread for BTCUSD# is too high: 2250 > 500
2026-08-02 01:09:11,859 - ict_bot - WARNING - Spread for GOLD# is too high: 131 > 30
2026-08-02 01:09:11,860 - ict_bot - WARNING - Spread for BTCUSD# is too high: 2250 > 500
2026-08-02 01:09:21,863 - ict_bot - WARNING - Spread for GOLD# is too high: 131 > 30
2026-08-02 01:09:21,866 - ict_bot - WARNING - Spread for BTCUSD# is too high: 2250 > 500
2026-08-02 01:09:31,870 - ict_bot - WARNING - Spread for GOLD# is too high: 131 > 30
2026-08-02 01:09:31,872 - ict_bot - WARNING - Spread for BTCUSD# is too high: 2250 > 500
2026-08-02 01:09:41,875 - ict_bot - WARNING - Spread for GOLD# is too high: 131 > 30
2026-08-02 01:09:41,877 - ict_bot - WARNING - Spread for BTCUSD# is too high: 2250 > 500
2026-08-02 01:09:51,880 - ict_bot - WARNING - Spread for GOLD# is too high: 131 > 30
2026-08-02 01:09:51,882 - ict_bot - WARNING - Spread for BTCUSD# is too high: 2250 > 500
2026-08-02 01:10:01,885 - ict_bot - WARNING - Spread for GOLD# is too high: 131 > 30
2026-08-02 01:10:01,887 - ict_bot - WARNING - Spread for BTCUSD# is too high: 2250 > 500
2026-08-02 01:10:11,889 - ict_bot - WARNING - Spread for GOLD# is too high: 131 > 30
2026-08-02 01:10:11,891 - ict_bot - WARNING - Spread for BTCUSD# is too high: 2250 > 500
2026-08-02 01:10:21,894 - ict_bot - WARNING - Spread for GOLD# is too high: 131 > 30
2026-08-02 01:10:21,896 - ict_bot - WARNING - Spread for BTCUSD# is too high: 2250 > 500
2026-08-02 01:10:31,899 - ict_bot - WARNING - Spread for GOLD# is too high: 131 > 30
2026-08-02 01:10:31,905 - ict_bot - WARNING - Spread for BTCUSD# is too high: 2250 > 500
2026-08-02 01:10:41,908 - ict_bot - WARNING - Spread for GOLD# is too high: 131 > 30
2026-08-02 01:10:41,909 - ict_bot - WARNING - Spread for BTCUSD# is too high: 2250 > 500
2026-08-02 01:10:51,912 - ict_bot - WARNING - Spread for GOLD# is too high: 131 > 30
2026-08-02 01:10:51,914 - ict_bot - WARNING - Spread for BTCUSD# is too high: 2250 > 500
2026-08-02 01:11:01,917 - ict_bot - WARNING - Spread for GOLD# is too high: 131 > 30
2026-08-02 01:11:01,918 - ict_bot - WARNING - Spread for BTCUSD# is too high: 2250 > 500
2026-08-02 01:11:11,921 - ict_bot - WARNING - Spread for GOLD# is too high: 131 > 30
2026-08-02 01:11:11,922 - ict_bot - WARNING - Spread for BTCUSD# is too high: 2250 > 500
2026-08-02 01:11:21,925 - ict_bot - WARNING - Spread for GOLD# is too high: 131 > 30
2026-08-02 01:11:21,926 - ict_bot - WARNING - Spread for BTCUSD# is too high: 2250 > 500
2026-08-02 01:11:31,930 - ict_bot - WARNING - Spread for GOLD# is too high: 131 > 30
2026-08-02 01:11:31,931 - ict_bot - WARNING - Spread for BTCUSD# is too high: 2250 > 500
2026-08-02 01:11:41,933 - ict_bot - WARNING - Spread for GOLD# is too high: 131 > 30
2026-08-02 01:11:41,935 - ict_bot - WARNING - Spread for BTCUSD# is too high: 2250 > 500
2026-08-02 01:11:51,938 - ict_bot - WARNING - Spread for GOLD# is too high: 131 > 30
2026-08-02 01:11:51,941 - ict_bot - WARNING - Spread for BTCUSD# is too high: 2250 > 500
2026-08-02 01:12:01,943 - ict_bot - WARNING - Spread for GOLD# is too high: 131 > 30
2026-08-02 01:12:01,945 - ict_bot - WARNING - Spread for BTCUSD# is too high: 2250 > 500
2026-08-02 01:12:11,948 - ict_bot - WARNING - Spread for GOLD# is too high: 131 > 30
2026-08-02 01:12:11,949 - ict_bot - WARNING - Spread for BTCUSD# is too high: 2250 > 500
2026-08-02 01:12:21,952 - ict_bot - WARNING - Spread for GOLD# is too high: 131 > 30
2026-08-02 01:12:21,954 - ict_bot - WARNING - Spread for BTCUSD# is too high: 2250 > 500
2026-08-02 01:12:31,956 - ict_bot - WARNING - Spread for GOLD# is too high: 131 > 30
2026-08-02 01:12:31,957 - ict_bot - WARNING - Spread for BTCUSD# is too high: 2250 > 500
2026-08-02 01:12:41,960 - ict_bot - WARNING - Spread for GOLD# is too high: 131 > 30
2026-08-02 01:12:41,962 - ict_bot - WARNING - Spread for BTCUSD# is too high: 2250 > 500
2026-08-02 01:12:51,966 - ict_bot - WARNING - Spread for GOLD# is too high: 131 > 30
2026-08-02 01:12:51,967 - ict_bot - WARNING - Spread for BTCUSD# is too high: 2250 > 500
2026-08-02 01:13:01,970 - ict_bot - WARNING - Spread for GOLD# is too high: 131 > 30
2026-08-02 01:13:01,972 - ict_bot - WARNING - Spread for BTCUSD# is too high: 2250 > 500
2026-08-02 01:13:11,976 - ict_bot - WARNING - Spread for GOLD# is too high: 131 > 30
2026-08-02 01:13:11,981 - ict_bot - WARNING - Spread for BTCUSD# is too high: 2250 > 500
2026-08-02 01:13:21,985 - ict_bot - WARNING - Spread for GOLD# is too high: 131 > 30
2026-08-02 01:13:21,986 - ict_bot - WARNING - Spread for BTCUSD# is too high: 2250 > 500
2026-08-02 01:13:31,990 - ict_bot - WARNING - Spread for GOLD# is too high: 131 > 30
2026-08-02 01:13:31,991 - ict_bot - WARNING - Spread for BTCUSD# is too high: 2250 > 500
2026-08-02 01:13:41,994 - ict_bot - WARNING - Spread for GOLD# is too high: 131 > 30
2026-08-02 01:13:41,996 - ict_bot - WARNING - Spread for BTCUSD# is too high: 2250 > 500
2026-08-02 01:13:51,999 - ict_bot - WARNING - Spread for GOLD# is too high: 131 > 30
2026-08-02 01:13:52,002 - ict_bot - WARNING - Spread for BTCUSD# is too high: 2250 > 500
2026-08-02 01:14:02,005 - ict_bot - WARNING - Spread for GOLD# is too high: 131 > 30
2026-08-02 01:14:02,006 - ict_bot - WARNING - Spread for BTCUSD# is too high: 2250 > 500
2026-08-02 01:14:12,009 - ict_bot - WARNING - Spread for GOLD# is too high: 131 > 30
2026-08-02 01:14:12,011 - ict_bot - WARNING - Spread for BTCUSD# is too high: 2250 > 500
2026-08-02 01:14:22,015 - ict_bot - WARNING - Spread for GOLD# is too high: 131 > 30
2026-08-02 01:14:22,016 - ict_bot - WARNING - Spread for BTCUSD# is too high: 2250 > 500
2026-08-02 01:14:32,020 - ict_bot - WARNING - Spread for GOLD# is too high: 131 > 30
2026-08-02 01:14:32,022 - ict_bot - WARNING - Spread for BTCUSD# is too high: 2250 > 500
2026-08-02 01:14:42,024 - ict_bot - WARNING - Spread for GOLD# is too high: 131 > 30
2026-08-02 01:14:42,026 - ict_bot - WARNING - Spread for BTCUSD# is too high: 2250 > 500
2026-08-02 01:14:52,029 - ict_bot - WARNING - Spread for GOLD# is too high: 131 > 30
2026-08-02 01:14:52,030 - ict_bot - WARNING - Spread for BTCUSD# is too high: 2250 > 500
2026-08-02 01:15:02,034 - ict_bot - WARNING - Spread for GOLD# is too high: 131 > 30
2026-08-02 01:15:02,037 - ict_bot - WARNING - Spread for BTCUSD# is too high: 2250 > 500
2026-08-02 01:15:12,041 - ict_bot - WARNING - Spread for GOLD# is too high: 131 > 30
2026-08-02 01:15:12,043 - ict_bot - WARNING - Spread for BTCUSD# is too high: 2250 > 500
2026-08-02 01:15:22,046 - ict_bot - WARNING - Spread for GOLD# is too high: 131 > 30
2026-08-02 01:15:22,048 - ict_bot - WARNING - Spread for BTCUSD# is too high: 2250 > 500
2026-08-02 01:15:32,051 - ict_bot - WARNING - Spread for GOLD# is too high: 131 > 30
2026-08-02 01:15:32,053 - ict_bot - WARNING - Spread for BTCUSD# is too high: 2250 > 500
2026-08-02 01:15:42,055 - ict_bot - WARNING - Spread for GOLD# is too high: 131 > 30
2026-08-02 01:15:42,057 - ict_bot - WARNING - Spread for BTCUSD# is too high: 2250 > 500
2026-08-02 01:15:52,060 - ict_bot - WARNING - Spread for GOLD# is too high: 131 > 30
2026-08-02 01:15:52,062 - ict_bot - WARNING - Spread for BTCUSD# is too high: 2250 > 500
2026-08-02 01:16:02,065 - ict_bot - WARNING - Spread for GOLD# is too high: 131 > 30
2026-08-02 01:16:02,066 - ict_bot - WARNING - Spread for BTCUSD# is too high: 2250 > 500
2026-08-02 01:16:12,070 - ict_bot - WARNING - Spread for GOLD# is too high: 131 > 30
2026-08-02 01:16:12,073 - ict_bot - WARNING - Spread for BTCUSD# is too high: 2250 > 500
2026-08-02 01:16:22,077 - ict_bot - WARNING - Spread for GOLD# is too high: 131 > 30
2026-08-02 01:16:22,080 - ict_bot - WARNING - Spread for BTCUSD# is too high: 2250 > 500
2026-08-02 01:16:32,084 - ict_bot - WARNING - Spread for GOLD# is too high: 131 > 30
2026-08-02 01:16:32,086 - ict_bot - WARNING - Spread for BTCUSD# is too high: 2250 > 500
2026-08-02 01:16:42,089 - ict_bot - WARNING - Spread for GOLD# is too high: 131 > 30
2026-08-02 01:16:42,090 - ict_bot - WARNING - Spread for BTCUSD# is too high: 2250 > 500
2026-08-02 01:16:52,093 - ict_bot - WARNING - Spread for GOLD# is too high: 131 > 30
2026-08-02 01:16:52,095 - ict_bot - WARNING - Spread for BTCUSD# is too high: 2250 > 500
2026-08-02 01:17:02,097 - ict_bot - WARNING - Spread for GOLD# is too high: 131 > 30
2026-08-02 01:17:02,098 - ict_bot - WARNING - Spread for BTCUSD# is too high: 2250 > 500
2026-08-02 01:17:12,101 - ict_bot - WARNING - Spread for GOLD# is too high: 131 > 30
2026-08-02 01:17:12,103 - ict_bot - WARNING - Spread for BTCUSD# is too high: 2250 > 500
2026-08-02 01:17:22,106 - ict_bot - WARNING - Spread for GOLD# is too high: 131 > 30
2026-08-02 01:17:22,107 - ict_bot - WARNING - Spread for BTCUSD# is too high: 2250 > 500
2026-08-02 01:17:32,110 - ict_bot - WARNING - Spread for GOLD# is too high: 131 > 30
2026-08-02 01:17:32,111 - ict_bot - WARNING - Spread for BTCUSD# is too high: 2250 > 500
2026-08-02 01:17:42,116 - ict_bot - WARNING - Spread for GOLD# is too high: 131 > 30
2026-08-02 01:17:42,120 - ict_bot - WARNING - Spread for BTCUSD# is too high: 2250 > 500
2026-08-02 01:17:52,124 - ict_bot - WARNING - Spread for GOLD# is too high: 131 > 30
2026-08-02 01:17:52,125 - ict_bot - WARNING - Spread for BTCUSD# is too high: 2250 > 500
2026-08-02 01:18:02,128 - ict_bot - WARNING - Spread for GOLD# is too high: 131 > 30
2026-08-02 01:18:02,129 - ict_bot - WARNING - Spread for BTCUSD# is too high: 2250 > 500
2026-08-02 01:18:12,132 - ict_bot - WARNING - Spread for GOLD# is too high: 131 > 30
2026-08-02 01:18:12,134 - ict_bot - WARNING - Spread for BTCUSD# is too high: 2250 > 500
2026-08-02 01:18:22,137 - ict_bot - WARNING - Spread for GOLD# is too high: 131 > 30
2026-08-02 01:18:22,141 - ict_bot - WARNING - Spread for BTCUSD# is too high: 2250 > 500
2026-08-02 01:18:32,145 - ict_bot - WARNING - Spread for GOLD# is too high: 131 > 30
2026-08-02 01:18:32,147 - ict_bot - WARNING - Spread for BTCUSD# is too high: 2250 > 500
2026-08-02 01:18:42,151 - ict_bot - WARNING - Spread for GOLD# is too high: 131 > 30
2026-08-02 01:18:42,153 - ict_bot - WARNING - Spread for BTCUSD# is too high: 2250 > 500
2026-08-02 01:18:52,156 - ict_bot - WARNING - Spread for GOLD# is too high: 131 > 30
2026-08-02 01:18:52,157 - ict_bot - WARNING - Spread for BTCUSD# is too high: 2250 > 500
2026-08-02 01:19:02,160 - ict_bot - WARNING - Spread for GOLD# is too high: 131 > 30
2026-08-02 01:19:02,162 - ict_bot - WARNING - Spread for BTCUSD# is too high: 2250 > 500
2026-08-02 01:19:12,164 - ict_bot - WARNING - Spread for GOLD# is too high: 131 > 30
2026-08-02 01:19:12,166 - ict_bot - WARNING - Spread for BTCUSD# is too high: 2250 > 500
2026-08-02 01:19:22,169 - ict_bot - WARNING - Spread for GOLD# is too high: 131 > 30
2026-08-02 01:19:22,171 - ict_bot - WARNING - Spread for BTCUSD# is too high: 2250 > 500
2026-08-02 01:19:32,175 - ict_bot - WARNING - Spread for GOLD# is too high: 131 > 30
2026-08-02 01:19:32,177 - ict_bot - WARNING - Spread for BTCUSD# is too high: 2250 > 500
2026-08-02 01:19:42,182 - ict_bot - WARNING - Spread for GOLD# is too high: 131 > 30
2026-08-02 01:19:42,183 - ict_bot - WARNING - Spread for BTCUSD# is too high: 2250 > 500
2026-08-02 01:19:52,187 - ict_bot - WARNING - Spread for GOLD# is too high: 131 > 30
2026-08-02 01:19:52,188 - ict_bot - WARNING - Spread for BTCUSD# is too high: 2250 > 500
2026-08-02 01:20:02,191 - ict_bot - WARNING - Spread for GOLD# is too high: 131 > 30
2026-08-02 01:20:02,192 - ict_bot - WARNING - Spread for BTCUSD# is too high: 2250 > 500
2026-08-02 01:20:12,195 - ict_bot - WARNING - Spread for GOLD# is too high: 131 > 30
2026-08-02 01:20:12,196 - ict_bot - WARNING - Spread for BTCUSD# is too high: 2250 > 500
2026-08-02 01:20:22,199 - ict_bot - WARNING - Spread for GOLD# is too high: 131 > 30
2026-08-02 01:20:22,201 - ict_bot - WARNING - Spread for BTCUSD# is too high: 2250 > 500
2026-08-02 01:20:32,204 - ict_bot - WARNING - Spread for GOLD# is too high: 131 > 30
2026-08-02 01:20:32,205 - ict_bot - WARNING - Spread for BTCUSD# is too high: 2250 > 500
2026-08-02 01:20:42,208 - ict_bot - WARNING - Spread for GOLD# is too high: 131 > 30
2026-08-02 01:20:42,211 - ict_bot - WARNING - Spread for BTCUSD# is too high: 2250 > 500
2026-08-02 01:20:52,214 - ict_bot - WARNING - Spread for GOLD# is too high: 131 > 30
2026-08-02 01:20:52,216 - ict_bot - WARNING - Spread for BTCUSD# is too high: 2250 > 500
2026-08-02 01:21:02,219 - ict_bot - WARNING - Spread for GOLD# is too high: 131 > 30
2026-08-02 01:21:02,220 - ict_bot - WARNING - Spread for BTCUSD# is too high: 2250 > 500
2026-08-02 01:21:12,223 - ict_bot - WARNING - Spread for GOLD# is too high: 131 > 30
2026-08-02 01:21:12,225 - ict_bot - WARNING - Spread for BTCUSD# is too high: 2250 > 500
2026-08-02 01:21:22,227 - ict_bot - WARNING - Spread for GOLD# is too high: 131 > 30
2026-08-02 01:21:22,229 - ict_bot - WARNING - Spread for BTCUSD# is too high: 2250 > 500
2026-08-02 01:21:32,232 - ict_bot - WARNING - Spread for GOLD# is too high: 131 > 30
2026-08-02 01:21:32,234 - ict_bot - WARNING - Spread for BTCUSD# is too high: 2250 > 500
2026-08-02 01:21:42,237 - ict_bot - WARNING - Spread for GOLD# is too high: 131 > 30
2026-08-02 01:21:42,238 - ict_bot - WARNING - Spread for BTCUSD# is too high: 2250 > 500
2026-08-02 01:21:52,242 - ict_bot - WARNING - Spread for GOLD# is too high: 131 > 30
2026-08-02 01:21:52,244 - ict_bot - WARNING - Spread for BTCUSD# is too high: 2250 > 500
2026-08-02 01:22:02,248 - ict_bot - WARNING - Spread for GOLD# is too high: 131 > 30
2026-08-02 01:22:02,250 - ict_bot - WARNING - Spread for BTCUSD# is too high: 2250 > 500
2026-08-02 01:22:12,253 - ict_bot - WARNING - Spread for GOLD# is too high: 131 > 30
2026-08-02 01:22:12,255 - ict_bot - WARNING - Spread for BTCUSD# is too high: 2250 > 500
2026-08-02 01:22:22,257 - ict_bot - WARNING - Spread for GOLD# is too high: 131 > 30
2026-08-02 01:22:22,258 - ict_bot - WARNING - Spread for BTCUSD# is too high: 2250 > 500
2026-08-02 01:22:32,261 - ict_bot - WARNING - Spread for GOLD# is too high: 131 > 30
2026-08-02 01:22:32,263 - ict_bot - WARNING - Spread for BTCUSD# is too high: 2250 > 500
2026-08-02 01:22:42,266 - ict_bot - WARNING - Spread for GOLD# is too high: 131 > 30
2026-08-02 01:22:42,267 - ict_bot - WARNING - Spread for BTCUSD# is too high: 2250 > 500
2026-08-02 01:22:52,270 - ict_bot - WARNING - Spread for GOLD# is too high: 131 > 30
2026-08-02 01:22:52,271 - ict_bot - WARNING - Spread for BTCUSD# is too high: 2250 > 500
2026-08-02 01:23:02,274 - ict_bot - WARNING - Spread for GOLD# is too high: 131 > 30
2026-08-02 01:23:02,275 - ict_bot - WARNING - Spread for BTCUSD# is too high: 2250 > 500
2026-08-02 01:23:12,278 - ict_bot - WARNING - Spread for GOLD# is too high: 131 > 30
2026-08-02 01:23:12,280 - ict_bot - WARNING - Spread for BTCUSD# is too high: 2250 > 500
2026-08-02 01:23:22,283 - ict_bot - WARNING - Spread for GOLD# is too high: 131 > 30
2026-08-02 01:23:22,286 - ict_bot - WARNING - Spread for BTCUSD# is too high: 2250 > 500
2026-08-02 01:23:32,288 - ict_bot - WARNING - Spread for GOLD# is too high: 131 > 30
2026-08-02 01:23:32,290 - ict_bot - WARNING - Spread for BTCUSD# is too high: 2250 > 500
2026-08-02 01:23:42,294 - ict_bot - WARNING - Spread for GOLD# is too high: 131 > 30
2026-08-02 01:23:42,295 - ict_bot - WARNING - Spread for BTCUSD# is too high: 2250 > 500
2026-08-02 01:23:52,299 - ict_bot - WARNING - Spread for GOLD# is too high: 131 > 30
2026-08-02 01:23:52,300 - ict_bot - WARNING - Spread for BTCUSD# is too high: 2250 > 500
2026-08-02 01:24:02,303 - ict_bot - WARNING - Spread for GOLD# is too high: 131 > 30
2026-08-02 01:24:02,305 - ict_bot - WARNING - Spread for BTCUSD# is too high: 2250 > 500
2026-08-02 01:24:12,308 - ict_bot - WARNING - Spread for GOLD# is too high: 131 > 30
2026-08-02 01:24:12,310 - ict_bot - WARNING - Spread for BTCUSD# is too high: 2250 > 500
2026-08-02 01:24:22,313 - ict_bot - WARNING - Spread for GOLD# is too high: 131 > 30
2026-08-02 01:24:22,314 - ict_bot - WARNING - Spread for BTCUSD# is too high: 2250 > 500
2026-08-02 01:24:32,318 - ict_bot - WARNING - Spread for GOLD# is too high: 131 > 30
2026-08-02 01:24:32,320 - ict_bot - WARNING - Spread for BTCUSD# is too high: 2250 > 500
2026-08-02 01:24:42,323 - ict_bot - WARNING - Spread for GOLD# is too high: 131 > 30
2026-08-02 01:24:42,325 - ict_bot - WARNING - Spread for BTCUSD# is too high: 2250 > 500
2026-08-02 01:24:52,328 - ict_bot - WARNING - Spread for GOLD# is too high: 131 > 30
2026-08-02 01:24:52,329 - ict_bot - WARNING - Spread for BTCUSD# is too high: 2250 > 500
2026-08-02 01:25:02,332 - ict_bot - WARNING - Spread for GOLD# is too high: 131 > 30
2026-08-02 01:25:02,333 - ict_bot - WARNING - Spread for BTCUSD# is too high: 2250 > 500
2026-08-02 01:25:12,336 - ict_bot - WARNING - Spread for GOLD# is too high: 131 > 30
2026-08-02 01:25:12,337 - ict_bot - WARNING - Spread for BTCUSD# is too high: 2250 > 500
2026-08-02 01:25:22,339 - ict_bot - WARNING - Spread for GOLD# is too high: 131 > 30
2026-08-02 01:25:22,341 - ict_bot - WARNING - Spread for BTCUSD# is too high: 2250 > 500
2026-08-02 01:25:32,344 - ict_bot - WARNING - Spread for GOLD# is too high: 131 > 30
2026-08-02 01:25:32,346 - ict_bot - WARNING - Spread for BTCUSD# is too high: 2250 > 500
2026-08-02 01:25:42,349 - ict_bot - WARNING - Spread for GOLD# is too high: 131 > 30
2026-08-02 01:25:42,351 - ict_bot - WARNING - Spread for BTCUSD# is too high: 2250 > 500
2026-08-02 01:25:52,355 - ict_bot - WARNING - Spread for GOLD# is too high: 131 > 30
2026-08-02 01:25:52,357 - ict_bot - WARNING - Spread for BTCUSD# is too high: 2250 > 500
2026-08-02 01:26:02,360 - ict_bot - WARNING - Spread for GOLD# is too high: 131 > 30
2026-08-02 01:26:02,362 - ict_bot - WARNING - Spread for BTCUSD# is too high: 2250 > 500
2026-08-02 01:26:12,365 - ict_bot - WARNING - Spread for GOLD# is too high: 131 > 30
2026-08-02 01:26:12,366 - ict_bot - WARNING - Spread for BTCUSD# is too high: 2250 > 500
2026-08-02 01:26:22,369 - ict_bot - WARNING - Spread for GOLD# is too high: 131 > 30
2026-08-02 01:26:22,377 - ict_bot - WARNING - Spread for BTCUSD# is too high: 2250 > 500
2026-08-02 01:26:32,380 - ict_bot - WARNING - Spread for GOLD# is too high: 131 > 30
2026-08-02 01:26:32,381 - ict_bot - WARNING - Spread for BTCUSD# is too high: 2250 > 500
2026-08-02 01:26:42,384 - ict_bot - WARNING - Spread for GOLD# is too high: 131 > 30
2026-08-02 01:26:42,385 - ict_bot - WARNING - Spread for BTCUSD# is too high: 2250 > 500
2026-08-02 01:26:52,388 - ict_bot - WARNING - Spread for GOLD# is too high: 131 > 30
2026-08-02 01:26:52,389 - ict_bot - WARNING - Spread for BTCUSD# is too high: 2250 > 500
2026-08-02 01:27:02,392 - ict_bot - WARNING - Spread for GOLD# is too high: 131 > 30
2026-08-02 01:27:02,394 - ict_bot - WARNING - Spread for BTCUSD# is too high: 2250 > 500
2026-08-02 01:27:12,397 - ict_bot - WARNING - Spread for GOLD# is too high: 131 > 30
2026-08-02 01:27:12,399 - ict_bot - WARNING - Spread for BTCUSD# is too high: 2250 > 500
2026-08-02 01:27:22,402 - ict_bot - WARNING - Spread for GOLD# is too high: 131 > 30
2026-08-02 01:27:22,405 - ict_bot - WARNING - Spread for BTCUSD# is too high: 2250 > 500
2026-08-02 01:27:32,408 - ict_bot - WARNING - Spread for GOLD# is too high: 131 > 30
2026-08-02 01:27:32,410 - ict_bot - WARNING - Spread for BTCUSD# is too high: 2250 > 500
2026-08-02 01:27:42,413 - ict_bot - WARNING - Spread for GOLD# is too high: 131 > 30
2026-08-02 01:27:42,415 - ict_bot - WARNING - Spread for BTCUSD# is too high: 2250 > 500
2026-08-02 01:27:52,418 - ict_bot - WARNING - Spread for GOLD# is too high: 131 > 30
2026-08-02 01:27:52,420 - ict_bot - WARNING - Spread for BTCUSD# is too high: 2250 > 500
2026-08-02 01:28:02,422 - ict_bot - WARNING - Spread for GOLD# is too high: 131 > 30
2026-08-02 01:28:02,424 - ict_bot - WARNING - Spread for BTCUSD# is too high: 2250 > 500
2026-08-02 01:28:12,426 - ict_bot - WARNING - Spread for GOLD# is too high: 131 > 30
2026-08-02 01:28:12,428 - ict_bot - WARNING - Spread for BTCUSD# is too high: 2250 > 500
2026-08-02 01:28:22,431 - ict_bot - WARNING - Spread for GOLD# is too high: 131 > 30
2026-08-02 01:28:22,432 - ict_bot - WARNING - Spread for BTCUSD# is too high: 2250 > 500
2026-08-02 01:28:32,436 - ict_bot - WARNING - Spread for GOLD# is too high: 131 > 30
2026-08-02 01:28:32,438 - ict_bot - WARNING - Spread for BTCUSD# is too high: 2250 > 500
2026-08-02 01:28:42,441 - ict_bot - WARNING - Spread for GOLD# is too high: 131 > 30
2026-08-02 01:28:42,442 - ict_bot - WARNING - Spread for BTCUSD# is too high: 2250 > 500
2026-08-02 01:28:52,447 - ict_bot - WARNING - Spread for GOLD# is too high: 131 > 30
2026-08-02 01:28:52,449 - ict_bot - WARNING - Spread for BTCUSD# is too high: 2250 > 500
2026-08-02 01:29:02,451 - ict_bot - WARNING - Spread for GOLD# is too high: 131 > 30
2026-08-02 01:29:02,453 - ict_bot - WARNING - Spread for BTCUSD# is too high: 2250 > 500
2026-08-02 01:29:12,456 - ict_bot - WARNING - Spread for GOLD# is too high: 131 > 30
2026-08-02 01:29:12,458 - ict_bot - WARNING - Spread for BTCUSD# is too high: 2250 > 500
2026-08-02 01:29:22,461 - ict_bot - WARNING - Spread for GOLD# is too high: 131 > 30
2026-08-02 01:29:22,463 - ict_bot - WARNING - Spread for BTCUSD# is too high: 2250 > 500
2026-08-02 01:29:32,466 - ict_bot - WARNING - Spread for GOLD# is too high: 131 > 30
2026-08-02 01:29:32,468 - ict_bot - WARNING - Spread for BTCUSD# is too high: 2250 > 500
2026-08-02 01:29:42,471 - ict_bot - WARNING - Spread for GOLD# is too high: 131 > 30
2026-08-02 01:29:42,473 - ict_bot - WARNING - Spread for BTCUSD# is too high: 2250 > 500
2026-08-02 01:29:52,476 - ict_bot - WARNING - Spread for GOLD# is too high: 131 > 30
2026-08-02 01:29:52,478 - ict_bot - WARNING - Spread for BTCUSD# is too high: 2250 > 500
2026-08-02 01:30:02,481 - ict_bot - WARNING - Spread for GOLD# is too high: 131 > 30
2026-08-02 01:30:02,482 - ict_bot - WARNING - Spread for BTCUSD# is too high: 2250 > 500
2026-08-02 01:30:12,485 - ict_bot - WARNING - Spread for GOLD# is too high: 131 > 30
2026-08-02 01:30:12,487 - ict_bot - WARNING - Spread for BTCUSD# is too high: 2250 > 500
2026-08-02 01:30:22,489 - ict_bot - WARNING - Spread for GOLD# is too high: 131 > 30
2026-08-02 01:30:22,490 - ict_bot - WARNING - Spread for BTCUSD# is too high: 2250 > 500
2026-08-02 01:30:32,493 - ict_bot - WARNING - Spread for GOLD# is too high: 131 > 30
2026-08-02 01:30:32,494 - ict_bot - WARNING - Spread for BTCUSD# is too high: 2250 > 500
2026-08-02 01:30:42,497 - ict_bot - WARNING - Spread for GOLD# is too high: 131 > 30
2026-08-02 01:30:42,499 - ict_bot - WARNING - Spread for BTCUSD# is too high: 2250 > 500
2026-08-02 01:30:52,501 - ict_bot - WARNING - Spread for GOLD# is too high: 131 > 30
2026-08-02 01:30:52,503 - ict_bot - WARNING - Spread for BTCUSD# is too high: 2250 > 500
2026-08-02 01:31:02,506 - ict_bot - WARNING - Spread for GOLD# is too high: 131 > 30
2026-08-02 01:31:02,507 - ict_bot - WARNING - Spread for BTCUSD# is too high: 2250 > 500
2026-08-02 01:31:12,510 - ict_bot - WARNING - Spread for GOLD# is too high: 131 > 30
2026-08-02 01:31:12,512 - ict_bot - WARNING - Spread for BTCUSD# is too high: 2250 > 500
2026-08-02 01:31:22,515 - ict_bot - WARNING - Spread for GOLD# is too high: 131 > 30
2026-08-02 01:31:22,516 - ict_bot - WARNING - Spread for BTCUSD# is too high: 2250 > 500
2026-08-02 01:31:32,519 - ict_bot - WARNING - Spread for GOLD# is too high: 131 > 30
2026-08-02 01:31:32,521 - ict_bot - WARNING - Spread for BTCUSD# is too high: 2250 > 500
2026-08-02 01:31:42,525 - ict_bot - WARNING - Spread for GOLD# is too high: 131 > 30
2026-08-02 01:31:42,526 - ict_bot - WARNING - Spread for BTCUSD# is too high: 2250 > 500
2026-08-02 01:31:52,530 - ict_bot - WARNING - Spread for GOLD# is too high: 131 > 30
2026-08-02 01:31:52,532 - ict_bot - WARNING - Spread for BTCUSD# is too high: 2250 > 500
2026-08-02 01:32:02,535 - ict_bot - WARNING - Spread for GOLD# is too high: 131 > 30
2026-08-02 01:32:02,536 - ict_bot - WARNING - Spread for BTCUSD# is too high: 2250 > 500
2026-08-02 01:32:12,539 - ict_bot - WARNING - Spread for GOLD# is too high: 131 > 30
2026-08-02 01:32:12,540 - ict_bot - WARNING - Spread for BTCUSD# is too high: 2250 > 500
2026-08-02 01:32:22,543 - ict_bot - WARNING - Spread for GOLD# is too high: 131 > 30
2026-08-02 01:32:22,544 - ict_bot - WARNING - Spread for BTCUSD# is too high: 2250 > 500
2026-08-02 01:32:32,547 - ict_bot - WARNING - Spread for GOLD# is too high: 131 > 30
2026-08-02 01:32:32,549 - ict_bot - WARNING - Spread for BTCUSD# is too high: 2250 > 500
2026-08-02 01:32:42,552 - ict_bot - WARNING - Spread for GOLD# is too high: 131 > 30
2026-08-02 01:32:42,553 - ict_bot - WARNING - Spread for BTCUSD# is too high: 2250 > 500
2026-08-02 01:32:52,556 - ict_bot - WARNING - Spread for GOLD# is too high: 131 > 30
2026-08-02 01:32:52,558 - ict_bot - WARNING - Spread for BTCUSD# is too high: 2250 > 500
2026-08-02 01:33:02,561 - ict_bot - WARNING - Spread for GOLD# is too high: 131 > 30
2026-08-02 01:33:02,562 - ict_bot - WARNING - Spread for BTCUSD# is too high: 2250 > 500
2026-08-02 01:33:12,565 - ict_bot - WARNING - Spread for GOLD# is too high: 131 > 30
2026-08-02 01:33:12,567 - ict_bot - WARNING - Spread for BTCUSD# is too high: 2250 > 500
2026-08-02 01:33:22,570 - ict_bot - WARNING - Spread for GOLD# is too high: 131 > 30
2026-08-02 01:33:22,572 - ict_bot - WARNING - Spread for BTCUSD# is too high: 2250 > 500
2026-08-02 01:33:32,575 - ict_bot - WARNING - Spread for GOLD# is too high: 131 > 30
2026-08-02 01:33:32,576 - ict_bot - WARNING - Spread for BTCUSD# is too high: 2250 > 500
2026-08-02 01:33:42,579 - ict_bot - WARNING - Spread for GOLD# is too high: 131 > 30
2026-08-02 01:33:42,581 - ict_bot - WARNING - Spread for BTCUSD# is too high: 2250 > 500
2026-08-02 01:33:52,583 - ict_bot - WARNING - Spread for GOLD# is too high: 131 > 30
2026-08-02 01:33:52,585 - ict_bot - WARNING - Spread for BTCUSD# is too high: 2250 > 500
2026-08-02 01:34:02,588 - ict_bot - WARNING - Spread for GOLD# is too high: 131 > 30
2026-08-02 01:34:02,590 - ict_bot - WARNING - Spread for BTCUSD# is too high: 2250 > 500
2026-08-02 01:34:12,592 - ict_bot - WARNING - Spread for GOLD# is too high: 131 > 30
2026-08-02 01:34:12,594 - ict_bot - WARNING - Spread for BTCUSD# is too high: 2250 > 500
2026-08-02 01:34:22,596 - ict_bot - WARNING - Spread for GOLD# is too high: 131 > 30
2026-08-02 01:34:22,598 - ict_bot - WARNING - Spread for BTCUSD# is too high: 2250 > 500
2026-08-02 01:34:32,601 - ict_bot - WARNING - Spread for GOLD# is too high: 131 > 30
2026-08-02 01:34:32,604 - ict_bot - WARNING - Spread for BTCUSD# is too high: 2250 > 500
2026-08-02 01:34:42,608 - ict_bot - WARNING - Spread for GOLD# is too high: 131 > 30
2026-08-02 01:34:42,610 - ict_bot - WARNING - Spread for BTCUSD# is too high: 2250 > 500
2026-08-02 01:34:52,614 - ict_bot - WARNING - Spread for GOLD# is too high: 131 > 30
2026-08-02 01:34:52,615 - ict_bot - WARNING - Spread for BTCUSD# is too high: 2250 > 500
2026-08-02 01:35:02,618 - ict_bot - WARNING - Spread for GOLD# is too high: 131 > 30
2026-08-02 01:35:02,619 - ict_bot - WARNING - Spread for BTCUSD# is too high: 2250 > 500
2026-08-02 01:35:12,622 - ict_bot - WARNING - Spread for GOLD# is too high: 131 > 30
2026-08-02 01:35:12,624 - ict_bot - WARNING - Spread for BTCUSD# is too high: 2250 > 500
2026-08-02 01:35:22,626 - ict_bot - WARNING - Spread for GOLD# is too high: 131 > 30
2026-08-02 01:35:22,627 - ict_bot - WARNING - Spread for BTCUSD# is too high: 2250 > 500
2026-08-02 01:35:32,630 - ict_bot - WARNING - Spread for GOLD# is too high: 131 > 30
2026-08-02 01:35:32,632 - ict_bot - WARNING - Spread for BTCUSD# is too high: 2250 > 500
2026-08-02 01:35:42,635 - ict_bot - WARNING - Spread for GOLD# is too high: 131 > 30
2026-08-02 01:35:42,637 - ict_bot - WARNING - Spread for BTCUSD# is too high: 2250 > 500
2026-08-02 01:35:52,641 - ict_bot - WARNING - Spread for GOLD# is too high: 131 > 30
2026-08-02 01:35:52,642 - ict_bot - WARNING - Spread for BTCUSD# is too high: 2250 > 500
2026-08-02 01:36:02,645 - ict_bot - WARNING - Spread for GOLD# is too high: 131 > 30
2026-08-02 01:36:02,647 - ict_bot - WARNING - Spread for BTCUSD# is too high: 2250 > 500
2026-08-02 01:36:12,650 - ict_bot - WARNING - Spread for GOLD# is too high: 131 > 30
2026-08-02 01:36:12,652 - ict_bot - WARNING - Spread for BTCUSD# is too high: 2250 > 500
2026-08-02 01:36:22,655 - ict_bot - WARNING - Spread for GOLD# is too high: 131 > 30
2026-08-02 01:36:22,656 - ict_bot - WARNING - Spread for BTCUSD# is too high: 2250 > 500
2026-08-02 01:36:32,659 - ict_bot - WARNING - Spread for GOLD# is too high: 131 > 30
2026-08-02 01:36:32,661 - ict_bot - WARNING - Spread for BTCUSD# is too high: 2250 > 500
2026-08-02 01:36:42,664 - ict_bot - WARNING - Spread for GOLD# is too high: 131 > 30
2026-08-02 01:36:42,666 - ict_bot - WARNING - Spread for BTCUSD# is too high: 2250 > 500
2026-08-02 01:36:52,668 - ict_bot - WARNING - Spread for GOLD# is too high: 131 > 30
2026-08-02 01:36:52,670 - ict_bot - WARNING - Spread for BTCUSD# is too high: 2250 > 500
2026-08-02 01:37:02,673 - ict_bot - WARNING - Spread for GOLD# is too high: 131 > 30
2026-08-02 01:37:02,674 - ict_bot - WARNING - Spread for BTCUSD# is too high: 2250 > 500
2026-08-02 01:37:12,677 - ict_bot - WARNING - Spread for GOLD# is too high: 131 > 30
2026-08-02 01:37:12,678 - ict_bot - WARNING - Spread for BTCUSD# is too high: 2250 > 500
2026-08-02 01:37:22,681 - ict_bot - WARNING - Spread for GOLD# is too high: 131 > 30
2026-08-02 01:37:22,682 - ict_bot - WARNING - Spread for BTCUSD# is too high: 2250 > 500
2026-08-02 01:37:32,685 - ict_bot - WARNING - Spread for GOLD# is too high: 131 > 30
2026-08-02 01:37:32,686 - ict_bot - WARNING - Spread for BTCUSD# is too high: 2250 > 500
2026-08-02 01:37:42,689 - ict_bot - WARNING - Spread for GOLD# is too high: 131 > 30
2026-08-02 01:37:42,690 - ict_bot - WARNING - Spread for BTCUSD# is too high: 2250 > 500
2026-08-02 01:37:52,692 - ict_bot - WARNING - Spread for GOLD# is too high: 131 > 30
2026-08-02 01:37:52,694 - ict_bot - WARNING - Spread for BTCUSD# is too high: 2250 > 500
2026-08-02 01:38:02,695 - ict_bot - WARNING - Spread for GOLD# is too high: 131 > 30
2026-08-02 01:38:02,697 - ict_bot - WARNING - Spread for BTCUSD# is too high: 2250 > 500
2026-08-02 01:38:12,699 - ict_bot - WARNING - Spread for GOLD# is too high: 131 > 30
2026-08-02 01:38:12,700 - ict_bot - WARNING - Spread for BTCUSD# is too high: 2250 > 500
2026-08-02 01:38:22,703 - ict_bot - WARNING - Spread for GOLD# is too high: 131 > 30
2026-08-02 01:38:22,704 - ict_bot - WARNING - Spread for BTCUSD# is too high: 2250 > 500
2026-08-02 01:38:32,706 - ict_bot - WARNING - Spread for GOLD# is too high: 131 > 30
2026-08-02 01:38:32,708 - ict_bot - WARNING - Spread for BTCUSD# is too high: 2250 > 500
2026-08-02 01:38:42,710 - ict_bot - WARNING - Spread for GOLD# is too high: 131 > 30
2026-08-02 01:38:42,711 - ict_bot - WARNING - Spread for BTCUSD# is too high: 2250 > 500
2026-08-02 01:38:52,714 - ict_bot - WARNING - Spread for GOLD# is too high: 131 > 30
2026-08-02 01:38:52,715 - ict_bot - WARNING - Spread for BTCUSD# is too high: 2250 > 500
2026-08-02 01:39:02,718 - ict_bot - WARNING - Spread for GOLD# is too high: 131 > 30
2026-08-02 01:39:02,719 - ict_bot - WARNING - Spread for BTCUSD# is too high: 2250 > 500
2026-08-02 01:39:12,722 - ict_bot - WARNING - Spread for GOLD# is too high: 131 > 30
2026-08-02 01:39:12,723 - ict_bot - WARNING - Spread for BTCUSD# is too high: 2250 > 500
2026-08-02 01:39:22,725 - ict_bot - WARNING - Spread for GOLD# is too high: 131 > 30
2026-08-02 01:39:22,727 - ict_bot - WARNING - Spread for BTCUSD# is too high: 2250 > 500
2026-08-02 01:39:32,729 - ict_bot - WARNING - Spread for GOLD# is too high: 131 > 30
2026-08-02 01:39:32,731 - ict_bot - WARNING - Spread for BTCUSD# is too high: 2250 > 500
2026-08-02 01:39:42,733 - ict_bot - WARNING - Spread for GOLD# is too high: 131 > 30
2026-08-02 01:39:42,734 - ict_bot - WARNING - Spread for BTCUSD# is too high: 2250 > 500
2026-08-02 01:39:52,737 - ict_bot - WARNING - Spread for GOLD# is too high: 131 > 30
2026-08-02 01:39:52,738 - ict_bot - WARNING - Spread for BTCUSD# is too high: 2250 > 500
2026-08-02 01:40:02,740 - ict_bot - WARNING - Spread for GOLD# is too high: 131 > 30
2026-08-02 01:40:02,741 - ict_bot - WARNING - Spread for BTCUSD# is too high: 2250 > 500
2026-08-02 01:40:12,744 - ict_bot - WARNING - Spread for GOLD# is too high: 131 > 30
2026-08-02 01:40:12,745 - ict_bot - WARNING - Spread for BTCUSD# is too high: 2250 > 500
2026-08-02 01:40:22,748 - ict_bot - WARNING - Spread for GOLD# is too high: 131 > 30
2026-08-02 01:40:22,749 - ict_bot - WARNING - Spread for BTCUSD# is too high: 2250 > 500
2026-08-02 01:40:32,752 - ict_bot - WARNING - Spread for GOLD# is too high: 131 > 30
2026-08-02 01:40:32,753 - ict_bot - WARNING - Spread for BTCUSD# is too high: 2250 > 500
2026-08-02 01:40:42,756 - ict_bot - WARNING - Spread for GOLD# is too high: 131 > 30
2026-08-02 01:40:42,757 - ict_bot - WARNING - Spread for BTCUSD# is too high: 2250 > 500
2026-08-02 01:40:52,759 - ict_bot - WARNING - Spread for GOLD# is too high: 131 > 30
2026-08-02 01:40:52,760 - ict_bot - WARNING - Spread for BTCUSD# is too high: 2250 > 500
2026-08-02 01:41:02,762 - ict_bot - WARNING - Spread for GOLD# is too high: 131 > 30
2026-08-02 01:41:02,763 - ict_bot - WARNING - Spread for BTCUSD# is too high: 2250 > 500
2026-08-02 01:41:12,766 - ict_bot - WARNING - Spread for GOLD# is too high: 131 > 30
2026-08-02 01:41:12,767 - ict_bot - WARNING - Spread for BTCUSD# is too high: 2250 > 500
2026-08-02 01:41:22,769 - ict_bot - WARNING - Spread for GOLD# is too high: 131 > 30
2026-08-02 01:41:22,771 - ict_bot - WARNING - Spread for BTCUSD# is too high: 2250 > 500
2026-08-02 01:41:32,773 - ict_bot - WARNING - Spread for GOLD# is too high: 131 > 30
2026-08-02 01:41:32,774 - ict_bot - WARNING - Spread for BTCUSD# is too high: 2250 > 500
2026-08-02 01:41:42,777 - ict_bot - WARNING - Spread for GOLD# is too high: 131 > 30
2026-08-02 01:41:42,778 - ict_bot - WARNING - Spread for BTCUSD# is too high: 2250 > 500
2026-08-02 01:41:52,781 - ict_bot - WARNING - Spread for GOLD# is too high: 131 > 30
2026-08-02 01:41:52,782 - ict_bot - WARNING - Spread for BTCUSD# is too high: 2250 > 500
2026-08-02 01:42:02,784 - ict_bot - WARNING - Spread for GOLD# is too high: 131 > 30
2026-08-02 01:42:02,785 - ict_bot - WARNING - Spread for BTCUSD# is too high: 2250 > 500
2026-08-02 01:42:12,788 - ict_bot - WARNING - Spread for GOLD# is too high: 131 > 30
2026-08-02 01:42:12,789 - ict_bot - WARNING - Spread for BTCUSD# is too high: 2250 > 500
2026-08-02 01:42:22,791 - ict_bot - WARNING - Spread for GOLD# is too high: 131 > 30
2026-08-02 01:42:22,792 - ict_bot - WARNING - Spread for BTCUSD# is too high: 2250 > 500
2026-08-02 01:42:32,794 - ict_bot - WARNING - Spread for GOLD# is too high: 131 > 30
2026-08-02 01:42:32,796 - ict_bot - WARNING - Spread for BTCUSD# is too high: 2250 > 500
2026-08-02 01:42:42,798 - ict_bot - WARNING - Spread for GOLD# is too high: 131 > 30
2026-08-02 01:42:42,799 - ict_bot - WARNING - Spread for BTCUSD# is too high: 2250 > 500
2026-08-02 01:42:52,802 - ict_bot - WARNING - Spread for GOLD# is too high: 131 > 30
2026-08-02 01:42:52,803 - ict_bot - WARNING - Spread for BTCUSD# is too high: 2250 > 500
2026-08-02 01:43:02,806 - ict_bot - WARNING - Spread for GOLD# is too high: 131 > 30
2026-08-02 01:43:02,808 - ict_bot - WARNING - Spread for BTCUSD# is too high: 2250 > 500
2026-08-02 01:43:12,811 - ict_bot - WARNING - Spread for GOLD# is too high: 131 > 30
2026-08-02 01:43:12,812 - ict_bot - WARNING - Spread for BTCUSD# is too high: 2250 > 500
2026-08-02 01:43:22,814 - ict_bot - WARNING - Spread for GOLD# is too high: 131 > 30
2026-08-02 01:43:22,815 - ict_bot - WARNING - Spread for BTCUSD# is too high: 2250 > 500
2026-08-02 01:43:32,818 - ict_bot - WARNING - Spread for GOLD# is too high: 131 > 30
2026-08-02 01:43:32,819 - ict_bot - WARNING - Spread for BTCUSD# is too high: 2250 > 500
2026-08-02 01:43:42,821 - ict_bot - WARNING - Spread for GOLD# is too high: 131 > 30
2026-08-02 01:43:42,822 - ict_bot - WARNING - Spread for BTCUSD# is too high: 2250 > 500
2026-08-02 01:43:52,825 - ict_bot - WARNING - Spread for GOLD# is too high: 131 > 30
2026-08-02 01:43:52,826 - ict_bot - WARNING - Spread for BTCUSD# is too high: 2250 > 500
2026-08-02 01:44:02,828 - ict_bot - WARNING - Spread for GOLD# is too high: 131 > 30
2026-08-02 01:44:02,830 - ict_bot - WARNING - Spread for BTCUSD# is too high: 2250 > 500
2026-08-02 01:44:12,832 - ict_bot - WARNING - Spread for GOLD# is too high: 131 > 30
2026-08-02 01:44:12,833 - ict_bot - WARNING - Spread for BTCUSD# is too high: 2250 > 500
2026-08-02 01:44:22,835 - ict_bot - WARNING - Spread for GOLD# is too high: 131 > 30
2026-08-02 01:44:22,836 - ict_bot - WARNING - Spread for BTCUSD# is too high: 2250 > 500
2026-08-02 01:44:32,839 - ict_bot - WARNING - Spread for GOLD# is too high: 131 > 30
2026-08-02 01:44:32,841 - ict_bot - WARNING - Spread for BTCUSD# is too high: 2250 > 500
2026-08-02 01:44:42,843 - ict_bot - WARNING - Spread for GOLD# is too high: 131 > 30
2026-08-02 01:44:42,844 - ict_bot - WARNING - Spread for BTCUSD# is too high: 2250 > 500
2026-08-02 01:44:52,846 - ict_bot - WARNING - Spread for GOLD# is too high: 131 > 30
2026-08-02 01:44:52,848 - ict_bot - WARNING - Spread for BTCUSD# is too high: 2250 > 500
2026-08-02 01:45:02,850 - ict_bot - WARNING - Spread for GOLD# is too high: 131 > 30
2026-08-02 01:45:02,851 - ict_bot - WARNING - Spread for BTCUSD# is too high: 2250 > 500
2026-08-02 01:45:12,854 - ict_bot - WARNING - Spread for GOLD# is too high: 131 > 30
2026-08-02 01:45:12,856 - ict_bot - WARNING - Spread for BTCUSD# is too high: 2250 > 500
2026-08-02 01:45:22,858 - ict_bot - WARNING - Spread for GOLD# is too high: 131 > 30
2026-08-02 01:45:22,861 - ict_bot - WARNING - Spread for BTCUSD# is too high: 2250 > 500
2026-08-02 01:45:32,864 - ict_bot - WARNING - Spread for GOLD# is too high: 131 > 30
2026-08-02 01:45:32,865 - ict_bot - WARNING - Spread for BTCUSD# is too high: 2250 > 500
2026-08-02 01:45:42,868 - ict_bot - WARNING - Spread for GOLD# is too high: 131 > 30
2026-08-02 01:45:42,869 - ict_bot - WARNING - Spread for BTCUSD# is too high: 2250 > 500
2026-08-02 01:45:52,872 - ict_bot - WARNING - Spread for GOLD# is too high: 131 > 30
2026-08-02 01:45:52,873 - ict_bot - WARNING - Spread for BTCUSD# is too high: 2250 > 500
2026-08-02 01:46:02,876 - ict_bot - WARNING - Spread for GOLD# is too high: 131 > 30
2026-08-02 01:46:02,877 - ict_bot - WARNING - Spread for BTCUSD# is too high: 2250 > 500
2026-08-02 01:46:12,880 - ict_bot - WARNING - Spread for GOLD# is too high: 131 > 30
2026-08-02 01:46:12,881 - ict_bot - WARNING - Spread for BTCUSD# is too high: 2250 > 500
2026-08-02 01:46:22,884 - ict_bot - WARNING - Spread for GOLD# is too high: 131 > 30
2026-08-02 01:46:22,886 - ict_bot - WARNING - Spread for BTCUSD# is too high: 2250 > 500
2026-08-02 01:46:32,889 - ict_bot - WARNING - Spread for GOLD# is too high: 131 > 30
2026-08-02 01:46:32,892 - ict_bot - WARNING - Spread for BTCUSD# is too high: 2250 > 500
2026-08-02 01:46:42,895 - ict_bot - WARNING - Spread for GOLD# is too high: 131 > 30
2026-08-02 01:46:42,896 - ict_bot - WARNING - Spread for BTCUSD# is too high: 2250 > 500
2026-08-02 01:46:52,902 - ict_bot - WARNING - Spread for GOLD# is too high: 131 > 30
2026-08-02 01:46:52,903 - ict_bot - WARNING - Spread for BTCUSD# is too high: 2250 > 500
2026-08-02 01:47:02,906 - ict_bot - WARNING - Spread for GOLD# is too high: 131 > 30
2026-08-02 01:47:02,907 - ict_bot - WARNING - Spread for BTCUSD# is too high: 2250 > 500
2026-08-02 01:47:12,911 - ict_bot - WARNING - Spread for GOLD# is too high: 131 > 30
2026-08-02 01:47:12,912 - ict_bot - WARNING - Spread for BTCUSD# is too high: 2250 > 500
2026-08-02 01:47:22,915 - ict_bot - WARNING - Spread for GOLD# is too high: 131 > 30
2026-08-02 01:47:22,917 - ict_bot - WARNING - Spread for BTCUSD# is too high: 2250 > 500
2026-08-02 01:47:32,919 - ict_bot - WARNING - Spread for GOLD# is too high: 131 > 30
2026-08-02 01:47:32,920 - ict_bot - WARNING - Spread for BTCUSD# is too high: 2250 > 500
2026-08-02 01:47:42,924 - ict_bot - WARNING - Spread for GOLD# is too high: 131 > 30
2026-08-02 01:47:42,925 - ict_bot - WARNING - Spread for BTCUSD# is too high: 2250 > 500
2026-08-02 01:47:52,928 - ict_bot - WARNING - Spread for GOLD# is too high: 131 > 30
2026-08-02 01:47:52,929 - ict_bot - WARNING - Spread for BTCUSD# is too high: 2250 > 500
2026-08-02 01:48:02,932 - ict_bot - WARNING - Spread for GOLD# is too high: 131 > 30
2026-08-02 01:48:02,934 - ict_bot - WARNING - Spread for BTCUSD# is too high: 2250 > 500
2026-08-02 01:48:12,936 - ict_bot - WARNING - Spread for GOLD# is too high: 131 > 30
2026-08-02 01:48:12,937 - ict_bot - WARNING - Spread for BTCUSD# is too high: 2250 > 500
2026-08-02 01:48:22,940 - ict_bot - WARNING - Spread for GOLD# is too high: 131 > 30
2026-08-02 01:48:22,941 - ict_bot - WARNING - Spread for BTCUSD# is too high: 2250 > 500
2026-08-02 01:48:32,944 - ict_bot - WARNING - Spread for GOLD# is too high: 131 > 30
2026-08-02 01:48:32,945 - ict_bot - WARNING - Spread for BTCUSD# is too high: 2250 > 500
2026-08-02 01:48:42,948 - ict_bot - WARNING - Spread for GOLD# is too high: 131 > 30
2026-08-02 01:48:42,949 - ict_bot - WARNING - Spread for BTCUSD# is too high: 2250 > 500
2026-08-02 01:48:52,951 - ict_bot - WARNING - Spread for GOLD# is too high: 131 > 30
2026-08-02 01:48:52,952 - ict_bot - WARNING - Spread for BTCUSD# is too high: 2250 > 500
2026-08-02 01:49:02,955 - ict_bot - WARNING - Spread for GOLD# is too high: 131 > 30
2026-08-02 01:49:02,956 - ict_bot - WARNING - Spread for BTCUSD# is too high: 2250 > 500
2026-08-02 01:49:12,959 - ict_bot - WARNING - Spread for GOLD# is too high: 131 > 30
2026-08-02 01:49:12,960 - ict_bot - WARNING - Spread for BTCUSD# is too high: 2250 > 500
2026-08-02 01:49:22,963 - ict_bot - WARNING - Spread for GOLD# is too high: 131 > 30
2026-08-02 01:49:22,964 - ict_bot - WARNING - Spread for BTCUSD# is too high: 2250 > 500
2026-08-02 01:49:32,966 - ict_bot - WARNING - Spread for GOLD# is too high: 131 > 30
2026-08-02 01:49:32,968 - ict_bot - WARNING - Spread for BTCUSD# is too high: 2250 > 500
2026-08-02 01:49:42,970 - ict_bot - WARNING - Spread for GOLD# is too high: 131 > 30
2026-08-02 01:49:42,972 - ict_bot - WARNING - Spread for BTCUSD# is too high: 2250 > 500
2026-08-02 01:49:52,974 - ict_bot - WARNING - Spread for GOLD# is too high: 131 > 30
2026-08-02 01:49:52,975 - ict_bot - WARNING - Spread for BTCUSD# is too high: 2250 > 500
2026-08-02 01:50:02,977 - ict_bot - WARNING - Spread for GOLD# is too high: 131 > 30
2026-08-02 01:50:02,978 - ict_bot - WARNING - Spread for BTCUSD# is too high: 2250 > 500
2026-08-02 01:50:12,980 - ict_bot - WARNING - Spread for GOLD# is too high: 131 > 30
2026-08-02 01:50:12,981 - ict_bot - WARNING - Spread for BTCUSD# is too high: 2250 > 500
2026-08-02 01:50:22,984 - ict_bot - WARNING - Spread for GOLD# is too high: 131 > 30
2026-08-02 01:50:22,985 - ict_bot - WARNING - Spread for BTCUSD# is too high: 2250 > 500
2026-08-02 01:50:32,988 - ict_bot - WARNING - Spread for GOLD# is too high: 131 > 30
2026-08-02 01:50:32,989 - ict_bot - WARNING - Spread for BTCUSD# is too high: 2250 > 500
2026-08-02 01:50:42,992 - ict_bot - WARNING - Spread for GOLD# is too high: 131 > 30
2026-08-02 01:50:42,993 - ict_bot - WARNING - Spread for BTCUSD# is too high: 2250 > 500
2026-08-02 01:50:52,995 - ict_bot - WARNING - Spread for GOLD# is too high: 131 > 30
2026-08-02 01:50:52,997 - ict_bot - WARNING - Spread for BTCUSD# is too high: 2250 > 500
2026-08-02 01:51:02,999 - ict_bot - WARNING - Spread for GOLD# is too high: 131 > 30
2026-08-02 01:51:03,000 - ict_bot - WARNING - Spread for BTCUSD# is too high: 2250 > 500
2026-08-02 01:51:13,003 - ict_bot - WARNING - Spread for GOLD# is too high: 131 > 30
2026-08-02 01:51:13,004 - ict_bot - WARNING - Spread for BTCUSD# is too high: 2250 > 500
2026-08-02 01:51:23,007 - ict_bot - WARNING - Spread for GOLD# is too high: 131 > 30
2026-08-02 01:51:23,008 - ict_bot - WARNING - Spread for BTCUSD# is too high: 2250 > 500
2026-08-02 01:51:33,011 - ict_bot - WARNING - Spread for GOLD# is too high: 131 > 30
2026-08-02 01:51:33,012 - ict_bot - WARNING - Spread for BTCUSD# is too high: 2250 > 500
2026-08-02 01:51:43,015 - ict_bot - WARNING - Spread for GOLD# is too high: 131 > 30
2026-08-02 01:51:43,016 - ict_bot - WARNING - Spread for BTCUSD# is too high: 2250 > 500
2026-08-02 01:51:53,019 - ict_bot - WARNING - Spread for GOLD# is too high: 131 > 30
2026-08-02 01:51:53,020 - ict_bot - WARNING - Spread for BTCUSD# is too high: 2250 > 500
2026-08-02 01:52:03,022 - ict_bot - WARNING - Spread for GOLD# is too high: 131 > 30
2026-08-02 01:52:03,023 - ict_bot - WARNING - Spread for BTCUSD# is too high: 2250 > 500
2026-08-02 01:52:13,026 - ict_bot - WARNING - Spread for GOLD# is too high: 131 > 30
2026-08-02 01:52:13,027 - ict_bot - WARNING - Spread for BTCUSD# is too high: 2250 > 500
2026-08-02 01:52:23,029 - ict_bot - WARNING - Spread for GOLD# is too high: 131 > 30
2026-08-02 01:52:23,031 - ict_bot - WARNING - Spread for BTCUSD# is too high: 2250 > 500
2026-08-02 01:52:33,034 - ict_bot - WARNING - Spread for GOLD# is too high: 131 > 30
2026-08-02 01:52:33,035 - ict_bot - WARNING - Spread for BTCUSD# is too high: 2250 > 500
2026-08-02 01:52:43,037 - ict_bot - WARNING - Spread for GOLD# is too high: 131 > 30
2026-08-02 01:52:43,039 - ict_bot - WARNING - Spread for BTCUSD# is too high: 2250 > 500
2026-08-02 01:52:53,041 - ict_bot - WARNING - Spread for GOLD# is too high: 131 > 30
2026-08-02 01:52:53,042 - ict_bot - WARNING - Spread for BTCUSD# is too high: 2250 > 500
2026-08-02 01:53:03,045 - ict_bot - WARNING - Spread for GOLD# is too high: 131 > 30
2026-08-02 01:53:03,046 - ict_bot - WARNING - Spread for BTCUSD# is too high: 2250 > 500
2026-08-02 01:53:13,048 - ict_bot - WARNING - Spread for GOLD# is too high: 131 > 30
2026-08-02 01:53:13,050 - ict_bot - WARNING - Spread for BTCUSD# is too high: 2250 > 500
2026-08-02 01:53:23,052 - ict_bot - WARNING - Spread for GOLD# is too high: 131 > 30
2026-08-02 01:53:23,053 - ict_bot - WARNING - Spread for BTCUSD# is too high: 2250 > 500
2026-08-02 01:53:33,055 - ict_bot - WARNING - Spread for GOLD# is too high: 131 > 30
2026-08-02 01:53:33,057 - ict_bot - WARNING - Spread for BTCUSD# is too high: 2250 > 500
2026-08-02 01:53:43,059 - ict_bot - WARNING - Spread for GOLD# is too high: 131 > 30
2026-08-02 01:53:43,060 - ict_bot - WARNING - Spread for BTCUSD# is too high: 2250 > 500
2026-08-02 01:53:53,063 - ict_bot - WARNING - Spread for GOLD# is too high: 131 > 30
2026-08-02 01:53:53,064 - ict_bot - WARNING - Spread for BTCUSD# is too high: 2250 > 500
2026-08-02 01:54:03,067 - ict_bot - WARNING - Spread for GOLD# is too high: 131 > 30
2026-08-02 01:54:03,068 - ict_bot - WARNING - Spread for BTCUSD# is too high: 2250 > 500
2026-08-02 01:54:13,070 - ict_bot - WARNING - Spread for GOLD# is too high: 131 > 30
2026-08-02 01:54:13,071 - ict_bot - WARNING - Spread for BTCUSD# is too high: 2250 > 500
2026-08-02 01:54:23,074 - ict_bot - WARNING - Spread for GOLD# is too high: 131 > 30
2026-08-02 01:54:23,075 - ict_bot - WARNING - Spread for BTCUSD# is too high: 2250 > 500
2026-08-02 01:54:33,078 - ict_bot - WARNING - Spread for GOLD# is too high: 131 > 30
2026-08-02 01:54:33,079 - ict_bot - WARNING - Spread for BTCUSD# is too high: 2250 > 500
2026-08-02 01:54:43,082 - ict_bot - WARNING - Spread for GOLD# is too high: 131 > 30
2026-08-02 01:54:43,083 - ict_bot - WARNING - Spread for BTCUSD# is too high: 2250 > 500
2026-08-02 01:54:53,085 - ict_bot - WARNING - Spread for GOLD# is too high: 131 > 30
2026-08-02 01:54:53,086 - ict_bot - WARNING - Spread for BTCUSD# is too high: 2250 > 500
2026-08-02 01:55:03,089 - ict_bot - WARNING - Spread for GOLD# is too high: 131 > 30
2026-08-02 01:55:03,090 - ict_bot - WARNING - Spread for BTCUSD# is too high: 2250 > 500
2026-08-02 01:55:13,093 - ict_bot - WARNING - Spread for GOLD# is too high: 131 > 30
2026-08-02 01:55:13,094 - ict_bot - WARNING - Spread for BTCUSD# is too high: 2250 > 500
2026-08-02 01:55:23,096 - ict_bot - WARNING - Spread for GOLD# is too high: 131 > 30
2026-08-02 01:55:23,098 - ict_bot - WARNING - Spread for BTCUSD# is too high: 2250 > 500
2026-08-02 01:55:33,100 - ict_bot - WARNING - Spread for GOLD# is too high: 131 > 30
2026-08-02 01:55:33,102 - ict_bot - WARNING - Spread for BTCUSD# is too high: 2250 > 500
2026-08-02 01:55:43,104 - ict_bot - WARNING - Spread for GOLD# is too high: 131 > 30
2026-08-02 01:55:43,105 - ict_bot - WARNING - Spread for BTCUSD# is too high: 2250 > 500
2026-08-02 01:55:53,108 - ict_bot - WARNING - Spread for GOLD# is too high: 131 > 30
2026-08-02 01:55:53,109 - ict_bot - WARNING - Spread for BTCUSD# is too high: 2250 > 500
2026-08-02 01:56:03,111 - ict_bot - WARNING - Spread for GOLD# is too high: 131 > 30
2026-08-02 01:56:03,113 - ict_bot - WARNING - Spread for BTCUSD# is too high: 2250 > 500
2026-08-02 01:56:13,115 - ict_bot - WARNING - Spread for GOLD# is too high: 131 > 30
2026-08-02 01:56:13,117 - ict_bot - WARNING - Spread for BTCUSD# is too high: 2250 > 500
2026-08-02 01:56:23,119 - ict_bot - WARNING - Spread for GOLD# is too high: 131 > 30
2026-08-02 01:56:23,120 - ict_bot - WARNING - Spread for BTCUSD# is too high: 2250 > 500
2026-08-02 01:56:33,123 - ict_bot - WARNING - Spread for GOLD# is too high: 131 > 30
2026-08-02 01:56:33,124 - ict_bot - WARNING - Spread for BTCUSD# is too high: 2250 > 500
2026-08-02 01:56:43,127 - ict_bot - WARNING - Spread for GOLD# is too high: 131 > 30
2026-08-02 01:56:43,128 - ict_bot - WARNING - Spread for BTCUSD# is too high: 2250 > 500
2026-08-02 01:56:53,131 - ict_bot - WARNING - Spread for GOLD# is too high: 131 > 30
2026-08-02 01:56:53,132 - ict_bot - WARNING - Spread for BTCUSD# is too high: 2250 > 500
2026-08-02 01:57:03,134 - ict_bot - WARNING - Spread for GOLD# is too high: 131 > 30
2026-08-02 01:57:03,135 - ict_bot - WARNING - Spread for BTCUSD# is too high: 2250 > 500
2026-08-02 01:57:13,138 - ict_bot - WARNING - Spread for GOLD# is too high: 131 > 30
2026-08-02 01:57:13,140 - ict_bot - WARNING - Spread for BTCUSD# is too high: 2250 > 500
2026-08-02 01:57:23,142 - ict_bot - WARNING - Spread for GOLD# is too high: 131 > 30
2026-08-02 01:57:23,143 - ict_bot - WARNING - Spread for BTCUSD# is too high: 2250 > 500
2026-08-02 01:57:33,146 - ict_bot - WARNING - Spread for GOLD# is too high: 131 > 30
2026-08-02 01:57:33,147 - ict_bot - WARNING - Spread for BTCUSD# is too high: 2250 > 500
2026-08-02 01:57:43,150 - ict_bot - WARNING - Spread for GOLD# is too high: 131 > 30
2026-08-02 01:57:43,151 - ict_bot - WARNING - Spread for BTCUSD# is too high: 2250 > 500
2026-08-02 01:57:53,155 - ict_bot - WARNING - Spread for GOLD# is too high: 131 > 30
2026-08-02 01:57:53,156 - ict_bot - WARNING - Spread for BTCUSD# is too high: 2250 > 500
2026-08-02 01:58:03,160 - ict_bot - WARNING - Spread for GOLD# is too high: 131 > 30
2026-08-02 01:58:03,161 - ict_bot - WARNING - Spread for BTCUSD# is too high: 2250 > 500
2026-08-02 01:58:13,164 - ict_bot - WARNING - Spread for GOLD# is too high: 131 > 30
2026-08-02 01:58:13,166 - ict_bot - WARNING - Spread for BTCUSD# is too high: 2250 > 500
2026-08-02 01:58:23,169 - ict_bot - WARNING - Spread for GOLD# is too high: 131 > 30
2026-08-02 01:58:23,170 - ict_bot - WARNING - Spread for BTCUSD# is too high: 2250 > 500
2026-08-02 01:58:33,172 - ict_bot - WARNING - Spread for GOLD# is too high: 131 > 30
2026-08-02 01:58:33,174 - ict_bot - WARNING - Spread for BTCUSD# is too high: 2250 > 500
2026-08-02 01:58:43,177 - ict_bot - WARNING - Spread for GOLD# is too high: 131 > 30
2026-08-02 01:58:43,178 - ict_bot - WARNING - Spread for BTCUSD# is too high: 2250 > 500
2026-08-02 01:58:53,181 - ict_bot - WARNING - Spread for GOLD# is too high: 131 > 30
2026-08-02 01:58:53,182 - ict_bot - WARNING - Spread for BTCUSD# is too high: 2250 > 500
2026-08-02 01:59:03,185 - ict_bot - WARNING - Spread for GOLD# is too high: 131 > 30
2026-08-02 01:59:03,187 - ict_bot - WARNING - Spread for BTCUSD# is too high: 2250 > 500
2026-08-02 01:59:13,189 - ict_bot - WARNING - Spread for GOLD# is too high: 131 > 30
2026-08-02 01:59:13,191 - ict_bot - WARNING - Spread for BTCUSD# is too high: 2250 > 500
2026-08-02 01:59:23,194 - ict_bot - WARNING - Spread for GOLD# is too high: 131 > 30
2026-08-02 01:59:23,196 - ict_bot - WARNING - Spread for BTCUSD# is too high: 2250 > 500
2026-08-02 01:59:33,199 - ict_bot - WARNING - Spread for GOLD# is too high: 131 > 30
2026-08-02 01:59:33,200 - ict_bot - WARNING - Spread for BTCUSD# is too high: 2250 > 500
2026-08-02 01:59:43,203 - ict_bot - WARNING - Spread for GOLD# is too high: 131 > 30
2026-08-02 01:59:43,205 - ict_bot - WARNING - Spread for BTCUSD# is too high: 2250 > 500
2026-08-02 01:59:53,208 - ict_bot - WARNING - Spread for GOLD# is too high: 131 > 30
2026-08-02 01:59:53,210 - ict_bot - WARNING - Spread for BTCUSD# is too high: 2250 > 500
2026-08-02 02:00:03,214 - ict_bot - WARNING - Spread for GOLD# is too high: 131 > 30
2026-08-02 02:00:03,215 - ict_bot - WARNING - Spread for BTCUSD# is too high: 2250 > 500
2026-08-02 02:00:13,218 - ict_bot - WARNING - Spread for GOLD# is too high: 131 > 30
2026-08-02 02:00:13,219 - ict_bot - WARNING - Spread for BTCUSD# is too high: 2250 > 500
2026-08-02 02:00:23,222 - ict_bot - WARNING - Spread for GOLD# is too high: 131 > 30
2026-08-02 02:00:23,223 - ict_bot - WARNING - Spread for BTCUSD# is too high: 2250 > 500
2026-08-02 02:00:33,226 - ict_bot - WARNING - Spread for GOLD# is too high: 131 > 30
2026-08-02 02:00:33,227 - ict_bot - WARNING - Spread for BTCUSD# is too high: 2250 > 500
2026-08-02 02:00:43,230 - ict_bot - WARNING - Spread for GOLD# is too high: 131 > 30
2026-08-02 02:00:43,231 - ict_bot - WARNING - Spread for BTCUSD# is too high: 2250 > 500
2026-08-02 02:00:53,234 - ict_bot - WARNING - Spread for GOLD# is too high: 131 > 30
2026-08-02 02:00:53,235 - ict_bot - WARNING - Spread for BTCUSD# is too high: 2250 > 500
2026-08-02 02:01:03,238 - ict_bot - WARNING - Spread for GOLD# is too high: 131 > 30
2026-08-02 02:01:03,240 - ict_bot - WARNING - Spread for BTCUSD# is too high: 2250 > 500
2026-08-02 02:01:13,242 - ict_bot - WARNING - Spread for GOLD# is too high: 131 > 30
2026-08-02 02:01:13,244 - ict_bot - WARNING - Spread for BTCUSD# is too high: 2250 > 500
2026-08-02 02:01:23,247 - ict_bot - WARNING - Spread for GOLD# is too high: 131 > 30
2026-08-02 02:01:23,249 - ict_bot - WARNING - Spread for BTCUSD# is too high: 2250 > 500
2026-08-02 02:01:33,252 - ict_bot - WARNING - Spread for GOLD# is too high: 131 > 30
2026-08-02 02:01:33,253 - ict_bot - WARNING - Spread for BTCUSD# is too high: 2250 > 500
2026-08-02 02:01:43,257 - ict_bot - WARNING - Spread for GOLD# is too high: 131 > 30
2026-08-02 02:01:43,259 - ict_bot - WARNING - Spread for BTCUSD# is too high: 2250 > 500
2026-08-02 02:01:53,261 - ict_bot - WARNING - Spread for GOLD# is too high: 131 > 30
2026-08-02 02:01:53,263 - ict_bot - WARNING - Spread for BTCUSD# is too high: 2250 > 500
2026-08-02 02:02:03,267 - ict_bot - WARNING - Spread for GOLD# is too high: 131 > 30
2026-08-02 02:02:03,268 - ict_bot - WARNING - Spread for BTCUSD# is too high: 2250 > 500
2026-08-02 02:02:13,273 - ict_bot - WARNING - Spread for GOLD# is too high: 131 > 30
2026-08-02 02:02:13,275 - ict_bot - WARNING - Spread for BTCUSD# is too high: 2250 > 500
2026-08-02 02:02:23,278 - ict_bot - WARNING - Spread for GOLD# is too high: 131 > 30
2026-08-02 02:02:23,279 - ict_bot - WARNING - Spread for BTCUSD# is too high: 2250 > 500
2026-08-02 02:02:33,283 - ict_bot - WARNING - Spread for GOLD# is too high: 131 > 30
2026-08-02 02:02:33,284 - ict_bot - WARNING - Spread for BTCUSD# is too high: 2250 > 500
2026-08-02 02:02:43,287 - ict_bot - WARNING - Spread for GOLD# is too high: 131 > 30
2026-08-02 02:02:43,290 - ict_bot - WARNING - Spread for BTCUSD# is too high: 2250 > 500
2026-08-02 02:02:53,293 - ict_bot - WARNING - Spread for GOLD# is too high: 131 > 30
2026-08-02 02:02:53,294 - ict_bot - WARNING - Spread for BTCUSD# is too high: 2250 > 500
2026-08-02 02:03:03,298 - ict_bot - WARNING - Spread for GOLD# is too high: 131 > 30
2026-08-02 02:03:03,299 - ict_bot - WARNING - Spread for BTCUSD# is too high: 2250 > 500
2026-08-02 02:03:13,303 - ict_bot - WARNING - Spread for GOLD# is too high: 131 > 30
2026-08-02 02:03:13,304 - ict_bot - WARNING - Spread for BTCUSD# is too high: 2250 > 500
2026-08-02 02:03:23,306 - ict_bot - WARNING - Spread for GOLD# is too high: 131 > 30
2026-08-02 02:03:23,308 - ict_bot - WARNING - Spread for BTCUSD# is too high: 2250 > 500
2026-08-02 02:03:33,311 - ict_bot - WARNING - Spread for GOLD# is too high: 131 > 30
2026-08-02 02:03:33,312 - ict_bot - WARNING - Spread for BTCUSD# is too high: 2250 > 500
2026-08-02 02:03:43,314 - ict_bot - WARNING - Spread for GOLD# is too high: 131 > 30
2026-08-02 02:03:43,315 - ict_bot - WARNING - Spread for BTCUSD# is too high: 2250 > 500
2026-08-02 02:03:53,318 - ict_bot - WARNING - Spread for GOLD# is too high: 131 > 30
2026-08-02 02:03:53,320 - ict_bot - WARNING - Spread for BTCUSD# is too high: 2250 > 500
2026-08-02 02:04:03,322 - ict_bot - WARNING - Spread for GOLD# is too high: 131 > 30
2026-08-02 02:04:03,324 - ict_bot - WARNING - Spread for BTCUSD# is too high: 2250 > 500
2026-08-02 02:04:13,326 - ict_bot - WARNING - Spread for GOLD# is too high: 131 > 30
2026-08-02 02:04:13,328 - ict_bot - WARNING - Spread for BTCUSD# is too high: 2250 > 500
2026-08-02 02:04:23,330 - ict_bot - WARNING - Spread for GOLD# is too high: 131 > 30
2026-08-02 02:04:23,332 - ict_bot - WARNING - Spread for BTCUSD# is too high: 2250 > 500
2026-08-02 02:04:33,334 - ict_bot - WARNING - Spread for GOLD# is too high: 131 > 30
2026-08-02 02:04:33,338 - ict_bot - WARNING - Spread for BTCUSD# is too high: 2250 > 500
2026-08-02 02:04:43,341 - ict_bot - WARNING - Spread for GOLD# is too high: 131 > 30
2026-08-02 02:04:43,342 - ict_bot - WARNING - Spread for BTCUSD# is too high: 2250 > 500
2026-08-02 02:04:53,346 - ict_bot - WARNING - Spread for GOLD# is too high: 131 > 30
2026-08-02 02:04:53,347 - ict_bot - WARNING - Spread for BTCUSD# is too high: 2250 > 500
2026-08-02 02:05:03,350 - ict_bot - WARNING - Spread for GOLD# is too high: 131 > 30
2026-08-02 02:05:03,352 - ict_bot - WARNING - Spread for BTCUSD# is too high: 2250 > 500
2026-08-02 02:05:13,354 - ict_bot - WARNING - Spread for GOLD# is too high: 131 > 30
2026-08-02 02:05:13,355 - ict_bot - WARNING - Spread for BTCUSD# is too high: 2250 > 500
2026-08-02 02:05:23,358 - ict_bot - WARNING - Spread for GOLD# is too high: 131 > 30
2026-08-02 02:05:23,360 - ict_bot - WARNING - Spread for BTCUSD# is too high: 2250 > 500
2026-08-02 02:05:33,362 - ict_bot - WARNING - Spread for GOLD# is too high: 131 > 30
2026-08-02 02:05:33,364 - ict_bot - WARNING - Spread for BTCUSD# is too high: 2250 > 500
2026-08-02 02:05:43,367 - ict_bot - WARNING - Spread for GOLD# is too high: 131 > 30
2026-08-02 02:05:43,369 - ict_bot - WARNING - Spread for BTCUSD# is too high: 2250 > 500
2026-08-02 02:05:53,372 - ict_bot - WARNING - Spread for GOLD# is too high: 131 > 30
2026-08-02 02:05:53,373 - ict_bot - WARNING - Spread for BTCUSD# is too high: 2250 > 500
2026-08-02 02:06:03,377 - ict_bot - WARNING - Spread for GOLD# is too high: 131 > 30
2026-08-02 02:06:03,378 - ict_bot - WARNING - Spread for BTCUSD# is too high: 2250 > 500
2026-08-02 02:06:12,640 - ict_bot - INFO - Auto-launching XM MT5 Terminal: C:\Program Files\XM Global MT5\terminal64.exe
2026-08-02 02:06:12,670 - ict_bot - INFO - Connected to MT5 Server: XMGlobal-MT5 5 (Account: 108130219)
2026-08-02 02:06:12,676 - ict_bot - ERROR - Order failed, retcode=10027, comment=AutoTrading disabled by client
2026-08-02 02:06:12,676 - ict_bot - INFO - MT5 connection closed.
2026-08-02 02:06:13,381 - ict_bot - WARNING - Spread for GOLD# is too high: 131 > 30
2026-08-02 02:06:13,383 - ict_bot - WARNING - Spread for BTCUSD# is too high: 2250 > 500
2026-08-02 02:06:23,386 - ict_bot - WARNING - Spread for GOLD# is too high: 131 > 30
2026-08-02 02:06:23,388 - ict_bot - WARNING - Spread for BTCUSD# is too high: 2250 > 500
2026-08-02 02:06:33,391 - ict_bot - WARNING - Spread for GOLD# is too high: 131 > 30
2026-08-02 02:06:33,392 - ict_bot - WARNING - Spread for BTCUSD# is too high: 2250 > 500
2026-08-02 02:06:43,395 - ict_bot - WARNING - Spread for GOLD# is too high: 131 > 30
2026-08-02 02:06:43,396 - ict_bot - WARNING - Spread for BTCUSD# is too high: 2250 > 500
2026-08-02 02:06:53,399 - ict_bot - WARNING - Spread for GOLD# is too high: 131 > 30
2026-08-02 02:06:53,401 - ict_bot - WARNING - Spread for BTCUSD# is too high: 2250 > 500
2026-08-02 02:07:03,404 - ict_bot - WARNING - Spread for GOLD# is too high: 131 > 30
2026-08-02 02:07:03,405 - ict_bot - WARNING - Spread for BTCUSD# is too high: 2250 > 500
2026-08-02 02:07:13,409 - ict_bot - WARNING - Spread for GOLD# is too high: 131 > 30
2026-08-02 02:07:13,411 - ict_bot - WARNING - Spread for BTCUSD# is too high: 2250 > 500
2026-08-02 02:07:23,414 - ict_bot - WARNING - Spread for GOLD# is too high: 131 > 30
2026-08-02 02:07:23,416 - ict_bot - WARNING - Spread for BTCUSD# is too high: 2250 > 500
2026-08-02 02:07:33,419 - ict_bot - WARNING - Spread for GOLD# is too high: 131 > 30
2026-08-02 02:07:33,420 - ict_bot - WARNING - Spread for BTCUSD# is too high: 2250 > 500
2026-08-02 02:07:43,423 - ict_bot - WARNING - Spread for GOLD# is too high: 131 > 30
2026-08-02 02:07:43,424 - ict_bot - WARNING - Spread for BTCUSD# is too high: 2250 > 500
2026-08-02 02:07:53,427 - ict_bot - WARNING - Spread for GOLD# is too high: 131 > 30
2026-08-02 02:07:53,428 - ict_bot - WARNING - Spread for BTCUSD# is too high: 2250 > 500
2026-08-02 02:08:03,431 - ict_bot - WARNING - Spread for GOLD# is too high: 131 > 30
2026-08-02 02:08:03,433 - ict_bot - WARNING - Spread for BTCUSD# is too high: 2250 > 500
2026-08-02 02:08:13,435 - ict_bot - WARNING - Spread for GOLD# is too high: 131 > 30
2026-08-02 02:08:13,437 - ict_bot - WARNING - Spread for BTCUSD# is too high: 2250 > 500
2026-08-02 02:08:13,994 - ict_bot - INFO - Auto-launching XM MT5 Terminal: C:\Program Files\XM Global MT5\terminal64.exe
2026-08-02 02:08:13,999 - ict_bot - INFO - Connected to MT5 Server: XMGlobal-MT5 5 (Account: 108130219)
2026-08-02 02:08:14,218 - ict_bot - ERROR - Order failed, retcode=10018, comment=Market closed
2026-08-02 02:08:14,219 - ict_bot - INFO - MT5 connection closed.
2026-08-02 02:08:23,441 - ict_bot - WARNING - Spread for GOLD# is too high: 131 > 30
2026-08-02 02:08:23,443 - ict_bot - WARNING - Spread for BTCUSD# is too high: 2250 > 500
2026-08-02 02:08:31,460 - ict_bot - INFO - Auto-launching XM MT5 Terminal: C:\Program Files\XM Global MT5\terminal64.exe
2026-08-02 02:08:31,465 - ict_bot - INFO - Connected to MT5 Server: XMGlobal-MT5 5 (Account: 108130219)
2026-08-02 02:08:31,692 - ict_bot - INFO - Order placed successfully: Ticket 880067612
2026-08-02 02:08:33,057 - ict_bot - INFO - MT5 connection closed.
2026-08-02 02:08:33,447 - ict_bot - WARNING - Spread for GOLD# is too high: 131 > 30
2026-08-02 02:08:33,450 - ict_bot - WARNING - Spread for BTCUSD# is too high: 2250 > 500
2026-08-02 02:08:43,453 - ict_bot - WARNING - Spread for GOLD# is too high: 131 > 30
2026-08-02 02:08:43,454 - ict_bot - WARNING - Spread for BTCUSD# is too high: 2250 > 500
2026-08-02 02:08:53,456 - ict_bot - WARNING - Spread for GOLD# is too high: 131 > 30
2026-08-02 02:08:53,458 - ict_bot - WARNING - Spread for BTCUSD# is too high: 2250 > 500
2026-08-02 02:09:03,462 - ict_bot - WARNING - Spread for GOLD# is too high: 131 > 30
2026-08-02 02:09:03,463 - ict_bot - WARNING - Spread for BTCUSD# is too high: 2250 > 500
2026-08-02 02:09:13,466 - ict_bot - WARNING - Spread for GOLD# is too high: 131 > 30
2026-08-02 02:09:13,468 - ict_bot - WARNING - Spread for BTCUSD# is too high: 2250 > 500
2026-08-02 02:09:23,471 - ict_bot - WARNING - Spread for GOLD# is too high: 131 > 30
2026-08-02 02:09:23,472 - ict_bot - WARNING - Spread for BTCUSD# is too high: 2250 > 500
2026-08-02 02:09:33,475 - ict_bot - WARNING - Spread for GOLD# is too high: 131 > 30
2026-08-02 02:09:33,477 - ict_bot - WARNING - Spread for BTCUSD# is too high: 2250 > 500
2026-08-02 02:09:43,480 - ict_bot - WARNING - Spread for GOLD# is too high: 131 > 30
2026-08-02 02:09:43,481 - ict_bot - WARNING - Spread for BTCUSD# is too high: 2250 > 500
2026-08-02 02:09:53,484 - ict_bot - WARNING - Spread for GOLD# is too high: 131 > 30
2026-08-02 02:09:53,485 - ict_bot - WARNING - Spread for BTCUSD# is too high: 2250 > 500
2026-08-02 02:10:03,489 - ict_bot - WARNING - Spread for GOLD# is too high: 131 > 30
2026-08-02 02:10:03,491 - ict_bot - WARNING - Spread for BTCUSD# is too high: 2250 > 500
2026-08-02 02:10:13,497 - ict_bot - WARNING - Spread for GOLD# is too high: 131 > 30
2026-08-02 02:10:13,499 - ict_bot - WARNING - Spread for BTCUSD# is too high: 2250 > 500
2026-08-02 02:10:23,503 - ict_bot - WARNING - Spread for GOLD# is too high: 131 > 30
2026-08-02 02:10:23,505 - ict_bot - WARNING - Spread for BTCUSD# is too high: 2250 > 500
2026-08-02 02:10:33,508 - ict_bot - WARNING - Spread for GOLD# is too high: 131 > 30
2026-08-02 02:10:33,512 - ict_bot - WARNING - Spread for BTCUSD# is too high: 2250 > 500
2026-08-02 02:10:43,517 - ict_bot - WARNING - Spread for GOLD# is too high: 131 > 30
2026-08-02 02:10:43,519 - ict_bot - WARNING - Spread for BTCUSD# is too high: 2250 > 500
2026-08-02 02:10:53,522 - ict_bot - WARNING - Spread for GOLD# is too high: 131 > 30
2026-08-02 02:10:53,524 - ict_bot - WARNING - Spread for BTCUSD# is too high: 2250 > 500
2026-08-02 02:11:03,527 - ict_bot - WARNING - Spread for GOLD# is too high: 131 > 30
2026-08-02 02:11:03,529 - ict_bot - WARNING - Spread for BTCUSD# is too high: 2250 > 500
2026-08-02 02:11:13,536 - ict_bot - WARNING - Spread for GOLD# is too high: 131 > 30
2026-08-02 02:11:13,537 - ict_bot - WARNING - Spread for BTCUSD# is too high: 2250 > 500
2026-08-02 02:11:23,541 - ict_bot - WARNING - Spread for GOLD# is too high: 131 > 30
2026-08-02 02:11:23,543 - ict_bot - WARNING - Spread for BTCUSD# is too high: 2250 > 500
2026-08-02 02:11:33,546 - ict_bot - WARNING - Spread for GOLD# is too high: 131 > 30
2026-08-02 02:11:33,548 - ict_bot - WARNING - Spread for BTCUSD# is too high: 2250 > 500
2026-08-02 02:11:43,552 - ict_bot - WARNING - Spread for GOLD# is too high: 131 > 30
2026-08-02 02:11:43,554 - ict_bot - WARNING - Spread for BTCUSD# is too high: 2250 > 500
2026-08-02 02:11:53,557 - ict_bot - WARNING - Spread for GOLD# is too high: 131 > 30
2026-08-02 02:11:53,559 - ict_bot - WARNING - Spread for BTCUSD# is too high: 2250 > 500
2026-08-02 02:12:03,563 - ict_bot - WARNING - Spread for GOLD# is too high: 131 > 30
2026-08-02 02:12:03,565 - ict_bot - WARNING - Spread for BTCUSD# is too high: 2250 > 500
2026-08-02 02:12:13,568 - ict_bot - WARNING - Spread for GOLD# is too high: 131 > 30
2026-08-02 02:12:13,571 - ict_bot - WARNING - Spread for BTCUSD# is too high: 2250 > 500
2026-08-02 02:12:23,574 - ict_bot - WARNING - Spread for GOLD# is too high: 131 > 30
2026-08-02 02:12:23,576 - ict_bot - WARNING - Spread for BTCUSD# is too high: 2250 > 500
2026-08-02 02:12:33,579 - ict_bot - WARNING - Spread for GOLD# is too high: 131 > 30
2026-08-02 02:12:33,581 - ict_bot - WARNING - Spread for BTCUSD# is too high: 2250 > 500
2026-08-02 02:12:43,584 - ict_bot - WARNING - Spread for GOLD# is too high: 131 > 30
2026-08-02 02:12:43,586 - ict_bot - WARNING - Spread for BTCUSD# is too high: 2250 > 500
2026-08-02 02:12:53,589 - ict_bot - WARNING - Spread for GOLD# is too high: 131 > 30
2026-08-02 02:12:53,591 - ict_bot - WARNING - Spread for BTCUSD# is too high: 2250 > 500
2026-08-02 02:13:03,594 - ict_bot - WARNING - Spread for GOLD# is too high: 131 > 30
2026-08-02 02:13:03,596 - ict_bot - WARNING - Spread for BTCUSD# is too high: 2250 > 500
2026-08-02 02:13:13,599 - ict_bot - WARNING - Spread for GOLD# is too high: 131 > 30
2026-08-02 02:13:13,601 - ict_bot - WARNING - Spread for BTCUSD# is too high: 2250 > 500
2026-08-02 02:13:23,604 - ict_bot - WARNING - Spread for GOLD# is too high: 131 > 30
2026-08-02 02:13:23,606 - ict_bot - WARNING - Spread for BTCUSD# is too high: 2250 > 500
2026-08-02 02:13:33,611 - ict_bot - WARNING - Spread for GOLD# is too high: 131 > 30
2026-08-02 02:13:33,614 - ict_bot - WARNING - Spread for BTCUSD# is too high: 2250 > 500
2026-08-02 02:13:43,618 - ict_bot - WARNING - Spread for GOLD# is too high: 131 > 30
2026-08-02 02:13:43,621 - ict_bot - WARNING - Spread for BTCUSD# is too high: 2250 > 500
2026-08-02 02:13:53,624 - ict_bot - WARNING - Spread for GOLD# is too high: 131 > 30
2026-08-02 02:13:53,625 - ict_bot - WARNING - Spread for BTCUSD# is too high: 2250 > 500
2026-08-02 02:14:03,630 - ict_bot - WARNING - Spread for GOLD# is too high: 131 > 30
2026-08-02 02:14:03,632 - ict_bot - WARNING - Spread for BTCUSD# is too high: 2250 > 500
2026-08-02 02:14:13,634 - ict_bot - WARNING - Spread for GOLD# is too high: 131 > 30
2026-08-02 02:14:13,636 - ict_bot - WARNING - Spread for BTCUSD# is too high: 2250 > 500
2026-08-02 02:14:14,804 - ict_bot - INFO - Auto-launching XM MT5 Terminal: C:\Program Files\XM Global MT5\terminal64.exe
2026-08-02 02:14:14,828 - ict_bot - INFO - Connected to MT5 Server: XMGlobal-MT5 5 (Account: 108130219)
2026-08-02 02:14:23,639 - ict_bot - WARNING - Spread for GOLD# is too high: 131 > 30
2026-08-02 02:14:23,641 - ict_bot - WARNING - Spread for BTCUSD# is too high: 2250 > 500
2026-08-02 02:14:33,645 - ict_bot - WARNING - Spread for GOLD# is too high: 131 > 30
2026-08-02 02:14:33,647 - ict_bot - WARNING - Spread for BTCUSD# is too high: 2250 > 500
2026-08-02 02:14:44,340 - ict_bot - WARNING - Spread for GOLD# is too high: 131 > 30
2026-08-02 02:14:44,342 - ict_bot - WARNING - Spread for BTCUSD# is too high: 2250 > 500
2026-08-02 02:14:54,345 - ict_bot - WARNING - Spread for GOLD# is too high: 131 > 30
2026-08-02 02:14:54,346 - ict_bot - WARNING - Spread for BTCUSD# is too high: 2250 > 500
2026-08-02 02:15:01,999 - ict_bot - INFO - MT5 connection closed.
2026-08-02 02:15:04,350 - ict_bot - WARNING - Spread for GOLD# is too high: 131 > 30
2026-08-02 02:15:04,352 - ict_bot - WARNING - Spread for BTCUSD# is too high: 2250 > 500
2026-08-02 02:15:14,356 - ict_bot - WARNING - Spread for GOLD# is too high: 131 > 30
2026-08-02 02:15:14,357 - ict_bot - WARNING - Spread for BTCUSD# is too high: 2250 > 500
2026-08-02 02:15:24,360 - ict_bot - WARNING - Spread for GOLD# is too high: 131 > 30
2026-08-02 02:15:24,362 - ict_bot - WARNING - Spread for BTCUSD# is too high: 2250 > 500
2026-08-02 02:15:32,638 - ict_bot - INFO - Auto-launching XM MT5 Terminal: C:\Program Files\XM Global MT5\terminal64.exe
2026-08-02 02:15:32,645 - ict_bot - INFO - Connected to MT5 Server: XMGlobal-MT5 5 (Account: 108130219)
2026-08-02 02:15:34,365 - ict_bot - WARNING - Spread for GOLD# is too high: 131 > 30
2026-08-02 02:15:34,368 - ict_bot - WARNING - Spread for BTCUSD# is too high: 2250 > 500
2026-08-02 02:15:44,371 - ict_bot - WARNING - Spread for GOLD# is too high: 131 > 30
2026-08-02 02:15:44,373 - ict_bot - WARNING - Spread for BTCUSD# is too high: 2250 > 500
2026-08-02 02:15:54,376 - ict_bot - WARNING - Spread for GOLD# is too high: 131 > 30
2026-08-02 02:15:54,378 - ict_bot - WARNING - Spread for BTCUSD# is too high: 2250 > 500
2026-08-02 02:16:04,381 - ict_bot - WARNING - Spread for GOLD# is too high: 131 > 30
2026-08-02 02:16:04,383 - ict_bot - WARNING - Spread for BTCUSD# is too high: 2250 > 500
2026-08-02 02:16:14,387 - ict_bot - WARNING - Spread for GOLD# is too high: 131 > 30
2026-08-02 02:16:14,388 - ict_bot - WARNING - Spread for BTCUSD# is too high: 2250 > 500
2026-08-02 02:16:24,391 - ict_bot - WARNING - Spread for GOLD# is too high: 131 > 30
2026-08-02 02:16:24,393 - ict_bot - WARNING - Spread for BTCUSD# is too high: 2250 > 500
2026-08-02 02:16:34,396 - ict_bot - WARNING - Spread for GOLD# is too high: 131 > 30
2026-08-02 02:16:34,398 - ict_bot - WARNING - Spread for BTCUSD# is too high: 2250 > 500
2026-08-02 02:16:44,401 - ict_bot - WARNING - Spread for GOLD# is too high: 131 > 30
2026-08-02 02:16:44,403 - ict_bot - WARNING - Spread for BTCUSD# is too high: 2250 > 500
2026-08-02 02:16:54,406 - ict_bot - WARNING - Spread for GOLD# is too high: 131 > 30
2026-08-02 02:16:54,408 - ict_bot - WARNING - Spread for BTCUSD# is too high: 2250 > 500
2026-08-02 02:17:04,411 - ict_bot - WARNING - Spread for GOLD# is too high: 131 > 30
2026-08-02 02:17:04,412 - ict_bot - WARNING - Spread for BTCUSD# is too high: 2250 > 500
2026-08-02 02:17:14,415 - ict_bot - WARNING - Spread for GOLD# is too high: 131 > 30
2026-08-02 02:17:14,417 - ict_bot - WARNING - Spread for BTCUSD# is too high: 2250 > 500
2026-08-02 02:17:24,420 - ict_bot - WARNING - Spread for GOLD# is too high: 131 > 30
2026-08-02 02:17:24,422 - ict_bot - WARNING - Spread for BTCUSD# is too high: 2250 > 500
2026-08-02 02:17:34,425 - ict_bot - WARNING - Spread for GOLD# is too high: 131 > 30
2026-08-02 02:17:34,427 - ict_bot - WARNING - Spread for BTCUSD# is too high: 2250 > 500
2026-08-02 02:17:44,430 - ict_bot - WARNING - Spread for GOLD# is too high: 131 > 30
2026-08-02 02:17:44,431 - ict_bot - WARNING - Spread for BTCUSD# is too high: 2250 > 500
2026-08-02 02:17:54,434 - ict_bot - WARNING - Spread for GOLD# is too high: 131 > 30
2026-08-02 02:17:54,436 - ict_bot - WARNING - Spread for BTCUSD# is too high: 2250 > 500
2026-08-02 02:18:04,439 - ict_bot - WARNING - Spread for GOLD# is too high: 131 > 30
2026-08-02 02:18:04,440 - ict_bot - WARNING - Spread for BTCUSD# is too high: 2250 > 500
2026-08-02 02:18:14,443 - ict_bot - WARNING - Spread for GOLD# is too high: 131 > 30
2026-08-02 02:18:14,444 - ict_bot - WARNING - Spread for BTCUSD# is too high: 2250 > 500
2026-08-02 02:18:24,448 - ict_bot - WARNING - Spread for GOLD# is too high: 131 > 30
2026-08-02 02:18:24,449 - ict_bot - WARNING - Spread for BTCUSD# is too high: 2250 > 500
2026-08-02 02:18:34,452 - ict_bot - WARNING - Spread for GOLD# is too high: 131 > 30
2026-08-02 02:18:34,454 - ict_bot - WARNING - Spread for BTCUSD# is too high: 2250 > 500
2026-08-02 02:18:44,457 - ict_bot - WARNING - Spread for GOLD# is too high: 131 > 30
2026-08-02 02:18:44,460 - ict_bot - WARNING - Spread for BTCUSD# is too high: 2250 > 500
2026-08-02 02:18:54,464 - ict_bot - WARNING - Spread for GOLD# is too high: 131 > 30
2026-08-02 02:18:54,465 - ict_bot - WARNING - Spread for BTCUSD# is too high: 2250 > 500
2026-08-02 02:19:04,468 - ict_bot - WARNING - Spread for GOLD# is too high: 131 > 30
2026-08-02 02:19:04,470 - ict_bot - WARNING - Spread for BTCUSD# is too high: 2250 > 500
2026-08-02 02:19:14,472 - ict_bot - WARNING - Spread for GOLD# is too high: 131 > 30
2026-08-02 02:19:14,474 - ict_bot - WARNING - Spread for BTCUSD# is too high: 2250 > 500
2026-08-02 02:19:24,477 - ict_bot - WARNING - Spread for GOLD# is too high: 131 > 30
2026-08-02 02:19:24,479 - ict_bot - WARNING - Spread for BTCUSD# is too high: 2250 > 500
2026-08-02 02:19:34,486 - ict_bot - WARNING - Spread for GOLD# is too high: 131 > 30
2026-08-02 02:19:34,487 - ict_bot - WARNING - Spread for BTCUSD# is too high: 2250 > 500
2026-08-02 02:19:44,491 - ict_bot - WARNING - Spread for GOLD# is too high: 131 > 30
2026-08-02 02:19:44,492 - ict_bot - WARNING - Spread for BTCUSD# is too high: 2250 > 500
2026-08-02 02:19:54,495 - ict_bot - WARNING - Spread for GOLD# is too high: 131 > 30
2026-08-02 02:19:54,496 - ict_bot - WARNING - Spread for BTCUSD# is too high: 2250 > 500
2026-08-02 02:20:04,499 - ict_bot - WARNING - Spread for GOLD# is too high: 131 > 30
2026-08-02 02:20:04,500 - ict_bot - WARNING - Spread for BTCUSD# is too high: 2250 > 500
2026-08-02 02:20:14,503 - ict_bot - WARNING - Spread for GOLD# is too high: 131 > 30
2026-08-02 02:20:14,505 - ict_bot - WARNING - Spread for BTCUSD# is too high: 2250 > 500
2026-08-02 02:20:24,508 - ict_bot - WARNING - Spread for GOLD# is too high: 131 > 30
2026-08-02 02:20:24,510 - ict_bot - WARNING - Spread for BTCUSD# is too high: 2250 > 500
2026-08-02 02:20:34,513 - ict_bot - WARNING - Spread for GOLD# is too high: 131 > 30
2026-08-02 02:20:34,515 - ict_bot - WARNING - Spread for BTCUSD# is too high: 2250 > 500
2026-08-02 02:20:44,518 - ict_bot - WARNING - Spread for GOLD# is too high: 131 > 30
2026-08-02 02:20:44,520 - ict_bot - WARNING - Spread for BTCUSD# is too high: 2250 > 500
2026-08-02 02:20:54,523 - ict_bot - WARNING - Spread for GOLD# is too high: 131 > 30
2026-08-02 02:20:54,524 - ict_bot - WARNING - Spread for BTCUSD# is too high: 2250 > 500
2026-08-02 02:21:04,527 - ict_bot - WARNING - Spread for GOLD# is too high: 131 > 30
2026-08-02 02:21:04,529 - ict_bot - WARNING - Spread for BTCUSD# is too high: 2250 > 500
2026-08-02 02:21:14,535 - ict_bot - WARNING - Spread for GOLD# is too high: 131 > 30
2026-08-02 02:21:14,540 - ict_bot - WARNING - Spread for BTCUSD# is too high: 2250 > 500
2026-08-02 02:21:24,552 - ict_bot - WARNING - Spread for GOLD# is too high: 131 > 30
2026-08-02 02:21:24,569 - ict_bot - WARNING - Spread for BTCUSD# is too high: 2250 > 500
2026-08-02 02:21:27,050 - ict_bot - INFO - Auto-launching XM MT5 Terminal: C:\Program Files\XM Global MT5\terminal64.exe
2026-08-02 02:21:27,088 - ict_bot - INFO - Connected to MT5 Server: XMGlobal-MT5 5 (Account: 108130219)
2026-08-02 02:21:34,592 - ict_bot - WARNING - Spread for GOLD# is too high: 131 > 30
2026-08-02 02:21:34,594 - ict_bot - WARNING - Spread for BTCUSD# is too high: 2250 > 500
2026-08-02 02:21:44,598 - ict_bot - WARNING - Spread for GOLD# is too high: 131 > 30
2026-08-02 02:21:44,600 - ict_bot - WARNING - Spread for BTCUSD# is too high: 2250 > 500
2026-08-02 02:21:54,603 - ict_bot - WARNING - Spread for GOLD# is too high: 131 > 30
2026-08-02 02:21:54,605 - ict_bot - WARNING - Spread for BTCUSD# is too high: 2250 > 500
2026-08-02 02:22:04,608 - ict_bot - WARNING - Spread for GOLD# is too high: 131 > 30
2026-08-02 02:22:04,612 - ict_bot - WARNING - Spread for BTCUSD# is too high: 2250 > 500
2026-08-02 02:22:05,258 - ict_bot - INFO - MT5 connection closed.
2026-08-02 02:22:14,615 - ict_bot - WARNING - Spread for GOLD# is too high: 131 > 30
2026-08-02 02:22:14,617 - ict_bot - WARNING - Spread for BTCUSD# is too high: 2250 > 500
2026-08-02 02:22:24,619 - ict_bot - WARNING - Spread for GOLD# is too high: 131 > 30
2026-08-02 02:22:24,620 - ict_bot - WARNING - Spread for BTCUSD# is too high: 2250 > 500
2026-08-02 02:22:35,056 - ict_bot - WARNING - Spread for GOLD# is too high: 131 > 30
2026-08-02 02:22:35,058 - ict_bot - WARNING - Spread for BTCUSD# is too high: 2250 > 500
2026-08-02 02:22:45,061 - ict_bot - WARNING - Spread for GOLD# is too high: 131 > 30
2026-08-02 02:22:45,063 - ict_bot - WARNING - Spread for BTCUSD# is too high: 2250 > 500
2026-08-02 02:22:55,066 - ict_bot - WARNING - Spread for GOLD# is too high: 131 > 30
2026-08-02 02:22:55,068 - ict_bot - WARNING - Spread for BTCUSD# is too high: 2250 > 500
2026-08-02 02:23:05,071 - ict_bot - WARNING - Spread for GOLD# is too high: 131 > 30
2026-08-02 02:23:05,074 - ict_bot - WARNING - Spread for BTCUSD# is too high: 2250 > 500
2026-08-02 02:23:14,862 - ict_bot - INFO - MT5 connection closed.
2026-08-02 02:23:15,077 - ict_bot - WARNING - Spread for GOLD# is too high: 131 > 30
2026-08-02 02:23:15,079 - ict_bot - WARNING - Spread for BTCUSD# is too high: 2250 > 500
2026-08-02 02:23:25,083 - ict_bot - WARNING - Spread for GOLD# is too high: 131 > 30
2026-08-02 02:23:25,084 - ict_bot - WARNING - Spread for BTCUSD# is too high: 2250 > 500
2026-08-02 02:23:35,088 - ict_bot - WARNING - Spread for GOLD# is too high: 131 > 30
2026-08-02 02:23:35,092 - ict_bot - WARNING - Spread for BTCUSD# is too high: 2250 > 500
2026-08-02 02:23:45,095 - ict_bot - WARNING - Spread for GOLD# is too high: 131 > 30
2026-08-02 02:23:45,097 - ict_bot - WARNING - Spread for BTCUSD# is too high: 2250 > 500
2026-08-02 02:23:55,100 - ict_bot - WARNING - Spread for GOLD# is too high: 131 > 30
2026-08-02 02:23:55,102 - ict_bot - WARNING - Spread for BTCUSD# is too high: 2250 > 500
2026-08-02 02:24:05,105 - ict_bot - WARNING - Spread for GOLD# is too high: 131 > 30
2026-08-02 02:24:05,108 - ict_bot - WARNING - Spread for BTCUSD# is too high: 2250 > 500
2026-08-02 02:24:15,111 - ict_bot - WARNING - Spread for GOLD# is too high: 131 > 30
2026-08-02 02:24:15,112 - ict_bot - WARNING - Spread for BTCUSD# is too high: 2250 > 500
2026-08-02 02:24:25,115 - ict_bot - WARNING - Spread for GOLD# is too high: 131 > 30
2026-08-02 02:24:25,117 - ict_bot - WARNING - Spread for BTCUSD# is too high: 2250 > 500
2026-08-02 02:24:35,121 - ict_bot - WARNING - Spread for GOLD# is too high: 131 > 30
2026-08-02 02:24:35,125 - ict_bot - WARNING - Spread for BTCUSD# is too high: 2250 > 500
2026-08-02 02:24:45,130 - ict_bot - WARNING - Spread for GOLD# is too high: 131 > 30
2026-08-02 02:24:45,132 - ict_bot - WARNING - Spread for BTCUSD# is too high: 2250 > 500
2026-08-02 02:24:55,136 - ict_bot - WARNING - Spread for GOLD# is too high: 131 > 30
2026-08-02 02:24:55,137 - ict_bot - WARNING - Spread for BTCUSD# is too high: 2250 > 500
2026-08-02 02:25:05,144 - ict_bot - WARNING - Spread for GOLD# is too high: 131 > 30
2026-08-02 02:25:05,145 - ict_bot - WARNING - Spread for BTCUSD# is too high: 2250 > 500
2026-08-02 02:25:15,149 - ict_bot - WARNING - Spread for GOLD# is too high: 131 > 30
2026-08-02 02:25:15,151 - ict_bot - WARNING - Spread for BTCUSD# is too high: 2250 > 500
2026-08-02 02:25:25,154 - ict_bot - WARNING - Spread for GOLD# is too high: 131 > 30
2026-08-02 02:25:25,156 - ict_bot - WARNING - Spread for BTCUSD# is too high: 2250 > 500
2026-08-02 02:25:35,160 - ict_bot - WARNING - Spread for GOLD# is too high: 131 > 30
2026-08-02 02:25:35,163 - ict_bot - WARNING - Spread for BTCUSD# is too high: 2250 > 500
2026-08-02 02:25:45,167 - ict_bot - WARNING - Spread for GOLD# is too high: 131 > 30
2026-08-02 02:25:45,169 - ict_bot - WARNING - Spread for BTCUSD# is too high: 2250 > 500
2026-08-02 02:25:55,172 - ict_bot - WARNING - Spread for GOLD# is too high: 131 > 30
2026-08-02 02:25:55,174 - ict_bot - WARNING - Spread for BTCUSD# is too high: 2250 > 500
2026-08-02 02:26:05,177 - ict_bot - WARNING - Spread for GOLD# is too high: 131 > 30
2026-08-02 02:26:05,179 - ict_bot - WARNING - Spread for BTCUSD# is too high: 2250 > 500
2026-08-02 02:26:15,183 - ict_bot - WARNING - Spread for GOLD# is too high: 131 > 30
2026-08-02 02:26:15,185 - ict_bot - WARNING - Spread for BTCUSD# is too high: 2250 > 500
2026-08-02 02:26:25,190 - ict_bot - WARNING - Spread for GOLD# is too high: 131 > 30
2026-08-02 02:26:25,193 - ict_bot - WARNING - Spread for BTCUSD# is too high: 2250 > 500
2026-08-02 02:26:35,195 - ict_bot - WARNING - Spread for GOLD# is too high: 131 > 30
2026-08-02 02:26:35,198 - ict_bot - WARNING - Spread for BTCUSD# is too high: 2250 > 500
2026-08-02 02:26:45,201 - ict_bot - WARNING - Spread for GOLD# is too high: 131 > 30
2026-08-02 02:26:45,203 - ict_bot - WARNING - Spread for BTCUSD# is too high: 2250 > 500
2026-08-02 02:26:55,207 - ict_bot - WARNING - Spread for GOLD# is too high: 131 > 30
2026-08-02 02:26:55,208 - ict_bot - WARNING - Spread for BTCUSD# is too high: 2250 > 500
2026-08-02 02:27:05,213 - ict_bot - WARNING - Spread for GOLD# is too high: 131 > 30
2026-08-02 02:27:05,214 - ict_bot - WARNING - Spread for BTCUSD# is too high: 2250 > 500
2026-08-02 02:27:15,218 - ict_bot - WARNING - Spread for GOLD# is too high: 131 > 30
2026-08-02 02:27:15,220 - ict_bot - WARNING - Spread for BTCUSD# is too high: 2250 > 500
2026-08-02 02:27:25,225 - ict_bot - WARNING - Spread for GOLD# is too high: 131 > 30
2026-08-02 02:27:25,226 - ict_bot - WARNING - Spread for BTCUSD# is too high: 2250 > 500
2026-08-02 02:27:35,233 - ict_bot - WARNING - Spread for GOLD# is too high: 131 > 30
2026-08-02 02:27:35,235 - ict_bot - WARNING - Spread for BTCUSD# is too high: 2250 > 500
2026-08-02 02:27:45,240 - ict_bot - WARNING - Spread for GOLD# is too high: 131 > 30
2026-08-02 02:27:45,242 - ict_bot - WARNING - Spread for BTCUSD# is too high: 2250 > 500
2026-08-02 02:27:55,246 - ict_bot - WARNING - Spread for GOLD# is too high: 131 > 30
2026-08-02 02:27:55,247 - ict_bot - WARNING - Spread for BTCUSD# is too high: 2250 > 500
2026-08-02 02:28:05,250 - ict_bot - WARNING - Spread for GOLD# is too high: 131 > 30
2026-08-02 02:28:05,252 - ict_bot - WARNING - Spread for BTCUSD# is too high: 2250 > 500
2026-08-02 02:28:15,255 - ict_bot - WARNING - Spread for GOLD# is too high: 131 > 30
2026-08-02 02:28:15,256 - ict_bot - WARNING - Spread for BTCUSD# is too high: 2250 > 500
2026-08-02 02:28:25,260 - ict_bot - WARNING - Spread for GOLD# is too high: 131 > 30
2026-08-02 02:28:25,262 - ict_bot - WARNING - Spread for BTCUSD# is too high: 2250 > 500
2026-08-02 02:28:35,265 - ict_bot - WARNING - Spread for GOLD# is too high: 131 > 30
2026-08-02 02:28:35,268 - ict_bot - WARNING - Spread for BTCUSD# is too high: 2250 > 500
2026-08-02 02:28:45,273 - ict_bot - WARNING - Spread for GOLD# is too high: 131 > 30
2026-08-02 02:28:45,275 - ict_bot - WARNING - Spread for BTCUSD# is too high: 2250 > 500
2026-08-02 02:28:55,278 - ict_bot - WARNING - Spread for GOLD# is too high: 131 > 30
2026-08-02 02:28:55,279 - ict_bot - WARNING - Spread for BTCUSD# is too high: 2250 > 500
2026-08-02 02:29:05,283 - ict_bot - WARNING - Spread for GOLD# is too high: 131 > 30
2026-08-02 02:29:05,285 - ict_bot - WARNING - Spread for BTCUSD# is too high: 2250 > 500
2026-08-02 02:29:15,288 - ict_bot - WARNING - Spread for GOLD# is too high: 131 > 30
2026-08-02 02:29:15,290 - ict_bot - WARNING - Spread for BTCUSD# is too high: 2250 > 500
2026-08-02 02:29:25,294 - ict_bot - WARNING - Spread for GOLD# is too high: 131 > 30
2026-08-02 02:29:25,297 - ict_bot - WARNING - Spread for BTCUSD# is too high: 2250 > 500
2026-08-02 02:29:35,301 - ict_bot - WARNING - Spread for GOLD# is too high: 131 > 30
2026-08-02 02:29:35,307 - ict_bot - WARNING - Spread for BTCUSD# is too high: 2250 > 500
2026-08-02 02:29:45,311 - ict_bot - WARNING - Spread for GOLD# is too high: 131 > 30
2026-08-02 02:29:45,314 - ict_bot - WARNING - Spread for BTCUSD# is too high: 2250 > 500
2026-08-02 02:29:48,029 - ict_bot - INFO - Auto-launching XM MT5 Terminal: C:\Program Files\XM Global MT5\terminal64.exe
2026-08-02 02:29:48,067 - ict_bot - INFO - Connected to MT5 Server: XMGlobal-MT5 5 (Account: 108130219)
2026-08-02 02:29:51,001 - ict_bot - INFO - MT5 connection closed.
2026-08-02 02:29:55,330 - ict_bot - WARNING - Spread for GOLD# is too high: 131 > 30
2026-08-02 02:29:55,333 - ict_bot - WARNING - Spread for BTCUSD# is too high: 2250 > 500
2026-08-02 02:30:05,336 - ict_bot - WARNING - Spread for GOLD# is too high: 131 > 30
2026-08-02 02:30:05,338 - ict_bot - WARNING - Spread for BTCUSD# is too high: 2250 > 500
2026-08-02 02:30:15,341 - ict_bot - WARNING - Spread for GOLD# is too high: 131 > 30
2026-08-02 02:30:15,344 - ict_bot - WARNING - Spread for BTCUSD# is too high: 2250 > 500
2026-08-02 02:30:25,348 - ict_bot - WARNING - Spread for GOLD# is too high: 131 > 30
2026-08-02 02:30:25,350 - ict_bot - WARNING - Spread for BTCUSD# is too high: 2250 > 500
2026-08-02 02:30:35,353 - ict_bot - WARNING - Spread for GOLD# is too high: 131 > 30
2026-08-02 02:30:35,355 - ict_bot - WARNING - Spread for BTCUSD# is too high: 2250 > 500
2026-08-02 02:30:45,361 - ict_bot - WARNING - Spread for GOLD# is too high: 131 > 30
2026-08-02 02:30:45,362 - ict_bot - WARNING - Spread for BTCUSD# is too high: 2250 > 500
2026-08-02 02:30:55,366 - ict_bot - WARNING - Spread for GOLD# is too high: 131 > 30
2026-08-02 02:30:55,367 - ict_bot - WARNING - Spread for BTCUSD# is too high: 2250 > 500
2026-08-02 02:31:05,371 - ict_bot - WARNING - Spread for GOLD# is too high: 131 > 30
2026-08-02 02:31:05,374 - ict_bot - WARNING - Spread for BTCUSD# is too high: 2250 > 500
2026-08-02 02:31:15,381 - ict_bot - WARNING - Spread for GOLD# is too high: 131 > 30
2026-08-02 02:31:15,383 - ict_bot - WARNING - Spread for BTCUSD# is too high: 2250 > 500
2026-08-02 02:31:25,386 - ict_bot - WARNING - Spread for GOLD# is too high: 131 > 30
2026-08-02 02:31:25,388 - ict_bot - WARNING - Spread for BTCUSD# is too high: 2250 > 500
2026-08-02 02:31:35,391 - ict_bot - WARNING - Spread for GOLD# is too high: 131 > 30
2026-08-02 02:31:35,393 - ict_bot - WARNING - Spread for BTCUSD# is too high: 2250 > 500
2026-08-02 02:31:45,396 - ict_bot - WARNING - Spread for GOLD# is too high: 131 > 30
2026-08-02 02:31:45,398 - ict_bot - WARNING - Spread for BTCUSD# is too high: 2250 > 500
2026-08-02 02:31:55,402 - ict_bot - WARNING - Spread for GOLD# is too high: 131 > 30
2026-08-02 02:31:55,419 - ict_bot - WARNING - Spread for BTCUSD# is too high: 2250 > 500
2026-08-02 02:32:01,407 - ict_bot - INFO - Auto-launching XM MT5 Terminal: C:\Program Files\XM Global MT5\terminal64.exe
2026-08-02 02:32:01,415 - ict_bot - INFO - Connected to MT5 Server: XMGlobal-MT5 5 (Account: 108130219)
2026-08-02 02:32:05,425 - ict_bot - WARNING - Spread for GOLD# is too high: 131 > 30
2026-08-02 02:32:05,427 - ict_bot - WARNING - Spread for BTCUSD# is too high: 2250 > 500
2026-08-02 02:32:15,429 - ict_bot - WARNING - Spread for GOLD# is too high: 131 > 30
2026-08-02 02:32:15,430 - ict_bot - WARNING - Spread for BTCUSD# is too high: 2250 > 500
2026-08-02 02:32:25,433 - ict_bot - WARNING - Spread for GOLD# is too high: 131 > 30
2026-08-02 02:32:25,435 - ict_bot - WARNING - Spread for BTCUSD# is too high: 2250 > 500
2026-08-02 02:32:35,441 - ict_bot - WARNING - Spread for GOLD# is too high: 131 > 30
2026-08-02 02:32:35,443 - ict_bot - WARNING - Spread for BTCUSD# is too high: 2250 > 500
2026-08-02 02:32:45,446 - ict_bot - WARNING - Spread for GOLD# is too high: 131 > 30
2026-08-02 02:32:45,448 - ict_bot - WARNING - Spread for BTCUSD# is too high: 2250 > 500
2026-08-02 02:32:55,450 - ict_bot - WARNING - Spread for GOLD# is too high: 131 > 30
2026-08-02 02:32:55,452 - ict_bot - WARNING - Spread for BTCUSD# is too high: 2250 > 500
2026-08-02 02:33:05,455 - ict_bot - WARNING - Spread for GOLD# is too high: 131 > 30
2026-08-02 02:33:05,457 - ict_bot - WARNING - Spread for BTCUSD# is too high: 2250 > 500
2026-08-02 02:33:15,460 - ict_bot - WARNING - Spread for GOLD# is too high: 131 > 30
2026-08-02 02:33:15,461 - ict_bot - WARNING - Spread for BTCUSD# is too high: 2250 > 500
2026-08-02 02:33:25,464 - ict_bot - WARNING - Spread for GOLD# is too high: 131 > 30
2026-08-02 02:33:25,465 - ict_bot - WARNING - Spread for BTCUSD# is too high: 2250 > 500
2026-08-02 02:33:35,468 - ict_bot - WARNING - Spread for GOLD# is too high: 131 > 30
2026-08-02 02:33:35,470 - ict_bot - WARNING - Spread for BTCUSD# is too high: 2250 > 500
2026-08-02 02:33:40,898 - ict_bot - INFO - Auto-launching XM MT5 Terminal: C:\Program Files\XM Global MT5\terminal64.exe
2026-08-02 02:33:40,904 - ict_bot - INFO - Connected to MT5 Server: XMGlobal-MT5 5 (Account: 108130219)
2026-08-02 02:33:42,338 - ict_bot - INFO - MT5 connection closed.
2026-08-02 02:33:45,474 - ict_bot - WARNING - Spread for GOLD# is too high: 131 > 30
2026-08-02 02:33:45,476 - ict_bot - WARNING - Spread for BTCUSD# is too high: 2250 > 500
2026-08-02 02:33:55,478 - ict_bot - WARNING - Spread for GOLD# is too high: 131 > 30
2026-08-02 02:33:55,480 - ict_bot - WARNING - Spread for BTCUSD# is too high: 2250 > 500
2026-08-02 02:34:05,483 - ict_bot - WARNING - Spread for GOLD# is too high: 131 > 30
2026-08-02 02:34:05,485 - ict_bot - WARNING - Spread for BTCUSD# is too high: 2250 > 500
2026-08-02 02:34:15,488 - ict_bot - WARNING - Spread for GOLD# is too high: 131 > 30
2026-08-02 02:34:15,490 - ict_bot - WARNING - Spread for BTCUSD# is too high: 2250 > 500
2026-08-02 02:34:20,254 - ict_bot - INFO - MT5 connection closed.
2026-08-02 02:34:25,492 - ict_bot - WARNING - Spread for GOLD# is too high: 131 > 30
2026-08-02 02:34:25,494 - ict_bot - WARNING - Spread for BTCUSD# is too high: 2250 > 500
2026-08-02 02:34:35,499 - ict_bot - WARNING - Spread for GOLD# is too high: 131 > 30
2026-08-02 02:34:35,501 - ict_bot - WARNING - Spread for BTCUSD# is too high: 2250 > 500
2026-08-02 02:34:45,504 - ict_bot - WARNING - Spread for GOLD# is too high: 131 > 30
2026-08-02 02:34:45,506 - ict_bot - WARNING - Spread for BTCUSD# is too high: 2250 > 500
2026-08-02 02:34:55,508 - ict_bot - WARNING - Spread for GOLD# is too high: 131 > 30
2026-08-02 02:34:55,512 - ict_bot - WARNING - Spread for BTCUSD# is too high: 2250 > 500
2026-08-02 02:35:05,517 - ict_bot - WARNING - Spread for GOLD# is too high: 131 > 30
2026-08-02 02:35:05,521 - ict_bot - WARNING - Spread for BTCUSD# is too high: 2250 > 500
2026-08-02 02:35:15,524 - ict_bot - WARNING - Spread for GOLD# is too high: 131 > 30
2026-08-02 02:35:15,526 - ict_bot - WARNING - Spread for BTCUSD# is too high: 2250 > 500
2026-08-02 02:35:16,589 - ict_bot - INFO - Auto-launching XM MT5 Terminal: C:\Program Files\XM Global MT5\terminal64.exe
2026-08-02 02:35:16,596 - ict_bot - INFO - Connected to MT5 Server: XMGlobal-MT5 5 (Account: 108130219)
2026-08-02 02:35:18,920 - ict_bot - INFO - MT5 connection closed.
2026-08-02 02:35:25,529 - ict_bot - WARNING - Spread for GOLD# is too high: 131 > 30
2026-08-02 02:35:25,531 - ict_bot - WARNING - Spread for BTCUSD# is too high: 2250 > 500
2026-08-02 02:35:35,534 - ict_bot - WARNING - Spread for GOLD# is too high: 131 > 30
2026-08-02 02:35:35,536 - ict_bot - WARNING - Spread for BTCUSD# is too high: 2250 > 500
2026-08-02 02:35:45,539 - ict_bot - WARNING - Spread for GOLD# is too high: 131 > 30
2026-08-02 02:35:45,541 - ict_bot - WARNING - Spread for BTCUSD# is too high: 2250 > 500
2026-08-02 02:35:55,545 - ict_bot - WARNING - Spread for GOLD# is too high: 131 > 30
2026-08-02 02:35:55,546 - ict_bot - WARNING - Spread for BTCUSD# is too high: 2250 > 500
2026-08-02 02:36:05,551 - ict_bot - WARNING - Spread for GOLD# is too high: 131 > 30
2026-08-02 02:36:05,553 - ict_bot - WARNING - Spread for BTCUSD# is too high: 2250 > 500
2026-08-02 02:36:15,558 - ict_bot - WARNING - Spread for GOLD# is too high: 131 > 30
2026-08-02 02:36:15,560 - ict_bot - WARNING - Spread for BTCUSD# is too high: 2250 > 500
2026-08-02 02:36:25,564 - ict_bot - WARNING - Spread for GOLD# is too high: 131 > 30
2026-08-02 02:36:25,566 - ict_bot - WARNING - Spread for BTCUSD# is too high: 2250 > 500
2026-08-02 02:36:35,569 - ict_bot - WARNING - Spread for GOLD# is too high: 131 > 30
2026-08-02 02:36:35,571 - ict_bot - WARNING - Spread for BTCUSD# is too high: 2250 > 500
2026-08-02 02:36:45,574 - ict_bot - WARNING - Spread for GOLD# is too high: 131 > 30
2026-08-02 02:36:45,576 - ict_bot - WARNING - Spread for BTCUSD# is too high: 2250 > 500
2026-08-02 02:36:55,579 - ict_bot - WARNING - Spread for GOLD# is too high: 131 > 30
2026-08-02 02:36:55,581 - ict_bot - WARNING - Spread for BTCUSD# is too high: 2250 > 500
2026-08-02 02:37:05,587 - ict_bot - WARNING - Spread for GOLD# is too high: 131 > 30
2026-08-02 02:37:05,592 - ict_bot - WARNING - Spread for BTCUSD# is too high: 2250 > 500
2026-08-02 02:37:15,595 - ict_bot - WARNING - Spread for GOLD# is too high: 131 > 30
2026-08-02 02:37:15,599 - ict_bot - WARNING - Spread for BTCUSD# is too high: 2250 > 500
2026-08-02 02:37:25,602 - ict_bot - WARNING - Spread for GOLD# is too high: 131 > 30
2026-08-02 02:37:25,604 - ict_bot - WARNING - Spread for BTCUSD# is too high: 2250 > 500
2026-08-02 02:37:35,607 - ict_bot - WARNING - Spread for GOLD# is too high: 131 > 30
2026-08-02 02:37:35,609 - ict_bot - WARNING - Spread for BTCUSD# is too high: 2250 > 500
2026-08-02 02:37:45,612 - ict_bot - WARNING - Spread for GOLD# is too high: 131 > 30
2026-08-02 02:37:45,614 - ict_bot - WARNING - Spread for BTCUSD# is too high: 2250 > 500
2026-08-02 02:37:55,618 - ict_bot - WARNING - Spread for GOLD# is too high: 131 > 30
2026-08-02 02:37:55,620 - ict_bot - WARNING - Spread for BTCUSD# is too high: 2250 > 500
2026-08-02 02:38:05,624 - ict_bot - WARNING - Spread for GOLD# is too high: 131 > 30
2026-08-02 02:38:05,626 - ict_bot - WARNING - Spread for BTCUSD# is too high: 2250 > 500
2026-08-02 02:38:15,629 - ict_bot - WARNING - Spread for GOLD# is too high: 131 > 30
2026-08-02 02:38:15,632 - ict_bot - WARNING - Spread for BTCUSD# is too high: 2250 > 500
2026-08-02 02:38:25,635 - ict_bot - WARNING - Spread for GOLD# is too high: 131 > 30
2026-08-02 02:38:25,639 - ict_bot - WARNING - Spread for BTCUSD# is too high: 2250 > 500
2026-08-02 02:38:35,642 - ict_bot - WARNING - Spread for GOLD# is too high: 131 > 30
2026-08-02 02:38:35,644 - ict_bot - WARNING - Spread for BTCUSD# is too high: 2250 > 500
2026-08-02 02:38:45,648 - ict_bot - WARNING - Spread for GOLD# is too high: 131 > 30
2026-08-02 02:38:45,650 - ict_bot - WARNING - Spread for BTCUSD# is too high: 2250 > 500
2026-08-02 02:38:55,652 - ict_bot - WARNING - Spread for GOLD# is too high: 131 > 30
2026-08-02 02:38:55,654 - ict_bot - WARNING - Spread for BTCUSD# is too high: 2250 > 500
2026-08-02 02:39:05,657 - ict_bot - WARNING - Spread for GOLD# is too high: 131 > 30
2026-08-02 02:39:05,659 - ict_bot - WARNING - Spread for BTCUSD# is too high: 2250 > 500
2026-08-02 02:39:15,662 - ict_bot - WARNING - Spread for GOLD# is too high: 131 > 30
2026-08-02 02:39:15,663 - ict_bot - WARNING - Spread for BTCUSD# is too high: 2250 > 500
2026-08-02 02:39:25,669 - ict_bot - WARNING - Spread for GOLD# is too high: 131 > 30
2026-08-02 02:39:25,671 - ict_bot - WARNING - Spread for BTCUSD# is too high: 2250 > 500
2026-08-02 02:39:35,681 - ict_bot - WARNING - Spread for GOLD# is too high: 131 > 30
2026-08-02 02:39:35,683 - ict_bot - WARNING - Spread for BTCUSD# is too high: 2250 > 500
2026-08-02 02:39:45,690 - ict_bot - WARNING - Spread for GOLD# is too high: 131 > 30
2026-08-02 02:39:45,692 - ict_bot - WARNING - Spread for BTCUSD# is too high: 2250 > 500
2026-08-02 02:39:55,695 - ict_bot - WARNING - Spread for GOLD# is too high: 131 > 30
2026-08-02 02:39:55,697 - ict_bot - WARNING - Spread for BTCUSD# is too high: 2250 > 500
2026-08-02 02:40:05,702 - ict_bot - WARNING - Spread for GOLD# is too high: 131 > 30
2026-08-02 02:40:05,704 - ict_bot - WARNING - Spread for BTCUSD# is too high: 2250 > 500
2026-08-02 02:40:15,708 - ict_bot - WARNING - Spread for GOLD# is too high: 131 > 30
2026-08-02 02:40:15,710 - ict_bot - WARNING - Spread for BTCUSD# is too high: 2250 > 500
2026-08-02 02:40:25,713 - ict_bot - WARNING - Spread for GOLD# is too high: 131 > 30
2026-08-02 02:40:25,715 - ict_bot - WARNING - Spread for BTCUSD# is too high: 2250 > 500
2026-08-02 02:40:35,718 - ict_bot - WARNING - Spread for GOLD# is too high: 131 > 30
2026-08-02 02:40:35,720 - ict_bot - WARNING - Spread for BTCUSD# is too high: 2250 > 500
2026-08-02 02:40:45,723 - ict_bot - WARNING - Spread for GOLD# is too high: 131 > 30
2026-08-02 02:40:45,727 - ict_bot - WARNING - Spread for BTCUSD# is too high: 2250 > 500
2026-08-02 02:40:55,731 - ict_bot - WARNING - Spread for GOLD# is too high: 131 > 30
2026-08-02 02:40:55,733 - ict_bot - WARNING - Spread for BTCUSD# is too high: 2250 > 500
2026-08-02 02:41:05,737 - ict_bot - WARNING - Spread for GOLD# is too high: 131 > 30
2026-08-02 02:41:05,738 - ict_bot - WARNING - Spread for BTCUSD# is too high: 2250 > 500
2026-08-02 02:41:15,742 - ict_bot - WARNING - Spread for GOLD# is too high: 131 > 30
2026-08-02 02:41:15,744 - ict_bot - WARNING - Spread for BTCUSD# is too high: 2250 > 500
2026-08-02 02:41:25,747 - ict_bot - WARNING - Spread for GOLD# is too high: 131 > 30
2026-08-02 02:41:25,749 - ict_bot - WARNING - Spread for BTCUSD# is too high: 2250 > 500
2026-08-02 02:41:35,752 - ict_bot - WARNING - Spread for GOLD# is too high: 131 > 30
2026-08-02 02:41:35,753 - ict_bot - WARNING - Spread for BTCUSD# is too high: 2250 > 500
2026-08-02 02:41:45,756 - ict_bot - WARNING - Spread for GOLD# is too high: 131 > 30
2026-08-02 02:41:45,758 - ict_bot - WARNING - Spread for BTCUSD# is too high: 2250 > 500
2026-08-02 02:41:55,762 - ict_bot - WARNING - Spread for GOLD# is too high: 131 > 30
2026-08-02 02:41:55,763 - ict_bot - WARNING - Spread for BTCUSD# is too high: 2250 > 500
2026-08-02 02:42:05,769 - ict_bot - WARNING - Spread for GOLD# is too high: 131 > 30
2026-08-02 02:42:05,770 - ict_bot - WARNING - Spread for BTCUSD# is too high: 2250 > 500
2026-08-02 02:42:15,774 - ict_bot - WARNING - Spread for GOLD# is too high: 131 > 30
2026-08-02 02:42:15,778 - ict_bot - WARNING - Spread for BTCUSD# is too high: 2250 > 500
2026-08-02 02:42:25,782 - ict_bot - WARNING - Spread for GOLD# is too high: 131 > 30
2026-08-02 02:42:25,784 - ict_bot - WARNING - Spread for BTCUSD# is too high: 2250 > 500
2026-08-02 02:42:35,788 - ict_bot - WARNING - Spread for GOLD# is too high: 131 > 30
2026-08-02 02:42:35,790 - ict_bot - WARNING - Spread for BTCUSD# is too high: 2250 > 500
2026-08-02 02:42:45,793 - ict_bot - WARNING - Spread for GOLD# is too high: 131 > 30
2026-08-02 02:42:45,795 - ict_bot - WARNING - Spread for BTCUSD# is too high: 2250 > 500
2026-08-02 02:42:54,276 - ict_bot - INFO - Auto-launching XM MT5 Terminal: C:\Program Files\XM Global MT5\terminal64.exe
2026-08-02 02:42:54,304 - ict_bot - INFO - Connected to MT5 Server: XMGlobal-MT5 5 (Account: 108130219)
2026-08-02 02:42:55,456 - ict_bot - INFO - MT5 connection closed.
2026-08-02 02:42:55,798 - ict_bot - WARNING - Spread for GOLD# is too high: 131 > 30
2026-08-02 02:42:55,800 - ict_bot - WARNING - Spread for BTCUSD# is too high: 2250 > 500
2026-08-02 02:43:05,803 - ict_bot - WARNING - Spread for GOLD# is too high: 131 > 30
2026-08-02 02:43:05,805 - ict_bot - WARNING - Spread for BTCUSD# is too high: 2250 > 500
2026-08-02 02:43:15,809 - ict_bot - WARNING - Spread for GOLD# is too high: 131 > 30
2026-08-02 02:43:15,810 - ict_bot - WARNING - Spread for BTCUSD# is too high: 2250 > 500
2026-08-02 02:43:25,813 - ict_bot - WARNING - Spread for GOLD# is too high: 131 > 30
2026-08-02 02:43:25,815 - ict_bot - WARNING - Spread for BTCUSD# is too high: 2250 > 500
2026-08-02 02:43:35,818 - ict_bot - WARNING - Spread for GOLD# is too high: 131 > 30
2026-08-02 02:43:35,820 - ict_bot - WARNING - Spread for BTCUSD# is too high: 2250 > 500
2026-08-02 02:43:45,823 - ict_bot - WARNING - Spread for GOLD# is too high: 131 > 30
2026-08-02 02:43:45,825 - ict_bot - WARNING - Spread for BTCUSD# is too high: 2250 > 500
2026-08-02 02:43:55,828 - ict_bot - WARNING - Spread for GOLD# is too high: 131 > 30
2026-08-02 02:43:55,830 - ict_bot - WARNING - Spread for BTCUSD# is too high: 2250 > 500
2026-08-02 02:44:05,833 - ict_bot - WARNING - Spread for GOLD# is too high: 131 > 30
2026-08-02 02:44:05,835 - ict_bot - WARNING - Spread for BTCUSD# is too high: 2250 > 500
2026-08-02 02:44:15,838 - ict_bot - WARNING - Spread for GOLD# is too high: 131 > 30
2026-08-02 02:44:15,840 - ict_bot - WARNING - Spread for BTCUSD# is too high: 2250 > 500
2026-08-02 02:44:25,847 - ict_bot - WARNING - Spread for GOLD# is too high: 131 > 30
2026-08-02 02:44:25,849 - ict_bot - WARNING - Spread for BTCUSD# is too high: 2250 > 500
2026-08-02 02:44:35,852 - ict_bot - WARNING - Spread for GOLD# is too high: 131 > 30
2026-08-02 02:44:35,853 - ict_bot - WARNING - Spread for BTCUSD# is too high: 2250 > 500
2026-08-02 02:44:45,857 - ict_bot - WARNING - Spread for GOLD# is too high: 131 > 30
2026-08-02 02:44:45,859 - ict_bot - WARNING - Spread for BTCUSD# is too high: 2250 > 500
2026-08-02 02:44:55,862 - ict_bot - WARNING - Spread for GOLD# is too high: 131 > 30
2026-08-02 02:44:55,864 - ict_bot - WARNING - Spread for BTCUSD# is too high: 2250 > 500
2026-08-02 02:45:05,867 - ict_bot - WARNING - Spread for GOLD# is too high: 131 > 30
2026-08-02 02:45:05,868 - ict_bot - WARNING - Spread for BTCUSD# is too high: 2250 > 500
2026-08-02 02:45:15,871 - ict_bot - WARNING - Spread for GOLD# is too high: 131 > 30
2026-08-02 02:45:15,873 - ict_bot - WARNING - Spread for BTCUSD# is too high: 2250 > 500
2026-08-02 02:45:25,876 - ict_bot - WARNING - Spread for GOLD# is too high: 131 > 30
2026-08-02 02:45:25,878 - ict_bot - WARNING - Spread for BTCUSD# is too high: 2250 > 500
2026-08-02 02:45:35,880 - ict_bot - WARNING - Spread for GOLD# is too high: 131 > 30
2026-08-02 02:45:35,882 - ict_bot - WARNING - Spread for BTCUSD# is too high: 2250 > 500
2026-08-02 02:45:45,885 - ict_bot - WARNING - Spread for GOLD# is too high: 131 > 30
2026-08-02 02:45:45,887 - ict_bot - WARNING - Spread for BTCUSD# is too high: 2250 > 500
2026-08-02 02:45:55,889 - ict_bot - WARNING - Spread for GOLD# is too high: 131 > 30
2026-08-02 02:45:55,891 - ict_bot - WARNING - Spread for BTCUSD# is too high: 2250 > 500
2026-08-02 02:46:05,893 - ict_bot - WARNING - Spread for GOLD# is too high: 131 > 30
2026-08-02 02:46:05,895 - ict_bot - WARNING - Spread for BTCUSD# is too high: 2250 > 500
2026-08-02 02:46:15,898 - ict_bot - WARNING - Spread for GOLD# is too high: 131 > 30
2026-08-02 02:46:15,900 - ict_bot - WARNING - Spread for BTCUSD# is too high: 2250 > 500
2026-08-02 02:46:25,903 - ict_bot - WARNING - Spread for GOLD# is too high: 131 > 30
2026-08-02 02:46:25,905 - ict_bot - WARNING - Spread for BTCUSD# is too high: 2250 > 500
2026-08-02 02:46:35,908 - ict_bot - WARNING - Spread for GOLD# is too high: 131 > 30
2026-08-02 02:46:35,910 - ict_bot - WARNING - Spread for BTCUSD# is too high: 2250 > 500
2026-08-02 02:46:45,913 - ict_bot - WARNING - Spread for GOLD# is too high: 131 > 30
2026-08-02 02:46:45,915 - ict_bot - WARNING - Spread for BTCUSD# is too high: 2250 > 500
2026-08-02 02:46:55,919 - ict_bot - WARNING - Spread for GOLD# is too high: 131 > 30
2026-08-02 02:46:55,922 - ict_bot - WARNING - Spread for BTCUSD# is too high: 2250 > 500
2026-08-02 02:47:05,925 - ict_bot - WARNING - Spread for GOLD# is too high: 131 > 30
2026-08-02 02:47:05,927 - ict_bot - WARNING - Spread for BTCUSD# is too high: 2250 > 500
2026-08-02 02:47:15,933 - ict_bot - WARNING - Spread for GOLD# is too high: 131 > 30
2026-08-02 02:47:15,935 - ict_bot - WARNING - Spread for BTCUSD# is too high: 2250 > 500
2026-08-02 02:47:25,939 - ict_bot - WARNING - Spread for GOLD# is too high: 131 > 30
2026-08-02 02:47:25,941 - ict_bot - WARNING - Spread for BTCUSD# is too high: 2250 > 500
2026-08-02 02:47:35,944 - ict_bot - WARNING - Spread for GOLD# is too high: 131 > 30
2026-08-02 02:47:35,946 - ict_bot - WARNING - Spread for BTCUSD# is too high: 2250 > 500
2026-08-02 02:47:45,950 - ict_bot - WARNING - Spread for GOLD# is too high: 131 > 30
2026-08-02 02:47:45,952 - ict_bot - WARNING - Spread for BTCUSD# is too high: 2250 > 500
2026-08-02 02:47:55,955 - ict_bot - WARNING - Spread for GOLD# is too high: 131 > 30
2026-08-02 02:47:55,958 - ict_bot - WARNING - Spread for BTCUSD# is too high: 2250 > 500
2026-08-02 02:48:05,961 - ict_bot - WARNING - Spread for GOLD# is too high: 131 > 30
2026-08-02 02:48:05,963 - ict_bot - WARNING - Spread for BTCUSD# is too high: 2250 > 500
2026-08-02 02:48:15,967 - ict_bot - WARNING - Spread for GOLD# is too high: 131 > 30
2026-08-02 02:48:15,970 - ict_bot - WARNING - Spread for BTCUSD# is too high: 2250 > 500
2026-08-02 02:48:25,974 - ict_bot - WARNING - Spread for GOLD# is too high: 131 > 30
2026-08-02 02:48:25,976 - ict_bot - WARNING - Spread for BTCUSD# is too high: 2250 > 500
2026-08-02 02:48:35,981 - ict_bot - WARNING - Spread for GOLD# is too high: 131 > 30
2026-08-02 02:48:35,983 - ict_bot - WARNING - Spread for BTCUSD# is too high: 2250 > 500
2026-08-02 02:48:45,991 - ict_bot - WARNING - Spread for GOLD# is too high: 131 > 30
2026-08-02 02:48:45,993 - ict_bot - WARNING - Spread for BTCUSD# is too high: 2250 > 500
2026-08-02 02:48:55,997 - ict_bot - WARNING - Spread for GOLD# is too high: 131 > 30
2026-08-02 02:48:55,999 - ict_bot - WARNING - Spread for BTCUSD# is too high: 2250 > 500
2026-08-02 02:49:06,002 - ict_bot - WARNING - Spread for GOLD# is too high: 131 > 30
2026-08-02 02:49:06,003 - ict_bot - WARNING - Spread for BTCUSD# is too high: 2250 > 500
2026-08-02 02:49:16,006 - ict_bot - WARNING - Spread for GOLD# is too high: 131 > 30
2026-08-02 02:49:16,008 - ict_bot - WARNING - Spread for BTCUSD# is too high: 2250 > 500
2026-08-02 02:49:26,012 - ict_bot - WARNING - Spread for GOLD# is too high: 131 > 30
2026-08-02 02:49:26,013 - ict_bot - WARNING - Spread for BTCUSD# is too high: 2250 > 500
2026-08-02 02:49:36,016 - ict_bot - WARNING - Spread for GOLD# is too high: 131 > 30
2026-08-02 02:49:36,018 - ict_bot - WARNING - Spread for BTCUSD# is too high: 2250 > 500
2026-08-02 02:49:46,021 - ict_bot - WARNING - Spread for GOLD# is too high: 131 > 30
2026-08-02 02:49:46,029 - ict_bot - WARNING - Spread for BTCUSD# is too high: 2250 > 500
2026-08-02 02:49:56,032 - ict_bot - WARNING - Spread for GOLD# is too high: 131 > 30
2026-08-02 02:49:56,033 - ict_bot - WARNING - Spread for BTCUSD# is too high: 2250 > 500
2026-08-02 02:50:06,036 - ict_bot - WARNING - Spread for GOLD# is too high: 131 > 30
2026-08-02 02:50:06,039 - ict_bot - WARNING - Spread for BTCUSD# is too high: 2250 > 500
2026-08-02 02:50:16,043 - ict_bot - WARNING - Spread for GOLD# is too high: 131 > 30
2026-08-02 02:50:16,045 - ict_bot - WARNING - Spread for BTCUSD# is too high: 2250 > 500
2026-08-02 02:50:26,049 - ict_bot - WARNING - Spread for GOLD# is too high: 131 > 30
2026-08-02 02:50:26,050 - ict_bot - WARNING - Spread for BTCUSD# is too high: 2250 > 500
2026-08-02 02:50:36,053 - ict_bot - WARNING - Spread for GOLD# is too high: 131 > 30
2026-08-02 02:50:36,055 - ict_bot - WARNING - Spread for BTCUSD# is too high: 2250 > 500
2026-08-02 02:50:46,058 - ict_bot - WARNING - Spread for GOLD# is too high: 131 > 30
2026-08-02 02:50:46,060 - ict_bot - WARNING - Spread for BTCUSD# is too high: 2250 > 500
2026-08-02 02:50:56,063 - ict_bot - WARNING - Spread for GOLD# is too high: 131 > 30
2026-08-02 02:50:56,067 - ict_bot - WARNING - Spread for BTCUSD# is too high: 2250 > 500
2026-08-02 02:51:06,071 - ict_bot - WARNING - Spread for GOLD# is too high: 131 > 30
2026-08-02 02:51:06,073 - ict_bot - WARNING - Spread for BTCUSD# is too high: 2250 > 500
2026-08-02 02:51:16,081 - ict_bot - WARNING - Spread for GOLD# is too high: 131 > 30
2026-08-02 02:51:16,083 - ict_bot - WARNING - Spread for BTCUSD# is too high: 2250 > 500
2026-08-02 02:51:26,086 - ict_bot - WARNING - Spread for GOLD# is too high: 131 > 30
2026-08-02 02:51:26,087 - ict_bot - WARNING - Spread for BTCUSD# is too high: 2250 > 500
2026-08-02 02:51:36,093 - ict_bot - WARNING - Spread for GOLD# is too high: 131 > 30
2026-08-02 02:51:36,095 - ict_bot - WARNING - Spread for BTCUSD# is too high: 2250 > 500
2026-08-02 02:51:46,098 - ict_bot - WARNING - Spread for GOLD# is too high: 131 > 30
2026-08-02 02:51:46,100 - ict_bot - WARNING - Spread for BTCUSD# is too high: 2250 > 500
2026-08-02 02:51:56,104 - ict_bot - WARNING - Spread for GOLD# is too high: 131 > 30
2026-08-02 02:51:56,106 - ict_bot - WARNING - Spread for BTCUSD# is too high: 2250 > 500
2026-08-02 02:52:06,109 - ict_bot - WARNING - Spread for GOLD# is too high: 131 > 30
2026-08-02 02:52:06,111 - ict_bot - WARNING - Spread for BTCUSD# is too high: 2250 > 500
2026-08-02 02:52:16,116 - ict_bot - WARNING - Spread for GOLD# is too high: 131 > 30
2026-08-02 02:52:16,117 - ict_bot - WARNING - Spread for BTCUSD# is too high: 2250 > 500
2026-08-02 02:52:26,121 - ict_bot - WARNING - Spread for GOLD# is too high: 131 > 30
2026-08-02 02:52:26,123 - ict_bot - WARNING - Spread for BTCUSD# is too high: 2250 > 500
2026-08-02 02:52:36,131 - ict_bot - WARNING - Spread for GOLD# is too high: 131 > 30
2026-08-02 02:52:36,133 - ict_bot - WARNING - Spread for BTCUSD# is too high: 2250 > 500
2026-08-02 02:52:46,136 - ict_bot - WARNING - Spread for GOLD# is too high: 131 > 30
2026-08-02 02:52:46,138 - ict_bot - WARNING - Spread for BTCUSD# is too high: 2250 > 500
2026-08-02 02:52:56,141 - ict_bot - WARNING - Spread for GOLD# is too high: 131 > 30
2026-08-02 02:52:56,144 - ict_bot - WARNING - Spread for BTCUSD# is too high: 2250 > 500
2026-08-02 02:53:06,147 - ict_bot - WARNING - Spread for GOLD# is too high: 131 > 30
2026-08-02 02:53:06,150 - ict_bot - WARNING - Spread for BTCUSD# is too high: 2250 > 500
2026-08-02 02:53:16,155 - ict_bot - WARNING - Spread for GOLD# is too high: 131 > 30
2026-08-02 02:53:16,163 - ict_bot - WARNING - Spread for BTCUSD# is too high: 2250 > 500
2026-08-02 02:53:26,166 - ict_bot - WARNING - Spread for GOLD# is too high: 131 > 30
2026-08-02 02:53:26,168 - ict_bot - WARNING - Spread for BTCUSD# is too high: 2250 > 500
2026-08-02 02:53:36,172 - ict_bot - WARNING - Spread for GOLD# is too high: 131 > 30
2026-08-02 02:53:36,174 - ict_bot - WARNING - Spread for BTCUSD# is too high: 2250 > 500
2026-08-02 02:53:46,178 - ict_bot - WARNING - Spread for GOLD# is too high: 131 > 30
2026-08-02 02:53:46,203 - ict_bot - WARNING - Spread for BTCUSD# is too high: 2250 > 500
2026-08-02 02:53:56,242 - ict_bot - WARNING - Spread for GOLD# is too high: 131 > 30
2026-08-02 02:53:56,243 - ict_bot - WARNING - Spread for BTCUSD# is too high: 2250 > 500
2026-08-02 02:54:06,247 - ict_bot - WARNING - Spread for GOLD# is too high: 131 > 30
2026-08-02 02:54:06,250 - ict_bot - WARNING - Spread for BTCUSD# is too high: 2250 > 500
2026-08-02 02:54:16,253 - ict_bot - WARNING - Spread for GOLD# is too high: 131 > 30
2026-08-02 02:54:16,256 - ict_bot - WARNING - Spread for BTCUSD# is too high: 2250 > 500
2026-08-02 02:54:26,260 - ict_bot - WARNING - Spread for GOLD# is too high: 131 > 30
2026-08-02 02:54:26,261 - ict_bot - WARNING - Spread for BTCUSD# is too high: 2250 > 500
2026-08-02 02:54:36,265 - ict_bot - WARNING - Spread for GOLD# is too high: 131 > 30
2026-08-02 02:54:36,267 - ict_bot - WARNING - Spread for BTCUSD# is too high: 2250 > 500
2026-08-02 02:54:42,660 - ict_bot - INFO - Auto-launching XM MT5 Terminal: C:\Program Files\XM Global MT5\terminal64.exe
2026-08-02 02:54:42,710 - ict_bot - INFO - Connected to MT5 Server: XMGlobal-MT5 5 (Account: 108130219)
2026-08-02 02:54:46,270 - ict_bot - WARNING - Spread for GOLD# is too high: 131 > 30
2026-08-02 02:54:46,272 - ict_bot - WARNING - Spread for BTCUSD# is too high: 2250 > 500
2026-08-02 02:54:56,276 - ict_bot - WARNING - Spread for GOLD# is too high: 131 > 30
2026-08-02 02:54:56,277 - ict_bot - WARNING - Spread for BTCUSD# is too high: 2250 > 500
2026-08-02 02:55:06,281 - ict_bot - WARNING - Spread for GOLD# is too high: 131 > 30
2026-08-02 02:55:06,282 - ict_bot - WARNING - Spread for BTCUSD# is too high: 2250 > 500
2026-08-02 02:55:16,285 - ict_bot - WARNING - Spread for GOLD# is too high: 131 > 30
2026-08-02 02:55:16,287 - ict_bot - WARNING - Spread for BTCUSD# is too high: 2250 > 500
2026-08-02 02:55:26,292 - ict_bot - WARNING - Spread for GOLD# is too high: 131 > 30
2026-08-02 02:55:26,294 - ict_bot - WARNING - Spread for BTCUSD# is too high: 2250 > 500
2026-08-02 02:55:30,637 - ict_bot - INFO - MT5 connection closed.
2026-08-02 02:55:32,201 - ict_bot - INFO - Auto-launching XM MT5 Terminal: C:\Program Files\XM Global MT5\terminal64.exe
2026-08-02 02:55:32,203 - ict_bot - INFO - Connected to MT5 Server: XMGlobal-MT5 5 (Account: 108130219)
2026-08-02 02:55:36,297 - ict_bot - WARNING - Spread for GOLD# is too high: 131 > 30
2026-08-02 02:55:36,299 - ict_bot - WARNING - Spread for BTCUSD# is too high: 2250 > 500
2026-08-02 02:55:46,302 - ict_bot - WARNING - Spread for GOLD# is too high: 131 > 30
2026-08-02 02:55:46,304 - ict_bot - WARNING - Spread for BTCUSD# is too high: 2250 > 500
2026-08-02 02:55:56,307 - ict_bot - WARNING - Spread for GOLD# is too high: 131 > 30
2026-08-02 02:55:56,309 - ict_bot - WARNING - Spread for BTCUSD# is too high: 2250 > 500
2026-08-02 02:56:06,311 - ict_bot - WARNING - Spread for GOLD# is too high: 131 > 30
2026-08-02 02:56:06,316 - ict_bot - WARNING - Spread for BTCUSD# is too high: 2250 > 500
2026-08-02 02:56:16,320 - ict_bot - WARNING - Spread for GOLD# is too high: 131 > 30
2026-08-02 02:56:16,322 - ict_bot - WARNING - Spread for BTCUSD# is too high: 2250 > 500
2026-08-02 02:56:26,325 - ict_bot - WARNING - Spread for GOLD# is too high: 131 > 30
2026-08-02 02:56:26,326 - ict_bot - WARNING - Spread for BTCUSD# is too high: 2250 > 500
2026-08-02 02:56:36,331 - ict_bot - WARNING - Spread for GOLD# is too high: 131 > 30
2026-08-02 02:56:36,333 - ict_bot - WARNING - Spread for BTCUSD# is too high: 2250 > 500
2026-08-02 02:56:46,336 - ict_bot - WARNING - Spread for GOLD# is too high: 131 > 30
2026-08-02 02:56:46,337 - ict_bot - WARNING - Spread for BTCUSD# is too high: 2250 > 500
2026-08-02 02:56:56,340 - ict_bot - WARNING - Spread for GOLD# is too high: 131 > 30
2026-08-02 02:56:56,342 - ict_bot - WARNING - Spread for BTCUSD# is too high: 2250 > 500
2026-08-02 02:57:06,345 - ict_bot - WARNING - Spread for GOLD# is too high: 131 > 30
2026-08-02 02:57:06,347 - ict_bot - WARNING - Spread for BTCUSD# is too high: 2250 > 500
2026-08-02 02:57:16,352 - ict_bot - WARNING - Spread for GOLD# is too high: 131 > 30
2026-08-02 02:57:16,355 - ict_bot - WARNING - Spread for BTCUSD# is too high: 2250 > 500
2026-08-02 02:57:26,358 - ict_bot - WARNING - Spread for GOLD# is too high: 131 > 30
2026-08-02 02:57:26,360 - ict_bot - WARNING - Spread for BTCUSD# is too high: 2250 > 500
2026-08-02 02:57:36,364 - ict_bot - WARNING - Spread for GOLD# is too high: 131 > 30
2026-08-02 02:57:36,366 - ict_bot - WARNING - Spread for BTCUSD# is too high: 2250 > 500
2026-08-02 02:57:46,369 - ict_bot - WARNING - Spread for GOLD# is too high: 131 > 30
2026-08-02 02:57:46,371 - ict_bot - WARNING - Spread for BTCUSD# is too high: 2250 > 500
2026-08-02 02:57:56,373 - ict_bot - WARNING - Spread for GOLD# is too high: 131 > 30
2026-08-02 02:57:56,375 - ict_bot - WARNING - Spread for BTCUSD# is too high: 2250 > 500
2026-08-02 02:58:06,378 - ict_bot - WARNING - Spread for GOLD# is too high: 131 > 30
2026-08-02 02:58:06,380 - ict_bot - WARNING - Spread for BTCUSD# is too high: 2250 > 500
2026-08-02 02:58:16,384 - ict_bot - WARNING - Spread for GOLD# is too high: 131 > 30
2026-08-02 02:58:16,385 - ict_bot - WARNING - Spread for BTCUSD# is too high: 2250 > 500
2026-08-02 02:58:26,390 - ict_bot - WARNING - Spread for GOLD# is too high: 131 > 30
2026-08-02 02:58:26,391 - ict_bot - WARNING - Spread for BTCUSD# is too high: 2250 > 500
2026-08-02 02:58:36,395 - ict_bot - WARNING - Spread for GOLD# is too high: 131 > 30
2026-08-02 02:58:36,396 - ict_bot - WARNING - Spread for BTCUSD# is too high: 2250 > 500
2026-08-02 02:58:46,399 - ict_bot - WARNING - Spread for GOLD# is too high: 131 > 30
2026-08-02 02:58:46,401 - ict_bot - WARNING - Spread for BTCUSD# is too high: 2250 > 500
2026-08-02 02:58:56,404 - ict_bot - WARNING - Spread for GOLD# is too high: 131 > 30
2026-08-02 02:58:56,406 - ict_bot - WARNING - Spread for BTCUSD# is too high: 2250 > 500
2026-08-02 02:59:06,410 - ict_bot - WARNING - Spread for GOLD# is too high: 131 > 30
2026-08-02 02:59:06,411 - ict_bot - WARNING - Spread for BTCUSD# is too high: 2250 > 500
2026-08-02 02:59:16,414 - ict_bot - WARNING - Spread for GOLD# is too high: 131 > 30
2026-08-02 02:59:16,416 - ict_bot - WARNING - Spread for BTCUSD# is too high: 2250 > 500
2026-08-02 02:59:26,419 - ict_bot - WARNING - Spread for GOLD# is too high: 131 > 30
2026-08-02 02:59:26,421 - ict_bot - WARNING - Spread for BTCUSD# is too high: 2250 > 500
2026-08-02 02:59:36,424 - ict_bot - WARNING - Spread for GOLD# is too high: 131 > 30
2026-08-02 02:59:36,426 - ict_bot - WARNING - Spread for BTCUSD# is too high: 2250 > 500
2026-08-02 02:59:46,429 - ict_bot - WARNING - Spread for GOLD# is too high: 131 > 30
2026-08-02 02:59:46,431 - ict_bot - WARNING - Spread for BTCUSD# is too high: 2250 > 500
2026-08-02 02:59:56,435 - ict_bot - WARNING - Spread for GOLD# is too high: 131 > 30
2026-08-02 02:59:56,438 - ict_bot - WARNING - Spread for BTCUSD# is too high: 2250 > 500
2026-08-02 03:00:06,441 - ict_bot - WARNING - Spread for GOLD# is too high: 131 > 30
2026-08-02 03:00:06,442 - ict_bot - WARNING - Spread for BTCUSD# is too high: 2250 > 500
2026-08-02 03:00:16,445 - ict_bot - WARNING - Spread for GOLD# is too high: 131 > 30
2026-08-02 03:00:16,446 - ict_bot - WARNING - Spread for BTCUSD# is too high: 2250 > 500
2026-08-02 03:00:26,452 - ict_bot - WARNING - Spread for GOLD# is too high: 131 > 30
2026-08-02 03:00:26,454 - ict_bot - WARNING - Spread for BTCUSD# is too high: 2250 > 500
2026-08-02 03:00:36,457 - ict_bot - WARNING - Spread for GOLD# is too high: 131 > 30
2026-08-02 03:00:36,458 - ict_bot - WARNING - Spread for BTCUSD# is too high: 2250 > 500
2026-08-02 03:00:46,461 - ict_bot - WARNING - Spread for GOLD# is too high: 131 > 30
2026-08-02 03:00:46,463 - ict_bot - WARNING - Spread for BTCUSD# is too high: 2250 > 500
2026-08-02 03:00:56,466 - ict_bot - WARNING - Spread for GOLD# is too high: 131 > 30
2026-08-02 03:00:56,467 - ict_bot - WARNING - Spread for BTCUSD# is too high: 2250 > 500
2026-08-02 03:01:06,470 - ict_bot - WARNING - Spread for GOLD# is too high: 131 > 30
2026-08-02 03:01:06,471 - ict_bot - WARNING - Spread for BTCUSD# is too high: 2250 > 500
2026-08-02 03:01:16,474 - ict_bot - WARNING - Spread for GOLD# is too high: 131 > 30
2026-08-02 03:01:16,476 - ict_bot - WARNING - Spread for BTCUSD# is too high: 2250 > 500
2026-08-02 03:01:26,479 - ict_bot - WARNING - Spread for GOLD# is too high: 131 > 30
2026-08-02 03:01:26,480 - ict_bot - WARNING - Spread for BTCUSD# is too high: 2250 > 500
2026-08-02 03:01:30,809 - ict_bot - INFO - MT5 connection closed.
2026-08-02 03:01:36,483 - ict_bot - WARNING - Spread for GOLD# is too high: 131 > 30
2026-08-02 03:01:36,484 - ict_bot - WARNING - Spread for BTCUSD# is too high: 2250 > 500
2026-08-02 03:01:46,487 - ict_bot - WARNING - Spread for GOLD# is too high: 131 > 30
2026-08-02 03:01:46,488 - ict_bot - WARNING - Spread for BTCUSD# is too high: 2250 > 500
2026-08-02 03:01:56,490 - ict_bot - WARNING - Spread for GOLD# is too high: 131 > 30
2026-08-02 03:01:56,492 - ict_bot - WARNING - Spread for BTCUSD# is too high: 2250 > 500
2026-08-02 03:02:06,494 - ict_bot - WARNING - Spread for GOLD# is too high: 131 > 30
2026-08-02 03:02:06,496 - ict_bot - WARNING - Spread for BTCUSD# is too high: 2250 > 500
2026-08-02 03:02:16,499 - ict_bot - WARNING - Spread for GOLD# is too high: 131 > 30
2026-08-02 03:02:16,500 - ict_bot - WARNING - Spread for BTCUSD# is too high: 2250 > 500
2026-08-02 03:02:26,504 - ict_bot - WARNING - Spread for GOLD# is too high: 131 > 30
2026-08-02 03:02:26,507 - ict_bot - WARNING - Spread for BTCUSD# is too high: 2250 > 500
2026-08-02 03:02:36,513 - ict_bot - WARNING - Spread for GOLD# is too high: 131 > 30
2026-08-02 03:02:36,514 - ict_bot - WARNING - Spread for BTCUSD# is too high: 2250 > 500
2026-08-02 03:02:46,517 - ict_bot - WARNING - Spread for GOLD# is too high: 131 > 30
2026-08-02 03:02:46,519 - ict_bot - WARNING - Spread for BTCUSD# is too high: 2250 > 500
2026-08-02 03:02:56,522 - ict_bot - WARNING - Spread for GOLD# is too high: 131 > 30
2026-08-02 03:02:56,523 - ict_bot - WARNING - Spread for BTCUSD# is too high: 2250 > 500
2026-08-02 03:03:06,526 - ict_bot - WARNING - Spread for GOLD# is too high: 131 > 30
2026-08-02 03:03:06,527 - ict_bot - WARNING - Spread for BTCUSD# is too high: 2250 > 500
2026-08-02 03:03:16,531 - ict_bot - WARNING - Spread for GOLD# is too high: 131 > 30
2026-08-02 03:03:16,533 - ict_bot - WARNING - Spread for BTCUSD# is too high: 2250 > 500
2026-08-02 03:03:26,536 - ict_bot - WARNING - Spread for GOLD# is too high: 131 > 30
2026-08-02 03:03:26,538 - ict_bot - WARNING - Spread for BTCUSD# is too high: 2250 > 500
2026-08-02 03:03:36,542 - ict_bot - WARNING - Spread for GOLD# is too high: 131 > 30
2026-08-02 03:03:36,544 - ict_bot - WARNING - Spread for BTCUSD# is too high: 2250 > 500
2026-08-02 03:03:46,547 - ict_bot - WARNING - Spread for GOLD# is too high: 131 > 30
2026-08-02 03:03:46,550 - ict_bot - WARNING - Spread for BTCUSD# is too high: 2250 > 500
2026-08-02 03:03:56,554 - ict_bot - WARNING - Spread for GOLD# is too high: 131 > 30
2026-08-02 03:03:56,555 - ict_bot - WARNING - Spread for BTCUSD# is too high: 2250 > 500
2026-08-02 03:04:06,561 - ict_bot - WARNING - Spread for GOLD# is too high: 131 > 30
2026-08-02 03:04:06,564 - ict_bot - WARNING - Spread for BTCUSD# is too high: 2250 > 500
2026-08-02 03:04:16,567 - ict_bot - WARNING - Spread for GOLD# is too high: 131 > 30
2026-08-02 03:04:16,569 - ict_bot - WARNING - Spread for BTCUSD# is too high: 2250 > 500
2026-08-02 03:04:26,572 - ict_bot - WARNING - Spread for GOLD# is too high: 131 > 30
2026-08-02 03:04:26,573 - ict_bot - WARNING - Spread for BTCUSD# is too high: 2250 > 500
2026-08-02 03:04:32,988 - ict_bot - INFO - Auto-launching XM MT5 Terminal: C:\Program Files\XM Global MT5\terminal64.exe
2026-08-02 03:04:33,010 - ict_bot - INFO - Connected to MT5 Server: XMGlobal-MT5 5 (Account: 108130219)
2026-08-02 03:04:36,577 - ict_bot - WARNING - Spread for GOLD# is too high: 131 > 30
2026-08-02 03:04:36,579 - ict_bot - WARNING - Spread for BTCUSD# is too high: 2250 > 500
2026-08-02 03:04:46,581 - ict_bot - WARNING - Spread for GOLD# is too high: 131 > 30
2026-08-02 03:04:46,583 - ict_bot - WARNING - Spread for BTCUSD# is too high: 2250 > 500
2026-08-02 03:04:56,585 - ict_bot - WARNING - Spread for GOLD# is too high: 131 > 30
2026-08-02 03:04:56,587 - ict_bot - WARNING - Spread for BTCUSD# is too high: 2250 > 500
2026-08-02 03:05:06,590 - ict_bot - WARNING - Spread for GOLD# is too high: 131 > 30
2026-08-02 03:05:06,591 - ict_bot - WARNING - Spread for BTCUSD# is too high: 2250 > 500
2026-08-02 03:05:16,810 - ict_bot - WARNING - Spread for GOLD# is too high: 131 > 30
2026-08-02 03:05:16,812 - ict_bot - WARNING - Spread for BTCUSD# is too high: 2250 > 500
2026-08-02 03:05:26,815 - ict_bot - WARNING - Spread for GOLD# is too high: 131 > 30
2026-08-02 03:05:26,817 - ict_bot - WARNING - Spread for BTCUSD# is too high: 2250 > 500
2026-08-02 03:05:36,820 - ict_bot - WARNING - Spread for GOLD# is too high: 131 > 30
2026-08-02 03:05:36,821 - ict_bot - WARNING - Spread for BTCUSD# is too high: 2250 > 500
2026-08-02 03:05:41,307 - ict_bot - INFO - MT5 connection closed.
2026-08-02 03:05:42,835 - ict_bot - INFO - Auto-launching XM MT5 Terminal: C:\Program Files\XM Global MT5\terminal64.exe
2026-08-02 03:05:42,838 - ict_bot - INFO - Connected to MT5 Server: XMGlobal-MT5 5 (Account: 108130219)
2026-08-02 03:05:46,823 - ict_bot - WARNING - Spread for GOLD# is too high: 131 > 30
2026-08-02 03:05:46,825 - ict_bot - WARNING - Spread for BTCUSD# is too high: 2250 > 500
2026-08-02 03:05:56,828 - ict_bot - WARNING - Spread for GOLD# is too high: 131 > 30
2026-08-02 03:05:56,830 - ict_bot - WARNING - Spread for BTCUSD# is too high: 2250 > 500
2026-08-02 03:06:06,833 - ict_bot - WARNING - Spread for GOLD# is too high: 131 > 30
2026-08-02 03:06:06,834 - ict_bot - WARNING - Spread for BTCUSD# is too high: 2250 > 500
2026-08-02 03:06:16,837 - ict_bot - WARNING - Spread for GOLD# is too high: 131 > 30
2026-08-02 03:06:16,839 - ict_bot - WARNING - Spread for BTCUSD# is too high: 2250 > 500
2026-08-02 03:06:26,850 - ict_bot - WARNING - Spread for GOLD# is too high: 131 > 30
2026-08-02 03:06:26,894 - ict_bot - WARNING - Spread for BTCUSD# is too high: 2250 > 500
2026-08-02 03:06:36,897 - ict_bot - WARNING - Spread for GOLD# is too high: 131 > 30
2026-08-02 03:06:36,898 - ict_bot - WARNING - Spread for BTCUSD# is too high: 2250 > 500
2026-08-02 03:06:46,902 - ict_bot - WARNING - Spread for GOLD# is too high: 131 > 30
2026-08-02 03:06:46,904 - ict_bot - WARNING - Spread for BTCUSD# is too high: 2250 > 500
2026-08-02 03:06:56,908 - ict_bot - WARNING - Spread for GOLD# is too high: 131 > 30
2026-08-02 03:06:56,909 - ict_bot - WARNING - Spread for BTCUSD# is too high: 2250 > 500
2026-08-02 03:07:06,912 - ict_bot - WARNING - Spread for GOLD# is too high: 131 > 30
2026-08-02 03:07:06,914 - ict_bot - WARNING - Spread for BTCUSD# is too high: 2250 > 500
2026-08-02 03:14:58,381 - ict_bot - INFO - MT5 connection closed.
2026-08-02 03:33:47,544 - ict_bot - INFO - Auto-launching XM MT5 Terminal: C:\Program Files\XM Global MT5\terminal64.exe
2026-08-02 03:33:47,589 - ict_bot - INFO - Connected to MT5 Server: XMGlobal-MT5 5 (Account: 108130219)
2026-08-02 03:33:47,835 - ict_bot - WARNING - Daily drawdown limit reached: 16.00% >= 3.0%
2026-08-02 03:33:49,358 - ict_bot - INFO - MT5 connection closed.
2026-08-02 09:57:42,741 - ict_bot - INFO - Auto-launching XM MT5 Terminal: C:\Program Files\XM Global MT5\terminal64.exe
2026-08-02 09:57:48,662 - ict_bot - INFO - Connected to MT5 Server: XMGlobal-MT5 5 (Account: 108130219)
2026-08-02 09:57:48,774 - ict_bot - INFO - MT5 connection closed.
2026-08-02 09:57:48,786 - ict_bot - INFO - Auto-launching XM MT5 Terminal: C:\Program Files\XM Global MT5\terminal64.exe
2026-08-02 09:57:48,788 - ict_bot - INFO - Connected to MT5 Server: XMGlobal-MT5 5 (Account: 108130219)
2026-08-02 09:57:48,877 - ict_bot - INFO - MT5 connection closed.
2026-08-02 10:01:03,394 - ict_bot - INFO - Initializing Institutional ICT Trading Bot...
2026-08-02 10:01:03,396 - ict_bot - INFO - Auto-launching XM MT5 Terminal: C:\Program Files\XM Global MT5\terminal64.exe
2026-08-02 10:01:06,615 - ict_bot - INFO - Connected to MT5 Server: XMGlobal-MT5 5 (Account: 108130219)
2026-08-02 10:01:08,393 - ict_bot - WARNING - Spread for GOLD# is too high: 131 > 35
2026-08-02 10:01:08,394 - ict_bot - WARNING - Spread for BTCUSD# is too high: 2250 > 600
2026-08-02 10:01:08,396 - ict_bot - WARNING - Spread for EURUSD# is too high: 64 > 20
2026-08-02 10:01:08,397 - ict_bot - WARNING - Spread for GBPUSD# is too high: 67 > 25
2026-08-02 10:01:08,398 - ict_bot - WARNING - Spread for USDJPY# is too high: 37 > 20
2026-08-02 10:01:08,399 - ict_bot - WARNING - Spread for USDCAD# is too high: 53 > 20
2026-08-02 10:01:08,400 - ict_bot - WARNING - Spread for EURGBP# is too high: 38 > 20
2026-08-02 10:01:08,401 - ict_bot - WARNING - Spread for GBPJPY# is too high: 94 > 30
2026-08-02 10:01:18,403 - ict_bot - WARNING - Spread for GOLD# is too high: 131 > 35
2026-08-02 10:01:18,404 - ict_bot - WARNING - Spread for BTCUSD# is too high: 2250 > 600
2026-08-02 10:01:18,405 - ict_bot - WARNING - Spread for EURUSD# is too high: 64 > 20
2026-08-02 10:01:18,407 - ict_bot - WARNING - Spread for GBPUSD# is too high: 67 > 25
2026-08-02 10:01:18,408 - ict_bot - WARNING - Spread for USDJPY# is too high: 37 > 20
2026-08-02 10:01:18,409 - ict_bot - WARNING - Spread for USDCAD# is too high: 53 > 20
2026-08-02 10:01:18,410 - ict_bot - WARNING - Spread for EURGBP# is too high: 38 > 20
2026-08-02 10:01:18,411 - ict_bot - WARNING - Spread for GBPJPY# is too high: 94 > 30
2026-08-02 10:01:28,414 - ict_bot - WARNING - Spread for GOLD# is too high: 131 > 35
2026-08-02 10:01:28,415 - ict_bot - WARNING - Spread for BTCUSD# is too high: 2250 > 600
2026-08-02 10:01:28,416 - ict_bot - WARNING - Spread for EURUSD# is too high: 64 > 20
2026-08-02 10:01:28,417 - ict_bot - WARNING - Spread for GBPUSD# is too high: 67 > 25
2026-08-02 10:01:28,419 - ict_bot - WARNING - Spread for USDJPY# is too high: 37 > 20
2026-08-02 10:01:28,420 - ict_bot - WARNING - Spread for USDCAD# is too high: 53 > 20
2026-08-02 10:01:28,421 - ict_bot - WARNING - Spread for EURGBP# is too high: 38 > 20
2026-08-02 10:01:28,422 - ict_bot - WARNING - Spread for GBPJPY# is too high: 94 > 30
2026-08-02 10:01:38,425 - ict_bot - WARNING - Spread for GOLD# is too high: 131 > 35
2026-08-02 10:01:38,426 - ict_bot - WARNING - Spread for BTCUSD# is too high: 2250 > 600
2026-08-02 10:01:38,427 - ict_bot - WARNING - Spread for EURUSD# is too high: 64 > 20
2026-08-02 10:01:38,428 - ict_bot - WARNING - Spread for GBPUSD# is too high: 67 > 25
2026-08-02 10:01:38,429 - ict_bot - WARNING - Spread for USDJPY# is too high: 37 > 20
2026-08-02 10:01:38,430 - ict_bot - WARNING - Spread for USDCAD# is too high: 53 > 20
2026-08-02 10:01:38,431 - ict_bot - WARNING - Spread for EURGBP# is too high: 38 > 20
2026-08-02 10:01:38,432 - ict_bot - WARNING - Spread for GBPJPY# is too high: 94 > 30
2026-08-02 10:01:48,435 - ict_bot - WARNING - Spread for GOLD# is too high: 131 > 35
2026-08-02 10:01:48,437 - ict_bot - WARNING - Spread for BTCUSD# is too high: 2250 > 600
2026-08-02 10:01:48,439 - ict_bot - WARNING - Spread for EURUSD# is too high: 64 > 20
2026-08-02 10:01:48,440 - ict_bot - WARNING - Spread for GBPUSD# is too high: 67 > 25
2026-08-02 10:01:48,441 - ict_bot - WARNING - Spread for USDJPY# is too high: 37 > 20
2026-08-02 10:01:48,442 - ict_bot - WARNING - Spread for USDCAD# is too high: 53 > 20
2026-08-02 10:01:48,443 - ict_bot - WARNING - Spread for EURGBP# is too high: 38 > 20
2026-08-02 10:01:48,444 - ict_bot - WARNING - Spread for GBPJPY# is too high: 94 > 30
2026-08-02 10:01:58,448 - ict_bot - WARNING - Spread for GOLD# is too high: 131 > 35
2026-08-02 10:01:58,449 - ict_bot - WARNING - Spread for BTCUSD# is too high: 2250 > 600
2026-08-02 10:01:58,450 - ict_bot - WARNING - Spread for EURUSD# is too high: 64 > 20
2026-08-02 10:01:58,451 - ict_bot - WARNING - Spread for GBPUSD# is too high: 67 > 25
2026-08-02 10:01:58,452 - ict_bot - WARNING - Spread for USDJPY# is too high: 37 > 20
2026-08-02 10:01:58,453 - ict_bot - WARNING - Spread for USDCAD# is too high: 53 > 20
2026-08-02 10:01:58,454 - ict_bot - WARNING - Spread for EURGBP# is too high: 38 > 20
2026-08-02 10:01:58,455 - ict_bot - WARNING - Spread for GBPJPY# is too high: 94 > 30
2026-08-02 10:02:08,457 - ict_bot - WARNING - Spread for GOLD# is too high: 131 > 35
2026-08-02 10:02:08,458 - ict_bot - WARNING - Spread for BTCUSD# is too high: 2250 > 600
2026-08-02 10:02:08,460 - ict_bot - WARNING - Spread for EURUSD# is too high: 64 > 20
2026-08-02 10:02:08,461 - ict_bot - WARNING - Spread for GBPUSD# is too high: 67 > 25
2026-08-02 10:02:08,462 - ict_bot - WARNING - Spread for USDJPY# is too high: 37 > 20
2026-08-02 10:02:08,463 - ict_bot - WARNING - Spread for USDCAD# is too high: 53 > 20
2026-08-02 10:02:08,464 - ict_bot - WARNING - Spread for EURGBP# is too high: 38 > 20
2026-08-02 10:02:08,465 - ict_bot - WARNING - Spread for GBPJPY# is too high: 94 > 30
2026-08-02 10:02:18,468 - ict_bot - WARNING - Spread for GOLD# is too high: 131 > 35
2026-08-02 10:02:18,470 - ict_bot - WARNING - Spread for BTCUSD# is too high: 2250 > 600
2026-08-02 10:02:18,471 - ict_bot - WARNING - Spread for EURUSD# is too high: 64 > 20
2026-08-02 10:02:18,472 - ict_bot - WARNING - Spread for GBPUSD# is too high: 67 > 25
2026-08-02 10:02:18,473 - ict_bot - WARNING - Spread for USDJPY# is too high: 37 > 20
2026-08-02 10:02:18,475 - ict_bot - WARNING - Spread for USDCAD# is too high: 53 > 20
2026-08-02 10:02:18,476 - ict_bot - WARNING - Spread for EURGBP# is too high: 38 > 20
2026-08-02 10:02:18,477 - ict_bot - WARNING - Spread for GBPJPY# is too high: 94 > 30
2026-08-02 10:02:28,479 - ict_bot - WARNING - Spread for GOLD# is too high: 131 > 35
2026-08-02 10:02:28,481 - ict_bot - WARNING - Spread for BTCUSD# is too high: 2250 > 600
2026-08-02 10:02:28,482 - ict_bot - WARNING - Spread for EURUSD# is too high: 64 > 20
2026-08-02 10:02:28,484 - ict_bot - WARNING - Spread for GBPUSD# is too high: 67 > 25
2026-08-02 10:02:28,485 - ict_bot - WARNING - Spread for USDJPY# is too high: 37 > 20
2026-08-02 10:02:28,487 - ict_bot - WARNING - Spread for USDCAD# is too high: 53 > 20
2026-08-02 10:02:28,488 - ict_bot - WARNING - Spread for EURGBP# is too high: 38 > 20
2026-08-02 10:02:28,489 - ict_bot - WARNING - Spread for GBPJPY# is too high: 94 > 30
2026-08-02 10:02:38,491 - ict_bot - WARNING - Spread for GOLD# is too high: 131 > 35
2026-08-02 10:02:38,492 - ict_bot - WARNING - Spread for BTCUSD# is too high: 2250 > 600
2026-08-02 10:02:38,494 - ict_bot - WARNING - Spread for EURUSD# is too high: 64 > 20
2026-08-02 10:02:38,495 - ict_bot - WARNING - Spread for GBPUSD# is too high: 67 > 25
2026-08-02 10:02:38,496 - ict_bot - WARNING - Spread for USDJPY# is too high: 37 > 20
2026-08-02 10:02:38,497 - ict_bot - WARNING - Spread for USDCAD# is too high: 53 > 20
2026-08-02 10:02:38,498 - ict_bot - WARNING - Spread for EURGBP# is too high: 38 > 20
2026-08-02 10:02:38,499 - ict_bot - WARNING - Spread for GBPJPY# is too high: 94 > 30
2026-08-02 10:02:48,503 - ict_bot - WARNING - Spread for GOLD# is too high: 131 > 35
2026-08-02 10:02:48,504 - ict_bot - WARNING - Spread for BTCUSD# is too high: 2250 > 600
2026-08-02 10:02:48,505 - ict_bot - WARNING - Spread for EURUSD# is too high: 64 > 20
2026-08-02 10:02:48,507 - ict_bot - WARNING - Spread for GBPUSD# is too high: 67 > 25
2026-08-02 10:02:48,508 - ict_bot - WARNING - Spread for USDJPY# is too high: 37 > 20
2026-08-02 10:02:48,510 - ict_bot - WARNING - Spread for USDCAD# is too high: 53 > 20
2026-08-02 10:02:48,511 - ict_bot - WARNING - Spread for EURGBP# is too high: 38 > 20
2026-08-02 10:02:48,512 - ict_bot - WARNING - Spread for GBPJPY# is too high: 94 > 30
2026-08-02 10:02:58,514 - ict_bot - WARNING - Spread for GOLD# is too high: 131 > 35
2026-08-02 10:02:58,516 - ict_bot - WARNING - Spread for BTCUSD# is too high: 2250 > 600
2026-08-02 10:02:58,518 - ict_bot - WARNING - Spread for EURUSD# is too high: 64 > 20
2026-08-02 10:02:58,519 - ict_bot - WARNING - Spread for GBPUSD# is too high: 67 > 25
2026-08-02 10:02:58,521 - ict_bot - WARNING - Spread for USDJPY# is too high: 37 > 20
2026-08-02 10:02:58,522 - ict_bot - WARNING - Spread for USDCAD# is too high: 53 > 20
2026-08-02 10:02:58,523 - ict_bot - WARNING - Spread for EURGBP# is too high: 38 > 20
2026-08-02 10:02:58,524 - ict_bot - WARNING - Spread for GBPJPY# is too high: 94 > 30
2026-08-02 10:03:08,527 - ict_bot - WARNING - Spread for GOLD# is too high: 131 > 35
2026-08-02 10:03:08,528 - ict_bot - WARNING - Spread for BTCUSD# is too high: 2250 > 600
2026-08-02 10:03:08,530 - ict_bot - WARNING - Spread for EURUSD# is too high: 64 > 20
2026-08-02 10:03:08,530 - ict_bot - WARNING - Spread for GBPUSD# is too high: 67 > 25
2026-08-02 10:03:08,532 - ict_bot - WARNING - Spread for USDJPY# is too high: 37 > 20
2026-08-02 10:03:08,534 - ict_bot - WARNING - Spread for USDCAD# is too high: 53 > 20
2026-08-02 10:03:08,535 - ict_bot - WARNING - Spread for EURGBP# is too high: 38 > 20
2026-08-02 10:03:08,536 - ict_bot - WARNING - Spread for GBPJPY# is too high: 94 > 30
2026-08-02 10:03:18,539 - ict_bot - WARNING - Spread for GOLD# is too high: 131 > 35
2026-08-02 10:03:18,540 - ict_bot - WARNING - Spread for BTCUSD# is too high: 2250 > 600
2026-08-02 10:03:18,541 - ict_bot - WARNING - Spread for EURUSD# is too high: 64 > 20
2026-08-02 10:03:18,542 - ict_bot - WARNING - Spread for GBPUSD# is too high: 67 > 25
2026-08-02 10:03:18,544 - ict_bot - WARNING - Spread for USDJPY# is too high: 37 > 20
2026-08-02 10:03:18,545 - ict_bot - WARNING - Spread for USDCAD# is too high: 53 > 20
2026-08-02 10:03:18,546 - ict_bot - WARNING - Spread for EURGBP# is too high: 38 > 20
2026-08-02 10:03:18,548 - ict_bot - WARNING - Spread for GBPJPY# is too high: 94 > 30
2026-08-02 10:03:28,550 - ict_bot - WARNING - Spread for GOLD# is too high: 131 > 35
2026-08-02 10:03:28,551 - ict_bot - WARNING - Spread for BTCUSD# is too high: 2250 > 600
2026-08-02 10:03:28,552 - ict_bot - WARNING - Spread for EURUSD# is too high: 64 > 20
2026-08-02 10:03:28,553 - ict_bot - WARNING - Spread for GBPUSD# is too high: 67 > 25
2026-08-02 10:03:28,554 - ict_bot - WARNING - Spread for USDJPY# is too high: 37 > 20
2026-08-02 10:03:28,556 - ict_bot - WARNING - Spread for USDCAD# is too high: 53 > 20
2026-08-02 10:03:28,558 - ict_bot - WARNING - Spread for EURGBP# is too high: 38 > 20
2026-08-02 10:03:28,559 - ict_bot - WARNING - Spread for GBPJPY# is too high: 94 > 30
2026-08-02 10:03:38,562 - ict_bot - WARNING - Spread for GOLD# is too high: 131 > 35
2026-08-02 10:03:38,563 - ict_bot - WARNING - Spread for BTCUSD# is too high: 2250 > 600
2026-08-02 10:03:38,564 - ict_bot - WARNING - Spread for EURUSD# is too high: 64 > 20
2026-08-02 10:03:38,565 - ict_bot - WARNING - Spread for GBPUSD# is too high: 67 > 25
2026-08-02 10:03:38,566 - ict_bot - WARNING - Spread for USDJPY# is too high: 37 > 20
2026-08-02 10:03:38,569 - ict_bot - WARNING - Spread for USDCAD# is too high: 53 > 20
2026-08-02 10:03:38,570 - ict_bot - WARNING - Spread for EURGBP# is too high: 38 > 20
2026-08-02 10:03:38,571 - ict_bot - WARNING - Spread for GBPJPY# is too high: 94 > 30
2026-08-02 10:03:48,573 - ict_bot - WARNING - Spread for GOLD# is too high: 131 > 35
2026-08-02 10:03:48,574 - ict_bot - WARNING - Spread for BTCUSD# is too high: 2250 > 600
2026-08-02 10:03:48,575 - ict_bot - WARNING - Spread for EURUSD# is too high: 64 > 20
2026-08-02 10:03:48,576 - ict_bot - WARNING - Spread for GBPUSD# is too high: 67 > 25
2026-08-02 10:03:48,577 - ict_bot - WARNING - Spread for USDJPY# is too high: 37 > 20
2026-08-02 10:03:48,578 - ict_bot - WARNING - Spread for USDCAD# is too high: 53 > 20
2026-08-02 10:03:48,580 - ict_bot - WARNING - Spread for EURGBP# is too high: 38 > 20
2026-08-02 10:03:48,581 - ict_bot - WARNING - Spread for GBPJPY# is too high: 94 > 30
2026-08-02 10:03:58,583 - ict_bot - WARNING - Spread for GOLD# is too high: 131 > 35
2026-08-02 10:03:58,585 - ict_bot - WARNING - Spread for BTCUSD# is too high: 2250 > 600
2026-08-02 10:03:58,586 - ict_bot - WARNING - Spread for EURUSD# is too high: 64 > 20
2026-08-02 10:03:58,586 - ict_bot - WARNING - Spread for GBPUSD# is too high: 67 > 25
2026-08-02 10:03:58,587 - ict_bot - WARNING - Spread for USDJPY# is too high: 37 > 20
2026-08-02 10:03:58,588 - ict_bot - WARNING - Spread for USDCAD# is too high: 53 > 20
2026-08-02 10:03:58,589 - ict_bot - WARNING - Spread for EURGBP# is too high: 38 > 20
2026-08-02 10:03:58,590 - ict_bot - WARNING - Spread for GBPJPY# is too high: 94 > 30
2026-08-02 10:04:08,592 - ict_bot - WARNING - Spread for GOLD# is too high: 131 > 35
2026-08-02 10:04:08,593 - ict_bot - WARNING - Spread for BTCUSD# is too high: 2250 > 600
2026-08-02 10:04:08,595 - ict_bot - WARNING - Spread for EURUSD# is too high: 64 > 20
2026-08-02 10:04:08,596 - ict_bot - WARNING - Spread for GBPUSD# is too high: 67 > 25
2026-08-02 10:04:08,596 - ict_bot - WARNING - Spread for USDJPY# is too high: 37 > 20
2026-08-02 10:04:08,597 - ict_bot - WARNING - Spread for USDCAD# is too high: 53 > 20
2026-08-02 10:04:08,598 - ict_bot - WARNING - Spread for EURGBP# is too high: 38 > 20
2026-08-02 10:04:08,599 - ict_bot - WARNING - Spread for GBPJPY# is too high: 94 > 30
2026-08-02 10:04:18,602 - ict_bot - WARNING - Spread for GOLD# is too high: 131 > 35
2026-08-02 10:04:18,604 - ict_bot - WARNING - Spread for BTCUSD# is too high: 2250 > 600
2026-08-02 10:04:18,605 - ict_bot - WARNING - Spread for EURUSD# is too high: 64 > 20
2026-08-02 10:04:18,606 - ict_bot - WARNING - Spread for GBPUSD# is too high: 67 > 25
2026-08-02 10:04:18,607 - ict_bot - WARNING - Spread for USDJPY# is too high: 37 > 20
2026-08-02 10:04:18,608 - ict_bot - WARNING - Spread for USDCAD# is too high: 53 > 20
2026-08-02 10:04:18,609 - ict_bot - WARNING - Spread for EURGBP# is too high: 38 > 20
2026-08-02 10:04:18,610 - ict_bot - WARNING - Spread for GBPJPY# is too high: 94 > 30
2026-08-02 10:04:28,613 - ict_bot - WARNING - Spread for GOLD# is too high: 131 > 35
2026-08-02 10:04:28,615 - ict_bot - WARNING - Spread for BTCUSD# is too high: 2250 > 600
2026-08-02 10:04:28,616 - ict_bot - WARNING - Spread for EURUSD# is too high: 64 > 20
2026-08-02 10:04:28,618 - ict_bot - WARNING - Spread for GBPUSD# is too high: 67 > 25
2026-08-02 10:04:28,619 - ict_bot - WARNING - Spread for USDJPY# is too high: 37 > 20
2026-08-02 10:04:28,620 - ict_bot - WARNING - Spread for USDCAD# is too high: 53 > 20
2026-08-02 10:04:28,621 - ict_bot - WARNING - Spread for EURGBP# is too high: 38 > 20
2026-08-02 10:04:28,621 - ict_bot - WARNING - Spread for GBPJPY# is too high: 94 > 30
2026-08-02 10:04:38,625 - ict_bot - WARNING - Spread for GOLD# is too high: 131 > 35
2026-08-02 10:04:38,626 - ict_bot - WARNING - Spread for BTCUSD# is too high: 2250 > 600
2026-08-02 10:04:38,627 - ict_bot - WARNING - Spread for EURUSD# is too high: 64 > 20
2026-08-02 10:04:38,629 - ict_bot - WARNING - Spread for GBPUSD# is too high: 67 > 25
2026-08-02 10:04:38,630 - ict_bot - WARNING - Spread for USDJPY# is too high: 37 > 20
2026-08-02 10:04:38,631 - ict_bot - WARNING - Spread for USDCAD# is too high: 53 > 20
2026-08-02 10:04:38,631 - ict_bot - WARNING - Spread for EURGBP# is too high: 38 > 20
2026-08-02 10:04:38,633 - ict_bot - WARNING - Spread for GBPJPY# is too high: 94 > 30
2026-08-02 10:04:48,635 - ict_bot - WARNING - Spread for GOLD# is too high: 131 > 35
2026-08-02 10:04:48,637 - ict_bot - WARNING - Spread for BTCUSD# is too high: 2250 > 600
2026-08-02 10:04:48,638 - ict_bot - WARNING - Spread for EURUSD# is too high: 64 > 20
2026-08-02 10:04:48,639 - ict_bot - WARNING - Spread for GBPUSD# is too high: 67 > 25
2026-08-02 10:04:48,642 - ict_bot - WARNING - Spread for USDJPY# is too high: 37 > 20
2026-08-02 10:04:48,643 - ict_bot - WARNING - Spread for USDCAD# is too high: 53 > 20
2026-08-02 10:04:48,643 - ict_bot - WARNING - Spread for EURGBP# is too high: 38 > 20
2026-08-02 10:04:48,644 - ict_bot - WARNING - Spread for GBPJPY# is too high: 94 > 30
2026-08-02 10:04:58,646 - ict_bot - WARNING - Spread for GOLD# is too high: 131 > 35
2026-08-02 10:04:58,648 - ict_bot - WARNING - Spread for BTCUSD# is too high: 2250 > 600
2026-08-02 10:04:58,649 - ict_bot - WARNING - Spread for EURUSD# is too high: 64 > 20
2026-08-02 10:04:58,650 - ict_bot - WARNING - Spread for GBPUSD# is too high: 67 > 25
2026-08-02 10:04:58,651 - ict_bot - WARNING - Spread for USDJPY# is too high: 37 > 20
2026-08-02 10:04:58,652 - ict_bot - WARNING - Spread for USDCAD# is too high: 53 > 20
2026-08-02 10:04:58,653 - ict_bot - WARNING - Spread for EURGBP# is too high: 38 > 20
2026-08-02 10:04:58,654 - ict_bot - WARNING - Spread for GBPJPY# is too high: 94 > 30
2026-08-02 10:05:08,657 - ict_bot - WARNING - Spread for GOLD# is too high: 131 > 35
2026-08-02 10:05:08,658 - ict_bot - WARNING - Spread for BTCUSD# is too high: 2250 > 600
2026-08-02 10:05:08,660 - ict_bot - WARNING - Spread for EURUSD# is too high: 64 > 20
2026-08-02 10:05:08,661 - ict_bot - WARNING - Spread for GBPUSD# is too high: 67 > 25
2026-08-02 10:05:08,663 - ict_bot - WARNING - Spread for USDJPY# is too high: 37 > 20
2026-08-02 10:05:08,664 - ict_bot - WARNING - Spread for USDCAD# is too high: 53 > 20
2026-08-02 10:05:08,664 - ict_bot - WARNING - Spread for EURGBP# is too high: 38 > 20
2026-08-02 10:05:08,666 - ict_bot - WARNING - Spread for GBPJPY# is too high: 94 > 30
2026-08-02 10:05:18,668 - ict_bot - WARNING - Spread for GOLD# is too high: 131 > 35
2026-08-02 10:05:18,670 - ict_bot - WARNING - Spread for BTCUSD# is too high: 2250 > 600
2026-08-02 10:05:18,671 - ict_bot - WARNING - Spread for EURUSD# is too high: 64 > 20
2026-08-02 10:05:18,672 - ict_bot - WARNING - Spread for GBPUSD# is too high: 67 > 25
2026-08-02 10:05:18,674 - ict_bot - WARNING - Spread for USDJPY# is too high: 37 > 20
2026-08-02 10:05:18,675 - ict_bot - WARNING - Spread for USDCAD# is too high: 53 > 20
2026-08-02 10:05:18,676 - ict_bot - WARNING - Spread for EURGBP# is too high: 38 > 20
2026-08-02 10:05:18,677 - ict_bot - WARNING - Spread for GBPJPY# is too high: 94 > 30
2026-08-02 10:05:28,679 - ict_bot - WARNING - Spread for GOLD# is too high: 131 > 35
2026-08-02 10:05:28,680 - ict_bot - WARNING - Spread for BTCUSD# is too high: 2250 > 600
2026-08-02 10:05:28,682 - ict_bot - WARNING - Spread for EURUSD# is too high: 64 > 20
2026-08-02 10:05:28,683 - ict_bot - WARNING - Spread for GBPUSD# is too high: 67 > 25
2026-08-02 10:05:28,685 - ict_bot - WARNING - Spread for USDJPY# is too high: 37 > 20
2026-08-02 10:05:28,686 - ict_bot - WARNING - Spread for USDCAD# is too high: 53 > 20
2026-08-02 10:05:28,687 - ict_bot - WARNING - Spread for EURGBP# is too high: 38 > 20
2026-08-02 10:05:28,688 - ict_bot - WARNING - Spread for GBPJPY# is too high: 94 > 30
2026-08-02 10:05:38,690 - ict_bot - WARNING - Spread for GOLD# is too high: 131 > 35
2026-08-02 10:05:38,692 - ict_bot - WARNING - Spread for BTCUSD# is too high: 2250 > 600
2026-08-02 10:05:38,693 - ict_bot - WARNING - Spread for EURUSD# is too high: 64 > 20
2026-08-02 10:05:38,696 - ict_bot - WARNING - Spread for GBPUSD# is too high: 67 > 25
2026-08-02 10:05:38,698 - ict_bot - WARNING - Spread for USDJPY# is too high: 37 > 20
2026-08-02 10:05:38,699 - ict_bot - WARNING - Spread for USDCAD# is too high: 53 > 20
2026-08-02 10:05:38,699 - ict_bot - WARNING - Spread for EURGBP# is too high: 38 > 20
2026-08-02 10:05:38,701 - ict_bot - WARNING - Spread for GBPJPY# is too high: 94 > 30
2026-08-02 10:05:48,703 - ict_bot - WARNING - Spread for GOLD# is too high: 131 > 35
2026-08-02 10:05:48,704 - ict_bot - WARNING - Spread for BTCUSD# is too high: 2250 > 600
2026-08-02 10:05:48,705 - ict_bot - WARNING - Spread for EURUSD# is too high: 64 > 20
2026-08-02 10:05:48,706 - ict_bot - WARNING - Spread for GBPUSD# is too high: 67 > 25
2026-08-02 10:05:48,708 - ict_bot - WARNING - Spread for USDJPY# is too high: 37 > 20
2026-08-02 10:05:48,709 - ict_bot - WARNING - Spread for USDCAD# is too high: 53 > 20
2026-08-02 10:05:48,710 - ict_bot - WARNING - Spread for EURGBP# is too high: 38 > 20
2026-08-02 10:05:48,711 - ict_bot - WARNING - Spread for GBPJPY# is too high: 94 > 30
2026-08-02 10:05:58,714 - ict_bot - WARNING - Spread for GOLD# is too high: 131 > 35
2026-08-02 10:05:58,715 - ict_bot - WARNING - Spread for BTCUSD# is too high: 2250 > 600
2026-08-02 10:05:58,716 - ict_bot - WARNING - Spread for EURUSD# is too high: 64 > 20
2026-08-02 10:05:58,718 - ict_bot - WARNING - Spread for GBPUSD# is too high: 67 > 25
2026-08-02 10:05:58,721 - ict_bot - WARNING - Spread for USDJPY# is too high: 37 > 20
2026-08-02 10:05:58,722 - ict_bot - WARNING - Spread for USDCAD# is too high: 53 > 20
2026-08-02 10:05:58,723 - ict_bot - WARNING - Spread for EURGBP# is too high: 38 > 20
2026-08-02 10:05:58,724 - ict_bot - WARNING - Spread for GBPJPY# is too high: 94 > 30
2026-08-02 10:06:08,726 - ict_bot - WARNING - Spread for GOLD# is too high: 131 > 35
2026-08-02 10:06:08,728 - ict_bot - WARNING - Spread for BTCUSD# is too high: 2250 > 600
2026-08-02 10:06:08,729 - ict_bot - WARNING - Spread for EURUSD# is too high: 64 > 20
2026-08-02 10:06:08,730 - ict_bot - WARNING - Spread for GBPUSD# is too high: 67 > 25
2026-08-02 10:06:08,731 - ict_bot - WARNING - Spread for USDJPY# is too high: 37 > 20
2026-08-02 10:06:08,733 - ict_bot - WARNING - Spread for USDCAD# is too high: 53 > 20
2026-08-02 10:06:08,734 - ict_bot - WARNING - Spread for EURGBP# is too high: 38 > 20
2026-08-02 10:06:08,735 - ict_bot - WARNING - Spread for GBPJPY# is too high: 94 > 30
2026-08-02 10:06:18,736 - ict_bot - WARNING - Connection lost. Attempting to reconnect...
2026-08-02 10:06:19,620 - ict_bot - INFO - Auto-launching XM MT5 Terminal: C:\Program Files\XM Global MT5\terminal64.exe
2026-08-02 10:06:22,274 - ict_bot - INFO - Connected to MT5 Server: XMGlobal-MT5 5 (Account: 108130219)
2026-08-02 10:06:22,276 - ict_bot - WARNING - Spread for GOLD# is too high: 131 > 35
2026-08-02 10:06:22,278 - ict_bot - WARNING - Spread for BTCUSD# is too high: 2250 > 600
2026-08-02 10:06:22,279 - ict_bot - WARNING - Spread for EURUSD# is too high: 64 > 20
2026-08-02 10:06:22,280 - ict_bot - WARNING - Spread for GBPUSD# is too high: 67 > 25
2026-08-02 10:06:22,281 - ict_bot - WARNING - Spread for USDJPY# is too high: 37 > 20
2026-08-02 10:06:22,282 - ict_bot - WARNING - Spread for USDCAD# is too high: 53 > 20
2026-08-02 10:06:22,282 - ict_bot - WARNING - Spread for EURGBP# is too high: 38 > 20
2026-08-02 10:06:22,283 - ict_bot - WARNING - Spread for GBPJPY# is too high: 94 > 30
2026-08-02 10:06:31,750 - ict_bot - INFO - Bot stopped by user.
2026-08-02 10:06:33,683 - ict_bot - INFO - MT5 connection closed.
2026-08-02 10:14:27,185 - ict_bot - INFO - Auto-launching XM MT5 Terminal: C:\Program Files\XM Global MT5\terminal64.exe
2026-08-02 10:14:30,397 - ict_bot - INFO - Connected to MT5 Server: XMGlobal-MT5 5 (Account: 108130219)
2026-08-02 10:14:30,508 - ict_bot - INFO - MT5 connection closed.
2026-08-02 10:14:30,520 - ict_bot - INFO - Auto-launching XM MT5 Terminal: C:\Program Files\XM Global MT5\terminal64.exe
2026-08-02 10:14:30,521 - ict_bot - INFO - Connected to MT5 Server: XMGlobal-MT5 5 (Account: 108130219)
2026-08-02 10:14:30,614 - ict_bot - INFO - MT5 connection closed.
