setup_id,timestamp,symbol,direction,entry_price,sl_price,tp_price,risk_price,fvg_size_pips,killzone_hour,trend_alignment,volume_spike_ratio,fvg_quality_score,ob_quality_score,liquidity_quality_score,atr_percentile,trend_score,label,exit_reason,exit_timestamp,theoretical_r,spread_pts,execution_cost,realized_r,data_split,xgb_score,threshold,approved
SETUP_0335,2026-07-03 17:15:00+00:00,ETHUSD,SELL,1732.12,1755.3975,1662.2874999999995,23.277500000000146,100.0,17.0,1.0,1.5062957540263544,100.0,60.0,65.0,50.0,70.0,0,SL,2026-07-03 23:15:00+00:00,-1.0,345.81,0.0014855976801632384,-1.0014855976801633,TRAIN,0.3210077,0.6,False
SETUP_0132,2026-07-03 17:45:00+00:00,BTCUSD,BUY,62155.3,61616.389285714286,63772.032142857155,538.9107142857174,100.0,17.0,1.0,1.157433847325338,100.0,60.0,65.0,50.0,70.0,0,TIMEOUT,2026-07-04 03:45:00+00:00,-1.0,2250.0,0.04175088637794469,-1.0417508863779448,TRAIN,0.46203664,0.6,False
SETUP_1462,2026-07-03 18:00:00+00:00,USDJPY,BUY,161.282,161.1692857142857,161.62014285714292,0.1127142857143042,28.999999999996362,18.0,1.0,1.2787228271399234,100.0,60.0,65.0,50.0,70.0,0,TIMEOUT,2026-07-06 04:00:00+00:00,-1.0,25.12,0.022286438529780885,-1.022286438529781,TRAIN,0.19378379,0.6,False
SETUP_0133,2026-07-03 18:00:00+00:00,BTCUSD,BUY,62173.7,61733.58928571428,63494.03214285714,440.1107142857145,100.0,18.0,1.0,1.408450704225352,100.0,60.0,65.0,50.0,70.0,0,TIMEOUT,2026-07-04 04:00:00+00:00,-1.0,2250.0,0.051123499768727,-1.051123499768727,TRAIN,0.14227267,0.6,False
SETUP_0520,2026-07-03 18:00:00+00:00,EURGBP,SELL,0.85673,0.8571910714285714,0.8553467857142857,0.0004610714285714357,0.1,18.0,1.0,1.132300357568534,10.0,60.0,65.0,50.0,70.0,1,TP,2026-07-06 00:15:00+00:00,3.0,19.89,4.313865220759036,-1.3138652207590358,TRAIN,0.42148125,0.6,False
SETUP_1164,2026-07-03 18:15:00+00:00,USDCAD,BUY,1.42022,1.4191789285714287,1.423343214285714,0.0010410714285713496,0.29999999999996696,18.0,1.0,0.8338100686498855,10.0,60.0,65.0,50.0,70.0,0,SL,2026-07-06 00:00:00+00:00,-1.0,29.62,2.845145797598844,-3.845145797598844,TRAIN,0.37133235,0.6,False
SETUP_1697,2026-07-03 18:15:00+00:00,XRPUSD,BUY,1.1182,1.1066107142857142,1.1529678571428577,0.011589285714285857,4.0000000000000036,18.0,1.0,1.4389203135853925,20.000000000000018,60.0,65.0,50.0,70.0,0,TIMEOUT,2026-07-04 04:15:00+00:00,-1.0,490.6,4.233220338982999,-5.233220338982999,TRAIN,0.1417778,0.6,False
SETUP_1463,2026-07-03 19:30:00+00:00,USDJPY,BUY,161.377,161.2717142857143,161.69285714285715,0.10528571428571354,15.999999999991132,19.0,1.0,0.6483870967741936,79.99999999995566,60.0,65.0,50.0,70.0,0,SL,2026-07-03 20:30:00+00:00,-1.0,25.85,0.024552238805970326,-1.0245522388059702,TRAIN,0.25993505,0.6,False
SETUP_0919,2026-07-03 19:45:00+00:00,GOLD,BUY,4175.07,4159.929642857142,4220.491071428572,15.140357142857283,21.599999999998545,19.0,1.0,0.5,100.0,60.0,65.0,50.0,70.0,0,SL,2026-07-06 07:30:00+00:00,-1.0,29.58,0.01953718774325932,-1.0195371877432593,TRAIN,0.26899034,0.6,False
SETUP_1596,2026-07-03 19:45:00+00:00,XAUUSD,BUY,4175.07,4159.929642857142,4220.491071428572,15.140357142857283,21.599999999998545,19.0,1.0,0.5,100.0,60.0,65.0,50.0,70.0,0,SL,2026-07-06 07:30:00+00:00,-1.0,29.58,0.01953718774325932,-1.0195371877432593,TRAIN,0.26899034,0.6,False
SETUP_0001,2026-07-03 20:00:00+00:00,AUDUSD,BUY,0.6937,0.69326,0.69502,0.00043999999999999595,0.1,20.0,1.0,1.0660486674391658,10.0,60.0,65.0,50.0,70.0,0,SL,2026-07-03 23:15:00+00:00,-1.0,25.37,5.765909090909145,-6.765909090909145,TRAIN,0.3032893,0.6,False
SETUP_1698,2026-07-03 21:45:00+00:00,XRPUSD,BUY,1.1246,1.1158678571428573,1.1507964285714283,0.008732142857142744,2.7999999999999137,21.0,1.0,0.9455500555611678,13.999999999999568,60.0,65.0,50.0,70.0,0,TIMEOUT,2026-07-04 07:45:00+00:00,-1.0,490.23,5.614085889570625,-6.614085889570625,TRAIN,0.19864577,0.6,False
SETUP_1699,2026-07-03 22:15:00+00:00,XRPUSD,BUY,1.1401,1.1205035714285714,1.1988892857142854,0.019596428571428515,8.099999999999996,22.0,1.0,1.9014778325123152,40.49999999999998,60.0,65.0,50.0,70.0,0,TIMEOUT,2026-07-04 08:15:00+00:00,-1.0,490.75,2.5042828503736176,-3.5042828503736176,TRAIN,0.12240859,0.6,False
SETUP_0336,2026-07-03 22:30:00+00:00,ETHUSD,BUY,1746.23,1733.1592857142857,1785.442142857143,13.070714285714303,100.0,22.0,1.0,1.294087359478246,100.0,60.0,65.0,50.0,70.0,0,TIMEOUT,2026-07-04 08:30:00+00:00,-1.0,345.72,0.0026449969943712743,-1.0026449969943714,TRAIN,0.1450913,0.6,False
SETUP_1165,2026-07-03 23:00:00+00:00,USDCAD,BUY,1.4205,1.4196203571428572,1.4231389285714289,0.000879642857142926,0.11999999999989797,23.0,1.0,1.7880620562713645,10.0,60.0,65.0,50.0,70.0,0,SL,2026-07-06 00:00:00+00:00,-1.0,31.43,3.573041006901872,-4.573041006901872,TRAIN,0.34482673,0.6,False
SETUP_0134,2026-07-03 23:15:00+00:00,BTCUSD,BUY,62603.8,62117.53571428572,64062.59285714286,486.2642857142855,100.0,23.0,1.0,1.4542095539720243,100.0,60.0,65.0,50.0,70.0,0,TIMEOUT,2026-07-04 09:15:00+00:00,-1.0,2250.0,0.04627113415691058,-1.0462711341569106,TRAIN,0.12253013,0.6,False
SETUP_0002,2026-07-03 23:15:00+00:00,AUDUSD,SELL,0.69328,0.6937289285714285,0.6919332142857144,0.0004489285714285307,0.1,23.0,1.0,0.5,10.0,60.0,65.0,50.0,70.0,0,SL,2026-07-06 00:00:00+00:00,-1.0,32.79,7.30405727923694,-8.30405727923694,TRAIN,0.44381967,0.6,False
SETUP_0135,2026-07-03 23:30:00+00:00,BTCUSD,BUY,62693.8,62103.71428571429,64464.05714285714,590.085714285713,100.0,23.0,1.0,1.7250886175659708,100.0,60.0,65.0,50.0,70.0,0,TIMEOUT,2026-07-04 09:30:00+00:00,-1.0,2250.0,0.038130053745218696,-1.0381300537452187,TRAIN,0.14815114,0.6,False
SETUP_0337,2026-07-03 23:45:00+00:00,ETHUSD,BUY,1764.6,1740.642857142857,1836.4714285714283,23.9571428571428,100.0,23.0,1.0,1.9095477386934674,100.0,60.0,65.0,50.0,70.0,0,TIMEOUT,2026-07-04 09:45:00+00:00,-1.0,345.94,0.0014439952295766285,-1.0014439952295766,TRAIN,0.13810693,0.6,False
SETUP_1700,2026-07-04 02:30:00+00:00,XRPUSD,BUY,1.1347,1.1240107142857143,1.1667678571428572,0.010689285714285734,2.6999999999999247,2.0,1.0,0.5771786595785077,13.499999999999623,60.0,65.0,50.0,70.0,0,TIMEOUT,2026-07-04 13:45:00+00:00,-1.0,490.78,4.591326428332767,-5.591326428332767,TRAIN,0.6600175,0.6,True
SETUP_0136,2026-07-04 03:15:00+00:00,BTCUSD,BUY,62755.7,62461.09642857143,63639.5107142857,294.6035714285681,100.0,3.0,1.0,0.7172413793103448,100.0,60.0,65.0,50.0,70.0,0,SL,2026-07-04 04:15:00+00:00,-1.0,2250.0,0.07637381953957584,-1.0763738195395758,TRAIN,0.7241683,0.6,True
SETUP_0137,2026-07-04 06:45:00+00:00,BTCUSD,BUY,62621.7,62474.646428571425,63062.860714285714,147.05357142857247,100.0,6.0,1.0,0.7623049219687875,100.0,60.0,65.0,50.0,70.0,0,SL,2026-07-04 08:15:00+00:00,-1.0,2250.0,0.15300546448087324,-1.1530054644808732,TRAIN,0.7241683,0.6,True
SETUP_0338,2026-07-04 06:45:00+00:00,ETHUSD,BUY,1752.15,1744.5257142857142,1775.0228571428577,7.624285714285861,100.0,6.0,1.0,0.7481353987378083,100.0,60.0,65.0,50.0,70.0,1,TP,2026-07-04 16:15:00+00:00,3.0,345.32,0.004529211167322379,2.9954707888326775,TRAIN,0.7241683,0.6,True
SETUP_0339,2026-07-04 07:45:00+00:00,ETHUSD,BUY,1760.09,1748.2942857142857,1795.4771428571426,11.795714285714212,100.0,7.0,1.0,1.2542335846170656,100.0,60.0,65.0,50.0,70.0,1,TP,2026-07-04 18:15:00+00:00,3.0,345.43,0.002928436478139779,2.9970715635218603,TRAIN,0.5423042,0.6,False
SETUP_1701,2026-07-04 07:45:00+00:00,XRPUSD,BUY,1.1455,1.1314750000000002,1.1875749999999992,0.014024999999999732,4.100000000000215,7.0,1.0,1.404797925221526,20.500000000001073,60.0,65.0,50.0,70.0,0,SL,2026-07-04 09:15:00+00:00,-1.0,490.72,3.4988948306596037,-4.498894830659603,TRAIN,0.26267943,0.6,False
SETUP_1702,2026-07-04 11:30:00+00:00,XRPUSD,BUY,1.1402,1.132242857142857,1.164071428571429,0.007957142857142996,3.0999999999998806,11.0,1.0,1.2747057517210747,15.499999999999403,60.0,65.0,50.0,70.0,1,TP,2026-07-04 17:00:00+00:00,3.0,490.43,6.163393177737775,-3.163393177737775,TRAIN,0.683669,0.6,True
SETUP_0340,2026-07-04 11:30:00+00:00,ETHUSD,BUY,1759.24,1749.1364285714287,1789.5507142857139,10.103571428571286,100.0,11.0,1.0,1.2841364243233402,100.0,60.0,65.0,50.0,70.0,1,TP,2026-07-04 18:00:00+00:00,3.0,345.55,0.0034200777659951,2.996579922234005,TRAIN,0.5252778,0.6,False
SETUP_0138,2026-07-04 11:45:00+00:00,BTCUSD,BUY,62537.8,62412.67857142857,62913.164285714294,125.12142857143044,100.0,11.0,1.0,1.0352112676056338,100.0,60.0,65.0,50.0,70.0,0,SL,2026-07-04 12:30:00+00:00,-1.0,2250.0,0.17982531255351675,-1.1798253125535167,TRAIN,0.6114185,0.6,True
SETUP_1703,2026-07-04 11:45:00+00:00,XRPUSD,BUY,1.1394,1.131017857142857,1.1645464285714286,0.008382142857142894,2.0999999999999908,11.0,1.0,0.9377418998120093,10.499999999999954,60.0,65.0,50.0,70.0,1,TP,2026-07-04 17:00:00+00:00,3.0,490.41,5.85065189603747,-2.85065189603747,TRAIN,0.76960725,0.6,True
SETUP_0341,2026-07-04 11:45:00+00:00,ETHUSD,BUY,1760.6,1749.1432142857143,1794.9703571428568,11.456785714285616,100.0,11.0,1.0,0.9943147453731703,100.0,60.0,65.0,50.0,70.0,1,TP,2026-07-04 18:15:00+00:00,3.0,345.36,0.003014458056672616,2.9969855419433276,TRAIN,0.626165,0.6,True
SETUP_0139,2026-07-04 15:15:00+00:00,BTCUSD,BUY,62575.1,62425.52857142857,63023.81428571428,149.57142857142753,100.0,15.0,1.0,0.9217660728117738,100.0,60.0,65.0,50.0,70.0,1,TP,2026-07-04 18:00:00+00:00,3.0,2250.0,0.15042979942693513,2.8495702005730648,TRAIN,0.49552616,0.6,False
SETUP_1704,2026-07-04 16:15:00+00:00,XRPUSD,BUY,1.1515,1.1385571428571428,1.1903285714285714,0.012942857142857145,2.6000000000001577,16.0,1.0,2.1786852354537944,13.000000000000789,60.0,65.0,50.0,70.0,0,TIMEOUT,2026-07-05 02:15:00+00:00,-1.0,490.64,3.7908167770419423,-4.790816777041942,TRAIN,0.17573899,0.6,False
SETUP_1705,2026-07-04 17:15:00+00:00,XRPUSD,BUY,1.1614,1.1426714285714288,1.2175857142857136,0.018728571428571206,5.600000000000049,17.0,1.0,2.1632566069906223,28.00000000000025,60.0,65.0,50.0,70.0,0,TIMEOUT,2026-07-05 03:15:00+00:00,-1.0,490.83,2.62075514874145,-3.62075514874145,TRAIN,0.17573899,0.6,False
SETUP_0140,2026-07-04 17:15:00+00:00,BTCUSD,BUY,62660.9,62487.875,63179.975000000006,173.02500000000146,100.0,17.0,1.0,1.3585867783645966,100.0,60.0,65.0,50.0,70.0,1,TP,2026-07-04 20:30:00+00:00,3.0,2250.0,0.13003901170350995,2.86996098829649,TRAIN,0.43489844,0.6,False
SETUP_0342,2026-07-04 17:15:00+00:00,ETHUSD,BUY,1769.55,1757.7910714285715,1804.8267857142853,11.758928571428442,100.0,17.0,1.0,1.8127167630057803,100.0,60.0,65.0,50.0,70.0,1,TP,2026-07-04 20:45:00+00:00,3.0,345.75,0.002940318906605955,2.997059681093394,TRAIN,0.2626591,0.6,False
SETUP_0343,2026-07-04 18:15:00+00:00,ETHUSD,BUY,1791.86,1763.53,1876.8499999999997,28.329999999999927,100.0,18.0,1.0,3.264395434652021,100.0,60.0,65.0,50.0,70.0,0,TIMEOUT,2026-07-05 04:15:00+00:00,-1.0,345.68,0.0012201906106600808,-1.0012201906106601,TRAIN,0.12953237,0.6,False
SETUP_0141,2026-07-04 18:15:00+00:00,BTCUSD,BUY,62911.5,62582.53571428571,63898.39285714287,328.9642857142899,100.0,18.0,1.0,2.252075471698113,100.0,60.0,65.0,50.0,70.0,0,TIMEOUT,2026-07-05 04:15:00+00:00,-1.0,2250.0,0.06839648246661514,-1.0683964824666152,TRAIN,0.092062,0.6,False
SETUP_0142,2026-07-04 20:45:00+00:00,BTCUSD,BUY,63262.9,62764.21785714286,64758.94642857143,498.682142857142,100.0,20.0,1.0,1.7973143578560773,100.0,60.0,65.0,50.0,70.0,0,SL,2026-07-05 05:00:00+00:00,-1.0,2250.0,0.045118920583538114,-1.045118920583538,TRAIN,0.15201864,0.6,False
SETUP_0344,2026-07-04 20:45:00+00:00,ETHUSD,BUY,1797.72,1773.7464285714284,1869.640714285715,23.97357142857163,100.0,20.0,1.0,1.5990962721225053,100.0,60.0,65.0,50.0,70.0,0,SL,2026-07-05 02:00:00+00:00,-1.0,346.31,0.0014445490569972765,-1.0014445490569972,TRAIN,0.15201864,0.6,False
SETUP_0345,2026-07-04 21:00:00+00:00,ETHUSD,BUY,1802.83,1781.107857142857,1867.9964285714286,21.7221428571429,100.0,21.0,1.0,0.9950792782941499,100.0,60.0,65.0,50.0,70.0,0,SL,2026-07-05 01:45:00+00:00,-1.0,345.73,0.001591601723060732,-1.0015916017230608,TRAIN,0.20014927,0.6,False
SETUP_0143,2026-07-05 02:45:00+00:00,BTCUSD,BUY,63131.9,62855.639285714286,63960.68214285715,276.26071428571595,100.0,2.0,1.0,0.9645909645909645,100.0,60.0,65.0,50.0,70.0,0,SL,2026-07-05 04:15:00+00:00,-1.0,2250.0,0.08144480498493868,-1.0814448049849388,TRAIN,0.56329924,0.6,False
SETUP_0346,2026-07-05 04:30:00+00:00,ETHUSD,SELL,1764.03,1775.704642857143,1729.006071428571,11.674642857142999,100.0,4.0,1.0,1.4378366494448718,100.0,60.0,65.0,50.0,70.0,0,TIMEOUT,2026-07-05 14:30:00+00:00,-1.0,345.51,0.0029594909602618257,-1.002959490960262,TRAIN,0.25368088,0.6,False
SETUP_1706,2026-07-05 05:15:00+00:00,XRPUSD,SELL,1.1354,1.1456499999999998,1.1046500000000004,0.01024999999999987,2.2999999999999687,5.0,1.0,1.3462054170018773,11.499999999999844,60.0,65.0,50.0,70.0,0,TIMEOUT,2026-07-05 15:15:00+00:00,-1.0,490.54,4.785756097561037,-5.785756097561037,TRAIN,0.40477487,0.6,False
SETUP_0347,2026-07-05 07:15:00+00:00,ETHUSD,BUY,1765.57,1755.9967857142858,1794.2896428571423,9.57321428571413,100.0,7.0,1.0,0.8751608751608752,100.0,60.0,65.0,50.0,70.0,0,SL,2026-07-05 12:30:00+00:00,-1.0,345.49,0.0036089237082634427,-1.0036089237082635,TRAIN,0.58322704,0.6,False
SETUP_0144,2026-07-05 07:30:00+00:00,BTCUSD,BUY,62930.0,62642.81071428572,63791.56785714284,287.18928571428114,100.0,7.0,1.0,0.8836269130811435,100.0,60.0,65.0,50.0,70.0,0,SL,2026-07-05 08:30:00+00:00,-1.0,2250.0,0.07834554114384615,-1.078345541143846,TRAIN,0.58322704,0.6,False
SETUP_1707,2026-07-05 08:00:00+00:00,XRPUSD,SELL,1.1338,1.1418357142857145,1.1096928571428561,0.00803571428571459,2.5000000000001688,8.0,1.0,0.749896992171405,12.500000000000844,60.0,65.0,50.0,70.0,0,TIMEOUT,2026-07-05 18:00:00+00:00,-1.0,490.35,6.102133333333103,-7.102133333333103,TRAIN,0.7214284,0.6,True
SETUP_0145,2026-07-05 10:45:00+00:00,BTCUSD,BUY,63009.0,62658.74821428571,64059.755357142865,350.2517857142884,100.0,10.0,1.0,1.2854181064270906,100.0,60.0,65.0,50.0,70.0,0,SL,2026-07-05 12:30:00+00:00,-1.0,2250.0,0.0642395011751745,-1.0642395011751744,TRAIN,0.5252778,0.6,False
SETUP_1708,2026-07-05 12:30:00+00:00,XRPUSD,SELL,1.1262,1.1385535714285715,1.0891392857142859,0.012353571428571408,2.7999999999999137,12.0,1.0,2.0985963711057853,13.999999999999568,60.0,65.0,50.0,70.0,0,SL,2026-07-05 18:00:00+00:00,-1.0,490.48,3.9703498120844243,-4.970349812084424,TRAIN,0.43846807,0.6,False
SETUP_0146,2026-07-05 12:30:00+00:00,BTCUSD,SELL,62521.7,62984.53035714285,61133.20892857143,462.83035714285506,100.0,12.0,1.0,2.0947470190138575,100.0,60.0,65.0,50.0,70.0,0,TIMEOUT,2026-07-05 22:30:00+00:00,-1.0,2250.0,0.04861392441692249,-1.0486139244169226,TRAIN,0.35522035,0.6,False
SETUP_0348,2026-07-05 12:30:00+00:00,ETHUSD,SELL,1750.68,1768.4478571428572,1697.3764285714287,17.76785714285711,100.0,12.0,1.0,2.5666906993511174,100.0,60.0,65.0,50.0,70.0,0,SL,2026-07-05 17:30:00+00:00,-1.0,345.54,0.001944747738693471,-1.0019447477386936,TRAIN,0.28226116,0.6,False
SETUP_1709,2026-07-05 12:45:00+00:00,XRPUSD,SELL,1.1253,1.1367321428571429,1.0910035714285713,0.01143214285714289,3.6000000000000476,12.0,1.0,1.609611586570112,18.000000000000238,60.0,65.0,50.0,70.0,0,SL,2026-07-05 18:00:00+00:00,-1.0,490.42,4.28983442674163,-5.28983442674163,TRAIN,0.51131594,0.6,False
SETUP_0147,2026-07-05 12:45:00+00:00,BTCUSD,SELL,62611.0,62935.78035714286,61636.65892857142,324.78035714285943,100.0,12.0,1.0,1.443975621190811,100.0,60.0,65.0,50.0,70.0,0,TIMEOUT,2026-07-05 22:45:00+00:00,-1.0,2250.0,0.06927758870005504,-1.069277588700055,TRAIN,0.34662798,0.6,False
SETUP_0349,2026-07-05 12:45:00+00:00,ETHUSD,SELL,1756.38,1768.1357142857141,1721.112857142858,11.75571428571402,100.0,12.0,1.0,1.7956304050978609,100.0,60.0,65.0,50.0,70.0,0,SL,2026-07-05 17:30:00+00:00,-1.0,345.93,0.002942654028436086,-1.002942654028436,TRAIN,0.42469794,0.6,False
SETUP_0350,2026-07-05 20:15:00+00:00,ETHUSD,BUY,1777.12,1765.8657142857144,1810.8828571428564,11.254285714285515,100.0,20.0,1.0,1.3677716197845864,100.0,60.0,65.0,50.0,70.0,0,TIMEOUT,2026-07-06 06:15:00+00:00,-1.0,345.47,0.003069675044427574,-1.0030696750444277,TRAIN,0.20509286,0.6,False
SETUP_0521,2026-07-06 00:00:00+00:00,EURGBP,SELL,0.85547,0.8566982142857142,0.8517853571428571,0.0012282142857142908,0.12000000000000899,0.0,1.0,0.5,10.0,60.0,65.0,50.0,70.0,0,SL,2026-07-06 06:45:00+00:00,-1.0,170.09,13.848560628089503,-14.848560628089503,TRAIN,0.12993003,0.6,False
SETUP_1166,2026-07-06 00:00:00+00:00,USDCAD,SELL,1.41926,1.4206239285714286,1.415168214285714,0.0013639285714286409,0.8299999999998864,0.0,1.0,0.5,10.0,60.0,65.0,50.0,70.0,0,SL,2026-07-06 03:00:00+00:00,-1.0,146.79,10.762293794186412,-11.762293794186412,TRAIN,0.06942607,0.6,False
SETUP_1321,2026-07-06 00:00:00+00:00,USDCHF,SELL,0.80287,0.8038628571428572,0.7998914285714283,0.0009928571428572397,0.5500000000000504,0.0,1.0,0.5,10.0,60.0,65.0,50.0,70.0,0,SL,2026-07-06 02:00:00+00:00,-1.0,155.63,15.67496402877545,-16.67496402877545,TRAIN,0.06942607,0.6,False
SETUP_0522,2026-07-06 00:15:00+00:00,EURGBP,SELL,0.85572,0.8566775,0.8528475000000002,0.0009574999999999445,0.3300000000000525,0.0,1.0,0.5,10.0,60.0,65.0,50.0,70.0,0,SL,2026-07-06 01:45:00+00:00,-1.0,164.11,17.13942558746836,-18.13942558746836,TRAIN,0.073021576,0.6,False
SETUP_1322,2026-07-06 00:15:00+00:00,USDCHF,SELL,0.80273,0.8037814285714285,0.7995757142857146,0.001051428571428481,0.26999999999999247,0.0,1.0,0.5,10.0,60.0,65.0,50.0,70.0,0,SL,2026-07-06 02:00:00+00:00,-1.0,141.82,13.488315217392465,-14.488315217392465,TRAIN,0.073021576,0.6,False
SETUP_1167,2026-07-06 00:15:00+00:00,USDCAD,SELL,1.41927,1.4206267857142858,1.4151996428571427,0.0013567857142857687,0.6099999999999994,0.0,1.0,0.5,10.0,60.0,65.0,50.0,70.0,0,SL,2026-07-06 03:00:00+00:00,-1.0,123.42,9.096499078704559,-10.096499078704559,TRAIN,0.06942607,0.6,False
SETUP_0148,2026-07-06 00:30:00+00:00,BTCUSD,BUY,63014.6,62548.27678571429,64413.569642857125,466.3232142857087,100.0,0.0,1.0,1.5067114093959733,100.0,60.0,65.0,50.0,70.0,0,TIMEOUT,2026-07-06 10:30:00+00:00,-1.0,2250.0,0.04824979608717188,-1.048249796087172,TRAIN,0.1280344,0.6,False
SETUP_1710,2026-07-06 00:30:00+00:00,XRPUSD,BUY,1.1415,1.1310464285714286,1.1728607142857141,0.010453571428571395,3.4000000000000696,0.0,1.0,1.4723105236740839,17.000000000000348,60.0,65.0,50.0,70.0,0,TIMEOUT,2026-07-06 10:30:00+00:00,-1.0,490.61,4.693228561667251,-5.693228561667251,TRAIN,0.06405976,0.6,False
SETUP_1323,2026-07-06 01:00:00+00:00,USDCHF,BUY,0.80344,0.80252,0.8062000000000001,0.0009200000000000319,0.140000000000029,1.0,1.0,0.5,10.0,60.0,65.0,50.0,70.0,0,TIMEOUT,2026-07-06 11:00:00+00:00,-1.0,34.63,3.7641304347824787,-4.764130434782478,TRAIN,0.4428832,0.6,False
SETUP_1324,2026-07-06 01:15:00+00:00,USDCHF,BUY,0.80359,0.8023739285714286,0.8072382142857142,0.0012160714285713858,0.200000000000089,1.0,1.0,0.5,10.0,60.0,65.0,50.0,70.0,0,TIMEOUT,2026-07-06 11:15:00+00:00,-1.0,27.08,2.226842878120489,-3.226842878120489,TRAIN,0.2954485,0.6,False
SETUP_1168,2026-07-06 01:15:00+00:00,USDCAD,BUY,1.42059,1.4190882142857142,1.4250953571428575,0.0015017857142858304,0.3900000000001125,1.0,1.0,0.5,10.0,60.0,65.0,50.0,70.0,0,TIMEOUT,2026-07-06 11:15:00+00:00,-1.0,32.0,2.1307966706300374,-3.1307966706300374,TRAIN,0.28666866,0.6,False
SETUP_1464,2026-07-06 01:15:00+00:00,USDJPY,BUY,161.392,161.23021428571428,161.87735714285714,0.1617857142857133,100.0,1.0,1.0,0.5,100.0,60.0,65.0,50.0,70.0,1,TP,2026-07-06 07:30:00+00:00,3.0,29.05,0.01795584988962483,2.9820441501103754,TRAIN,0.5714709,0.6,False
SETUP_1711,2026-07-06 01:30:00+00:00,XRPUSD,BUY,1.1522999999999999,1.137742857142857,1.1959714285714287,0.014557142857142935,5.799999999999805,1.0,1.0,2.461262645665258,28.999999999999027,60.0,65.0,50.0,70.0,0,SL,2026-07-06 08:15:00+00:00,-1.0,490.68,3.3707163886162723,-4.370716388616272,TRAIN,0.12266428,0.6,False
SETUP_0149,2026-07-06 01:30:00+00:00,BTCUSD,BUY,63556.9,62906.27678571428,65508.76964285716,650.6232142857189,100.0,1.0,1.0,2.505394085543851,100.0,60.0,65.0,50.0,70.0,0,SL,2026-07-06 10:00:00+00:00,-1.0,2250.0,0.03458222747969642,-1.0345822274796965,TRAIN,0.17332028,0.6,False
SETUP_0776,2026-07-06 01:45:00+00:00,GBPUSD,SELL,1.33473,1.3354417857142857,1.3325946428571427,0.000711785714285762,0.15999999999993797,1.0,1.0,0.5,10.0,60.0,65.0,50.0,70.0,0,SL,2026-07-06 03:15:00+00:00,-1.0,27.06,3.801705970897889,-4.801705970897888,TRAIN,0.2954485,0.6,False
SETUP_0523,2026-07-06 01:45:00+00:00,EURGBP,BUY,0.85665,0.8559857142857143,0.858642857142857,0.0006642857142856728,0.180000000000069,1.0,1.0,0.5,10.0,60.0,65.0,50.0,70.0,0,SL,2026-07-06 10:45:00+00:00,-1.0,22.74,3.4232258064518266,-4.423225806451827,TRAIN,0.2954485,0.6,False
SETUP_1020,2026-07-06 02:00:00+00:00,NZDUSD,SELL,0.56991,0.5705857142857143,0.5678828571428574,0.000675714285714224,0.10000000000010001,2.0,1.0,0.6520327315235745,10.0,60.0,65.0,50.0,70.0,0,TIMEOUT,2026-07-06 12:00:00+00:00,-1.0,28.86,4.271035940803773,-5.271035940803773,TRAIN,0.6585166,0.6,True
SETUP_1465,2026-07-06 02:15:00+00:00,USDJPY,BUY,161.457,161.36353571428572,161.73739285714282,0.09346428571427623,31.00000000000591,2.0,1.0,0.7092943834392896,100.0,60.0,65.0,50.0,70.0,1,TP,2026-07-06 04:15:00+00:00,3.0,27.41,0.029326709973254792,2.9706732900267454,TRAIN,0.7214284,0.6,True
SETUP_0920,2026-07-06 03:00:00+00:00,GOLD,SELL,4174.82,4205.7725,4081.9624999999987,30.952500000000327,80.20000000000437,3.0,1.0,1.8830713492666395,100.0,60.0,65.0,50.0,70.0,0,TIMEOUT,2026-07-06 13:00:00+00:00,-1.0,32.31,0.010438575236248982,-1.010438575236249,TRAIN,0.3061972,0.6,False
SETUP_1597,2026-07-06 03:00:00+00:00,XAUUSD,SELL,4174.82,4205.7725,4081.9624999999987,30.952500000000327,80.20000000000437,3.0,1.0,1.8830713492666395,100.0,60.0,65.0,50.0,70.0,0,TIMEOUT,2026-07-06 13:00:00+00:00,-1.0,32.31,0.010438575236248982,-1.010438575236249,TRAIN,0.3061972,0.6,False
SETUP_1021,2026-07-06 04:15:00+00:00,NZDUSD,SELL,0.5689,0.5703903571428572,0.5644289285714281,0.0014903571428572793,0.36000000000002697,4.0,1.0,1.6156670746634028,10.0,60.0,65.0,50.0,70.0,0,TIMEOUT,2026-07-06 14:15:00+00:00,-1.0,28.36,1.9028995926190446,-2.9028995926190446,TRAIN,0.4336301,0.6,False
SETUP_1022,2026-07-06 04:30:00+00:00,NZDUSD,SELL,0.56908,0.5701139285714286,0.5659782142857143,0.0010339285714285884,0.31999999999998696,4.0,1.0,1.6710092061837762,10.0,60.0,65.0,50.0,70.0,0,TIMEOUT,2026-07-06 14:30:00+00:00,-1.0,28.3,2.737132987910145,-3.737132987910145,TRAIN,0.4336301,0.6,False
SETUP_1466,2026-07-06 04:30:00+00:00,USDJPY,BUY,161.693,161.48139285714285,162.3278214285715,0.21160714285716153,80.99999999998886,4.0,1.0,1.2067669172932332,100.0,60.0,65.0,50.0,70.0,1,TP,2026-07-06 12:45:00+00:00,3.0,25.7,0.012145147679323823,2.9878548523206763,TRAIN,0.50115466,0.6,False
SETUP_1325,2026-07-06 04:30:00+00:00,USDCHF,BUY,0.80401,0.8032621428571429,0.8062535714285712,0.0007478571428570779,0.19999999999997797,4.0,1.0,1.3209955328653478,10.0,60.0,65.0,50.0,70.0,0,TIMEOUT,2026-07-06 14:30:00+00:00,-1.0,25.82,3.452531041070023,-4.4525310410700225,TRAIN,0.31487074,0.6,False
SETUP_0777,2026-07-06 04:30:00+00:00,GBPUSD,SELL,1.3345500000000001,1.3355232142857143,1.3316303571428576,0.0009732142857141746,0.21000000000004349,4.0,1.0,1.5136011979036685,10.0,60.0,65.0,50.0,70.0,0,TIMEOUT,2026-07-06 14:30:00+00:00,-1.0,24.78,2.5462018348626763,-3.5462018348626763,TRAIN,0.44045648,0.6,False
SETUP_1326,2026-07-06 05:00:00+00:00,USDCHF,BUY,0.80443,0.8037378571428572,0.8065064285714284,0.0006921428571428079,0.15999999999993797,5.0,1.0,1.134157555941555,10.0,60.0,65.0,50.0,70.0,0,TIMEOUT,2026-07-06 15:00:00+00:00,-1.0,25.11,3.6278637770900417,-4.627863777090042,TRAIN,0.5164274,0.6,False
SETUP_1023,2026-07-06 06:30:00+00:00,NZDUSD,SELL,0.56842,0.5691878571428572,0.5661164285714284,0.000767857142857209,0.24000000000001798,6.0,1.0,0.8219398423677015,10.0,60.0,65.0,50.0,70.0,0,TIMEOUT,2026-07-06 16:30:00+00:00,-1.0,28.36,3.693395348836891,-4.693395348836891,TRAIN,0.72008353,0.6,True
SETUP_0649,2026-07-06 06:30:00+00:00,EURUSD,SELL,1.14302,1.1436492857142857,1.1411321428571426,0.0006292857142857766,0.15999999999993797,6.0,1.0,0.7779310344827586,10.0,60.0,65.0,50.0,70.0,1,TP,2026-07-06 12:45:00+00:00,3.0,20.33,3.230646992054164,-0.23064699205416384,TRAIN,0.72008353,0.6,True
SETUP_0778,2026-07-06 06:30:00+00:00,GBPUSD,SELL,1.33414,1.334952142857143,1.3317035714285717,0.0008121428571428169,0.22999999999995246,6.0,1.0,1.1524460623279766,10.0,60.0,65.0,50.0,70.0,0,SL,2026-07-06 15:00:00+00:00,-1.0,23.82,2.9329815303431532,-3.9329815303431532,TRAIN,0.5164274,0.6,False
SETUP_1467,2026-07-06 07:45:00+00:00,USDJPY,BUY,161.926,161.76771428571428,162.40085714285712,0.1582857142857108,64.99999999999773,7.0,1.0,0.6752839261962417,100.0,60.0,65.0,50.0,70.0,1,TP,2026-07-06 15:45:00+00:00,3.0,25.7,0.016236462093863174,2.9837635379061367,TRAIN,0.66307944,0.6,True
SETUP_1327,2026-07-06 08:15:00+00:00,USDCHF,BUY,0.80451,0.8041017857142857,0.8057346428571427,0.0004082142857142479,0.1,8.0,1.0,0.628943415122684,10.0,60.0,65.0,50.0,70.0,1,TP,2026-07-06 09:45:00+00:00,3.0,25.45,6.234470691164182,-3.234470691164182,TRAIN,0.6585166,0.6,True
SETUP_0779,2026-07-06 08:15:00+00:00,GBPUSD,SELL,1.33379,1.3344221428571428,1.3318935714285718,0.0006321428571427479,0.17000000000000348,8.0,1.0,0.8248758367523213,10.0,60.0,65.0,50.0,70.0,0,SL,2026-07-06 10:30:00+00:00,-1.0,25.11,3.9722033898311953,-4.972203389831195,TRAIN,0.72008353,0.6,True
SETUP_0650,2026-07-06 08:15:00+00:00,EURUSD,SELL,1.14278,1.1434024999999999,1.1409125,0.0006224999999999703,0.19999999999997797,8.0,1.0,0.8186046511627907,10.0,60.0,65.0,50.0,70.0,1,TP,2026-07-06 13:00:00+00:00,3.0,20.01,3.214457831325455,-0.21445783132545504,TRAIN,0.72008353,0.6,True
SETUP_1598,2026-07-06 08:15:00+00:00,XAUUSD,SELL,4152.68,4164.5824999999995,4116.972500000003,11.902499999999236,36.39999999999418,8.0,1.0,0.6736928692612205,100.0,60.0,65.0,50.0,70.0,0,SL,2026-07-06 10:45:00+00:00,-1.0,29.53,0.024809913883639484,-1.0248099138836395,TRAIN,0.63264567,0.6,True
SETUP_0921,2026-07-06 08:15:00+00:00,GOLD,SELL,4152.68,4164.5824999999995,4116.972500000003,11.902499999999236,36.39999999999418,8.0,1.0,0.6736928692612205,100.0,60.0,65.0,50.0,70.0,0,SL,2026-07-06 10:45:00+00:00,-1.0,29.53,0.024809913883639484,-1.0248099138836395,TRAIN,0.63264567,0.6,True
SETUP_1468,2026-07-06 09:00:00+00:00,USDJPY,BUY,162.115,161.8945,162.77650000000006,0.22050000000001546,62.99999999998818,9.0,1.0,2.1571406077783024,100.0,60.0,65.0,50.0,70.0,0,TIMEOUT,2026-07-06 19:00:00+00:00,-1.0,25.1,0.011383219954647729,-1.0113832199546477,TRAIN,0.27417696,0.6,False
SETUP_1469,2026-07-06 09:15:00+00:00,USDJPY,BUY,162.166,161.89817857142856,162.9694642857143,0.26782142857143754,37.00000000000614,9.0,1.0,2.1541863657160287,100.0,60.0,65.0,50.0,70.0,0,TIMEOUT,2026-07-06 19:15:00+00:00,-1.0,25.36,0.009468995866115165,-1.0094689958661152,TRAIN,0.27417696,0.6,False
SETUP_0524,2026-07-06 10:45:00+00:00,EURGBP,SELL,0.85589,0.8565807142857144,0.8538178571428571,0.0006907142857143223,0.10999999999994348,10.0,1.0,1.1251000654974166,10.0,60.0,65.0,50.0,70.0,0,TIMEOUT,2026-07-06 20:45:00+00:00,-1.0,19.7,2.8521199586348027,-3.8521199586348027,TRAIN,0.7490533,0.6,True
SETUP_0003,2026-07-06 10:45:00+00:00,AUDUSD,BUY,0.69359,0.6925825,0.6966125000000002,0.00100750000000005,0.12999999999996348,10.0,1.0,0.9871211536978484,10.0,60.0,65.0,50.0,70.0,0,SL,2026-07-06 15:30:00+00:00,-1.0,23.86,2.3682382133993864,-3.3682382133993864,TRAIN,0.76062155,0.6,True
SETUP_1712,2026-07-06 10:45:00+00:00,XRPUSD,BUY,1.1436,1.1338035714285715,1.1729892857142854,0.009796428571428484,3.0000000000001137,10.0,1.0,0.6315259781104542,15.000000000000568,60.0,65.0,50.0,70.0,0,SL,2026-07-06 12:30:00+00:00,-1.0,490.1,5.00284360189578,-6.00284360189578,TRAIN,0.76660603,0.6,True
SETUP_1599,2026-07-06 11:15:00+00:00,XAUUSD,SELL,4155.39,4170.151785714286,4111.104642857143,14.761785714285907,33.700000000008004,11.0,1.0,1.096568439852022,100.0,60.0,65.0,50.0,70.0,0,TIMEOUT,2026-07-06 21:15:00+00:00,-1.0,28.72,0.01945564077129629,-1.0194556407712962,TRAIN,0.5926958,0.6,False
SETUP_0922,2026-07-06 11:15:00+00:00,GOLD,SELL,4155.39,4170.151785714286,4111.104642857143,14.761785714285907,33.700000000008004,11.0,1.0,1.096568439852022,100.0,60.0,65.0,50.0,70.0,0,TIMEOUT,2026-07-06 21:15:00+00:00,-1.0,28.72,0.01945564077129629,-1.0194556407712962,TRAIN,0.5926958,0.6,False
SETUP_1169,2026-07-06 11:15:00+00:00,USDCAD,BUY,1.42234,1.4211067857142856,1.426039642857143,0.0012332142857143236,0.140000000000029,11.0,1.0,1.281933608689001,10.0,60.0,65.0,50.0,70.0,0,SL,2026-07-06 18:30:00+00:00,-1.0,30.22,2.4505068056761483,-3.4505068056761483,TRAIN,0.6329435,0.6,True
SETUP_1713,2026-07-06 11:45:00+00:00,XRPUSD,SELL,1.1400000000000001,1.146825,1.1195250000000005,0.006824999999999859,1.3999999999998458,11.0,1.0,0.7814840027229408,10.0,60.0,65.0,50.0,70.0,1,TP,2026-07-06 15:30:00+00:00,3.0,490.31,7.184029304029453,-4.184029304029453,TRAIN,0.8141842,0.6,True
SETUP_0351,2026-07-06 11:45:00+00:00,ETHUSD,SELL,1764.04,1774.6139285714285,1732.3182142857145,10.573928571428496,100.0,11.0,1.0,0.805840995132504,100.0,60.0,65.0,50.0,70.0,1,TP,2026-07-06 16:00:00+00:00,3.0,345.48,0.003267281386158702,2.9967327186138415,TRAIN,0.7044558,0.6,True
SETUP_1170,2026-07-06 12:00:00+00:00,USDCAD,BUY,1.42273,1.4219778571428572,1.4249864285714287,0.0007521428571428679,0.14999999999987246,12.0,1.0,1.2719424460431654,10.0,60.0,65.0,50.0,70.0,0,SL,2026-07-06 13:00:00+00:00,-1.0,30.76,4.0896486229818985,-5.0896486229818985,TRAIN,0.5667262,0.6,False
SETUP_0923,2026-07-06 12:30:00+00:00,GOLD,SELL,4139.36,4154.751785714286,4093.1846428571416,15.391785714286016,44.099999999998545,12.0,1.0,1.0123396551059978,100.0,60.0,65.0,50.0,70.0,0,SL,2026-07-06 13:30:00+00:00,-1.0,29.25,0.019003642944984196,-1.0190036429449842,TRAIN,0.6240553,0.6,True
SETUP_0525,2026-07-06 12:30:00+00:00,EURGBP,SELL,0.85588,0.8565357142857144,0.8539128571428567,0.000655714285714426,0.14999999999998348,12.0,1.0,0.8521596628818916,10.0,60.0,65.0,50.0,70.0,0,TIMEOUT,2026-07-06 22:30:00+00:00,-1.0,19.84,3.0257080610015312,-4.025708061001531,TRAIN,0.76920813,0.6,True
SETUP_1600,2026-07-06 12:30:00+00:00,XAUUSD,SELL,4139.36,4154.751785714286,4093.1846428571416,15.391785714286016,44.099999999998545,12.0,1.0,1.0123396551059978,100.0,60.0,65.0,50.0,70.0,0,SL,2026-07-06 13:30:00+00:00,-1.0,29.25,0.019003642944984196,-1.0190036429449842,TRAIN,0.6240553,0.6,True
SETUP_0150,2026-07-06 12:30:00+00:00,BTCUSD,SELL,62674.2,62964.0625,61804.61249999999,289.8625000000029,100.0,12.0,1.0,1.2563157176020758,100.0,60.0,65.0,50.0,70.0,0,SL,2026-07-06 13:30:00+00:00,-1.0,2250.0,0.07762301091034464,-1.0776230109103446,TRAIN,0.6404645,0.6,True
SETUP_1714,2026-07-06 12:30:00+00:00,XRPUSD,SELL,1.1333,1.1419357142857145,1.1073928571428564,0.008635714285714524,1.2999999999998568,12.0,1.0,1.1413569158491086,10.0,60.0,65.0,50.0,70.0,0,SL,2026-07-06 13:30:00+00:00,-1.0,490.51,5.6800165425970315,-6.6800165425970315,TRAIN,0.70388484,0.6,True
SETUP_0151,2026-07-06 12:45:00+00:00,BTCUSD,SELL,62649.6,62929.732142857145,61809.20357142856,280.1321428571464,100.0,12.0,1.0,0.8625410733844469,100.0,60.0,65.0,50.0,70.0,0,SL,2026-07-06 13:30:00+00:00,-1.0,2250.0,0.08031923709473744,-1.0803192370947374,TRAIN,0.6607026,0.6,True
SETUP_1715,2026-07-06 12:45:00+00:00,XRPUSD,SELL,1.1337,1.1399249999999999,1.1150250000000002,0.006224999999999925,1.1999999999998678,12.0,1.0,0.9237556873018062,10.0,60.0,65.0,50.0,70.0,0,SL,2026-07-06 13:15:00+00:00,-1.0,490.22,7.875020080321381,-8.87502008032138,TRAIN,0.72202975,0.6,True
SETUP_0526,2026-07-06 14:30:00+00:00,EURGBP,SELL,0.85541,0.8561296428571429,0.8532510714285714,0.000719642857142877,0.17000000000000348,14.0,1.0,0.8359576295448039,10.0,60.0,65.0,50.0,70.0,0,TIMEOUT,2026-07-07 00:30:00+00:00,-1.0,19.62,2.726352357320024,-3.726352357320024,TRAIN,0.76920813,0.6,True
SETUP_0527,2026-07-06 14:45:00+00:00,EURGBP,SELL,0.85533,0.8560110714285714,0.8532867857142861,0.0006810714285713226,0.12000000000000899,14.0,1.0,1.3705214912525852,10.0,60.0,65.0,50.0,70.0,0,TIMEOUT,2026-07-07 00:45:00+00:00,-1.0,19.94,2.9277399056113627,-3.9277399056113627,TRAIN,0.64536583,0.6,True
SETUP_1171,2026-07-06 14:45:00+00:00,USDCAD,BUY,1.42203,1.4212707142857144,1.4243078571428565,0.000759285714285518,0.16999999999978144,14.0,1.0,1.09497511420195,10.0,60.0,65.0,50.0,70.0,0,SL,2026-07-06 18:30:00+00:00,-1.0,29.07,3.8285983066802,-4.8285983066802,TRAIN,0.70474344,0.6,True
SETUP_0152,2026-07-06 15:00:00+00:00,BTCUSD,SELL,61982.2,63074.78928571429,58704.43214285713,1092.5892857142899,100.0,15.0,1.0,4.822849667502453,100.0,60.0,65.0,50.0,70.0,0,SL,2026-07-06 18:45:00+00:00,-1.0,2250.0,0.020593282667320342,-1.0205932826673203,TRAIN,0.13741775,0.6,False
SETUP_1716,2026-07-06 15:00:00+00:00,XRPUSD,SELL,1.1261,1.1428321428571429,1.0759035714285718,0.01673214285714275,5.099999999999882,15.0,1.0,5.543589162226505,25.49999999999941,60.0,65.0,50.0,70.0,0,SL,2026-07-06 19:00:00+00:00,-1.0,490.72,2.9327982924226443,-3.9327982924226443,TRAIN,0.12178668,0.6,False
SETUP_0352,2026-07-06 15:00:00+00:00,ETHUSD,SELL,1746.0,1777.55,1651.3500000000001,31.549999999999955,100.0,15.0,1.0,5.149801284011005,100.0,60.0,65.0,50.0,70.0,0,SL,2026-07-06 18:30:00+00:00,-1.0,346.03,0.0010967670364500808,-1.0010967670364501,TRAIN,0.13741775,0.6,False
SETUP_1717,2026-07-06 15:15:00+00:00,XRPUSD,SELL,1.1252,1.1429892857142858,1.0718321428571425,0.01778928571428584,4.6000000000001595,15.0,1.0,1.9932217750476593,23.000000000000796,60.0,65.0,50.0,70.0,0,SL,2026-07-06 19:00:00+00:00,-1.0,490.75,2.7586829953824337,-3.7586829953824337,TRAIN,0.17573899,0.6,False
SETUP_0353,2026-07-06 15:15:00+00:00,ETHUSD,SELL,1748.18,1776.1617857142858,1664.234642857143,27.981785714285706,100.0,15.0,1.0,1.9436680283809935,100.0,60.0,65.0,50.0,70.0,0,SL,2026-07-06 18:30:00+00:00,-1.0,345.67,0.0012353393151157007,-1.0012353393151157,TRAIN,0.19674343,0.6,False
SETUP_0153,2026-07-06 15:15:00+00:00,BTCUSD,SELL,62065.2,63083.146428571425,59011.360714285714,1017.9464285714275,100.0,15.0,1.0,1.7372488408037094,100.0,60.0,65.0,50.0,70.0,0,SL,2026-07-06 18:45:00+00:00,-1.0,2250.0,0.02210332426980092,-1.022103324269801,TRAIN,0.2626591,0.6,False
SETUP_1172,2026-07-06 15:30:00+00:00,USDCAD,BUY,1.42355,1.4213714285714285,1.4300857142857148,0.002178571428571585,0.2900000000001235,15.0,1.0,1.0780795015913862,10.0,60.0,65.0,50.0,70.0,0,SL,2026-07-06 18:30:00+00:00,-1.0,28.62,1.3137049180326927,-2.313704918032693,TRAIN,0.47385812,0.6,False
SETUP_1601,2026-07-06 15:30:00+00:00,XAUUSD,SELL,4133.28,4161.821071428571,4047.6567857142873,28.54107142857083,75.90000000000146,15.0,1.0,1.2994981409540325,100.0,60.0,65.0,50.0,70.0,0,SL,2026-07-06 21:00:00+00:00,-1.0,29.52,0.010342989426265624,-1.0103429894262657,TRAIN,0.32341486,0.6,False
SETUP_0924,2026-07-06 15:30:00+00:00,GOLD,SELL,4133.28,4161.821071428571,4047.6567857142873,28.54107142857083,75.90000000000146,15.0,1.0,1.2994981409540325,100.0,60.0,65.0,50.0,70.0,0,SL,2026-07-06 21:00:00+00:00,-1.0,29.52,0.010342989426265624,-1.0103429894262657,TRAIN,0.32341486,0.6,False
SETUP_1602,2026-07-06 15:45:00+00:00,XAUUSD,SELL,4139.55,4160.925,4075.425,21.375,24.899999999997817,15.0,1.0,1.16438928935793,100.0,60.0,65.0,50.0,70.0,0,SL,2026-07-06 20:45:00+00:00,-1.0,29.48,0.013791812865497076,-1.013791812865497,TRAIN,0.4596965,0.6,False
SETUP_0004,2026-07-06 15:45:00+00:00,AUDUSD,SELL,0.69251,0.6937114285714285,0.6889057142857142,0.0012014285714285755,0.44999999999995044,15.0,1.0,1.221423378301963,10.0,60.0,65.0,50.0,70.0,0,SL,2026-07-06 18:00:00+00:00,-1.0,23.74,1.9759809750297197,-2.97598097502972,TRAIN,0.42420816,0.6,False
SETUP_1718,2026-07-06 15:45:00+00:00,XRPUSD,SELL,1.1128,1.1302535714285713,1.0604392857142861,0.01745357142857129,7.000000000000117,15.0,1.0,1.6868395773294909,35.00000000000058,60.0,65.0,50.0,70.0,0,SL,2026-07-06 18:30:00+00:00,-1.0,490.52,2.810427665234317,-3.810427665234317,TRAIN,0.23669101,0.6,False
SETUP_0925,2026-07-06 15:45:00+00:00,GOLD,SELL,4139.55,4160.925,4075.425,21.375,24.899999999997817,15.0,1.0,1.16438928935793,100.0,60.0,65.0,50.0,70.0,0,SL,2026-07-06 20:45:00+00:00,-1.0,29.48,0.013791812865497076,-1.013791812865497,TRAIN,0.4596965,0.6,False
SETUP_1328,2026-07-06 15:45:00+00:00,USDCHF,BUY,0.80625,0.8052292857142858,0.8093121428571428,0.0010207142857142637,0.140000000000029,15.0,1.0,1.3068979760429575,10.0,60.0,65.0,50.0,70.0,0,SL,2026-07-06 20:30:00+00:00,-1.0,24.46,2.39636109167255,-3.39636109167255,TRAIN,0.44376904,0.6,False
SETUP_1024,2026-07-06 15:45:00+00:00,NZDUSD,SELL,0.56773,0.5688282142857143,0.564435357142857,0.0010982142857143273,0.48999999999999044,15.0,1.0,1.2480757844878627,10.0,60.0,65.0,50.0,70.0,0,SL,2026-07-06 18:30:00+00:00,-1.0,28.14,2.562341463414537,-3.562341463414537,TRAIN,0.48654336,0.6,False
SETUP_1173,2026-07-06 15:45:00+00:00,USDCAD,BUY,1.42336,1.4218060714285714,1.4280217857142856,0.0015539285714285533,0.39999999999995595,15.0,1.0,1.281473628412404,10.0,60.0,65.0,50.0,70.0,0,SL,2026-07-06 16:15:00+00:00,-1.0,28.7,1.8469317398299459,-2.846931739829946,TRAIN,0.35631716,0.6,False
SETUP_1719,2026-07-06 16:00:00+00:00,XRPUSD,SELL,1.109,1.1289785714285716,1.0490642857142851,0.019978571428571623,2.4999999999999467,16.0,1.0,1.903114186851211,12.499999999999734,60.0,65.0,50.0,70.0,0,SL,2026-07-06 18:15:00+00:00,-1.0,490.7,2.4561315695387678,-3.4561315695387678,TRAIN,0.22220996,0.6,False
SETUP_0780,2026-07-06 16:15:00+00:00,GBPUSD,BUY,1.3353,1.333267142857143,1.3413985714285708,0.0020328571428569475,0.34000000000000696,16.0,1.0,1.0563194575249577,10.0,60.0,65.0,50.0,70.0,0,TIMEOUT,2026-07-07 02:15:00+00:00,-1.0,22.7,1.1166549543219624,-2.1166549543219624,TRAIN,0.47385812,0.6,False
SETUP_1329,2026-07-06 16:45:00+00:00,USDCHF,BUY,0.80656,0.8052357142857143,0.8105328571428574,0.0013242857142857778,0.32999999999994145,16.0,1.0,1.394878181676656,10.0,60.0,65.0,50.0,70.0,0,SL,2026-07-06 20:30:00+00:00,-1.0,24.44,1.8455231930959204,-2.8455231930959206,TRAIN,0.26350433,0.6,False
SETUP_1174,2026-07-06 17:00:00+00:00,USDCAD,BUY,1.4224,1.4210939285714286,1.4263182142857147,0.0013060714285715314,0.38000000000004697,17.0,1.0,1.6985331887449346,10.0,60.0,65.0,50.0,70.0,0,SL,2026-07-06 18:30:00+00:00,-1.0,28.97,2.2181022696197323,-3.2181022696197323,TRAIN,0.32934955,0.6,False
SETUP_0781,2026-07-06 17:15:00+00:00,GBPUSD,BUY,1.33541,1.3337164285714285,1.3404907142857145,0.0016935714285715164,0.31000000000003247,17.0,1.0,1.2713903290298534,10.0,60.0,65.0,50.0,70.0,0,TIMEOUT,2026-07-07 03:15:00+00:00,-1.0,22.73,1.3421341206241397,-2.3421341206241397,TRAIN,0.3470869,0.6,False
SETUP_0005,2026-07-06 18:45:00+00:00,AUDUSD,BUY,0.6942,0.6933410714285715,0.6967767857142857,0.0008589285714285522,0.21999999999999797,18.0,1.0,0.650720874993095,10.0,60.0,65.0,50.0,70.0,0,TIMEOUT,2026-07-07 04:45:00+00:00,-1.0,23.62,2.749937629937692,-3.749937629937692,TRAIN,0.2755536,0.6,False
SETUP_0154,2026-07-06 18:45:00+00:00,BTCUSD,BUY,63532.2,62099.59821428571,67830.00535714286,1432.601785714287,100.0,18.0,1.0,1.6548352216632976,100.0,60.0,65.0,50.0,70.0,0,TIMEOUT,2026-07-07 04:45:00+00:00,-1.0,2250.0,0.015705690321181354,-1.0157056903211814,TRAIN,0.17121634,0.6,False
SETUP_0354,2026-07-06 18:45:00+00:00,ETHUSD,BUY,1786.9,1750.9578571428572,1894.7264285714289,35.942142857142926,100.0,18.0,1.0,1.5279009426216048,100.0,60.0,65.0,50.0,70.0,0,TIMEOUT,2026-07-07 04:45:00+00:00,-1.0,346.19,0.0009631868677835392,-1.0009631868677835,TRAIN,0.19179054,0.6,False
SETUP_0782,2026-07-06 18:45:00+00:00,GBPUSD,BUY,1.3366500000000001,1.3346146428571428,1.342756071428572,0.002035357142857297,0.5499999999998284,18.0,1.0,0.8407887812277497,10.0,60.0,65.0,50.0,70.0,0,TIMEOUT,2026-07-07 04:45:00+00:00,-1.0,22.46,1.1034918406737189,-2.103491840673719,TRAIN,0.36227396,0.6,False
SETUP_0155,2026-07-06 19:00:00+00:00,BTCUSD,BUY,63738.1,62061.35178571429,68768.34464285713,1676.7482142857116,100.0,19.0,1.0,1.4045218318304977,100.0,60.0,65.0,50.0,70.0,0,TIMEOUT,2026-07-07 05:00:00+00:00,-1.0,2250.0,0.013418830453077247,-1.0134188304530773,TRAIN,0.12582758,0.6,False
SETUP_1720,2026-07-06 19:00:00+00:00,XRPUSD,BUY,1.1456,1.1206678571428572,1.2203964285714282,0.024932142857142736,2.4999999999999467,19.0,1.0,1.391149037507442,12.499999999999734,60.0,65.0,50.0,70.0,0,TIMEOUT,2026-07-07 05:00:00+00:00,-1.0,490.7,1.9681420999856851,-2.968142099985685,TRAIN,0.12538154,0.6,False
SETUP_0006,2026-07-06 20:15:00+00:00,AUDUSD,BUY,0.69502,0.6941132142857143,0.6977403571428571,0.0009067857142857072,0.17000000000000348,20.0,1.0,0.5,10.0,60.0,65.0,50.0,70.0,0,TIMEOUT,2026-07-07 06:15:00+00:00,-1.0,23.94,2.640094525403723,-3.640094525403723,TRAIN,0.27525878,0.6,False
SETUP_1025,2026-07-06 20:15:00+00:00,NZDUSD,BUY,0.5697,0.5689367857142857,0.5719896428571427,0.0007632142857142421,0.10999999999994348,20.0,1.0,0.6543713424366022,10.0,60.0,65.0,50.0,70.0,0,TIMEOUT,2026-07-07 06:15:00+00:00,-1.0,28.16,3.6896583996258547,-4.689658399625855,TRAIN,0.37772977,0.6,False
SETUP_1026,2026-07-06 20:30:00+00:00,NZDUSD,BUY,0.56989,0.5691192857142857,0.5722021428571429,0.0007707142857142912,0.1100000000000545,20.0,1.0,0.8737261852015951,10.0,60.0,65.0,50.0,70.0,0,TIMEOUT,2026-07-07 06:30:00+00:00,-1.0,28.44,3.690083410565312,-4.690083410565312,TRAIN,0.2741958,0.6,False
SETUP_0783,2026-07-06 21:30:00+00:00,GBPUSD,BUY,1.33902,1.3377264285714285,1.3429007142857148,0.0012935714285715605,0.24000000000001798,21.0,1.0,0.9662921348314607,10.0,60.0,65.0,50.0,70.0,0,TIMEOUT,2026-07-07 07:30:00+00:00,-1.0,22.51,1.7401435670898284,-2.740143567089828,TRAIN,0.19930291,0.6,False
SETUP_0528,2026-07-06 21:45:00+00:00,EURGBP,SELL,0.8542,0.8546325,0.8529024999999998,0.00043250000000005784,0.1,21.0,1.0,0.5274645325572935,10.0,60.0,65.0,50.0,70.0,0,TIMEOUT,2026-07-07 07:45:00+00:00,-1.0,19.98,4.619653179190134,-5.619653179190134,TRAIN,0.4115793,0.6,False
SETUP_0651,2026-07-06 21:45:00+00:00,EURUSD,BUY,1.1442,1.1433060714285714,1.1468817857142861,0.0008939285714286704,0.28999999999990145,21.0,1.0,0.5,10.0,60.0,65.0,50.0,70.0,0,TIMEOUT,2026-07-07 07:45:00+00:00,-1.0,19.53,2.1847383140229306,-3.1847383140229306,TRAIN,0.2557172,0.6,False
SETUP_1027,2026-07-06 21:45:00+00:00,NZDUSD,BUY,0.57026,0.5696839285714286,0.5719882142857142,0.0005760714285714119,0.19999999999997797,21.0,1.0,0.5433829973707275,10.0,60.0,65.0,50.0,70.0,0,SL,2026-07-07 00:00:00+00:00,-1.0,28.29,4.910849349039199,-5.910849349039199,TRAIN,0.27525878,0.6,False
SETUP_1175,2026-07-06 21:45:00+00:00,USDCAD,SELL,1.42075,1.4215317857142857,1.4184046428571426,0.0007817857142857765,0.180000000000069,21.0,1.0,0.8675199649928892,10.0,60.0,65.0,50.0,70.0,0,SL,2026-07-07 04:15:00+00:00,-1.0,28.82,3.6864321608037267,-4.686432160803727,TRAIN,0.21578324,0.6,False
SETUP_0007,2026-07-06 21:45:00+00:00,AUDUSD,BUY,0.69565,0.6949860714285715,0.6976417857142855,0.0006639285714284959,0.32999999999994145,21.0,1.0,0.5,10.0,60.0,65.0,50.0,70.0,0,SL,2026-07-06 23:45:00+00:00,-1.0,23.79,3.583216783217191,-4.583216783217191,TRAIN,0.2557172,0.6,False
SETUP_0784,2026-07-06 21:45:00+00:00,GBPUSD,BUY,1.33932,1.3378453571428572,1.3437439285714285,0.0014746428571428272,0.43999999999999595,21.0,1.0,0.7267540072825557,10.0,60.0,65.0,50.0,70.0,0,TIMEOUT,2026-07-07 07:45:00+00:00,-1.0,23.04,1.5624122063453938,-2.562412206345394,TRAIN,0.3571525,0.6,False
SETUP_1176,2026-07-07 00:00:00+00:00,USDCAD,SELL,1.42027,1.420985357142857,1.4181239285714287,0.0007153571428570871,0.19999999999997797,0.0,1.0,0.5,10.0,60.0,65.0,50.0,70.0,0,SL,2026-07-07 03:15:00+00:00,-1.0,85.55,11.9590614078891,-12.9590614078891,TRAIN,0.073021576,0.6,False
SETUP_1330,2026-07-07 00:00:00+00:00,USDCHF,SELL,0.80434,0.8054710714285713,0.8009467857142862,0.001131071428571273,0.18999999999991246,0.0,1.0,0.5,10.0,60.0,65.0,50.0,70.0,0,SL,2026-07-07 03:30:00+00:00,-1.0,141.22,12.485506788760794,-13.485506788760794,TRAIN,0.073021576,0.6,False
SETUP_0156,2026-07-07 00:15:00+00:00,BTCUSD,BUY,64209.0,63662.59285714286,65848.22142857141,546.4071428571406,100.0,0.0,1.0,1.294492489758762,100.0,60.0,65.0,50.0,70.0,0,SL,2026-07-07 05:15:00+00:00,-1.0,2250.0,0.04117808541511449,-1.0411780854151145,TRAIN,0.08662109,0.6,False
SETUP_0355,2026-07-07 00:15:00+00:00,ETHUSD,BUY,1811.55,1786.0614285714287,1888.0157142857138,25.488571428571277,100.0,0.0,1.0,1.3808811088696558,100.0,60.0,65.0,50.0,70.0,0,SL,2026-07-07 05:15:00+00:00,-1.0,346.11,0.0013579027014908724,-1.001357902701491,TRAIN,0.09308175,0.6,False
SETUP_1721,2026-07-07 00:15:00+00:00,XRPUSD,BUY,1.1499,1.1375892857142857,1.1868321428571424,0.012310714285714175,5.600000000000049,0.0,1.0,1.5371148459383752,28.00000000000025,60.0,65.0,50.0,70.0,0,SL,2026-07-07 04:30:00+00:00,-1.0,490.78,3.9866086451987592,-4.986608645198759,TRAIN,0.089186154,0.6,False
SETUP_0008,2026-07-07 01:15:00+00:00,AUDUSD,BUY,0.69552,0.6950278571428571,0.6969964285714288,0.0004921428571429409,0.1100000000000545,1.0,1.0,0.7411464037970062,10.0,60.0,65.0,50.0,70.0,0,SL,2026-07-07 03:45:00+00:00,-1.0,25.82,5.246444121914927,-6.246444121914927,TRAIN,0.46109056,0.6,False
SETUP_0785,2026-07-07 01:15:00+00:00,GBPUSD,BUY,1.3390900000000001,1.337798214285714,1.3429653571428581,0.001291785714286009,0.18999999999991246,1.0,1.0,0.5,10.0,60.0,65.0,50.0,70.0,0,SL,2026-07-07 09:00:00+00:00,-1.0,28.36,2.1954105612380945,-3.1954105612380945,TRAIN,0.2954485,0.6,False
SETUP_1028,2026-07-07 01:15:00+00:00,NZDUSD,BUY,0.5701,0.5691739285714286,0.5728782142857145,0.0009260714285714844,0.31000000000003247,1.0,1.0,0.5,10.0,60.0,65.0,50.0,70.0,0,SL,2026-07-07 08:00:00+00:00,-1.0,29.66,3.2027767065173545,-4.202776706517355,TRAIN,0.2954485,0.6,False
SETUP_0786,2026-07-07 01:45:00+00:00,GBPUSD,BUY,1.33952,1.3388407142857144,1.341557857142857,0.0006792857142856601,0.220000000000109,1.0,1.0,0.5,10.0,60.0,65.0,50.0,70.0,0,SL,2026-07-07 03:30:00+00:00,-1.0,26.29,3.8702418506837994,-4.870241850683799,TRAIN,0.2954485,0.6,False
SETUP_0529,2026-07-07 01:45:00+00:00,EURGBP,SELL,0.85421,0.8545114285714286,0.8533057142857143,0.0003014285714285636,0.10999999999994348,1.0,1.0,0.5,10.0,60.0,65.0,50.0,70.0,0,TIMEOUT,2026-07-07 11:45:00+00:00,-1.0,22.99,7.627014218009676,-8.627014218009677,TRAIN,0.4428832,0.6,False
SETUP_0787,2026-07-07 02:15:00+00:00,GBPUSD,BUY,1.33972,1.3391153571428571,1.3415339285714287,0.0006046428571429008,0.19999999999997797,2.0,1.0,0.5,10.0,60.0,65.0,50.0,70.0,0,SL,2026-07-07 03:15:00+00:00,-1.0,26.12,4.3199054932070124,-5.3199054932070124,TRAIN,0.6585166,0.6,True
SETUP_0009,2026-07-07 02:15:00+00:00,AUDUSD,BUY,0.69576,0.6953710714285715,0.6969267857142858,0.0003889285714285817,0.1,2.0,1.0,0.5010989010989011,10.0,60.0,65.0,50.0,70.0,0,SL,2026-07-07 02:45:00+00:00,-1.0,24.68,6.345638200183487,-7.345638200183487,TRAIN,0.6585166,0.6,True
SETUP_1331,2026-07-07 02:15:00+00:00,USDCHF,SELL,0.80468,0.8051042857142857,0.8034071428571427,0.0004242857142857659,0.140000000000029,2.0,1.0,0.6300072833211944,10.0,60.0,65.0,50.0,70.0,0,SL,2026-07-07 03:00:00+00:00,-1.0,27.97,6.592255892255091,-7.592255892255091,TRAIN,0.6585166,0.6,True
SETUP_1470,2026-07-07 02:45:00+00:00,USDJPY,BUY,162.082,161.97957142857143,162.38928571428568,0.1024285714285611,18.000000000000682,2.0,1.0,1.1850637251248415,90.00000000000341,60.0,65.0,50.0,70.0,0,SL,2026-07-07 04:30:00+00:00,-1.0,26.87,0.02623291492329414,-1.026232914923294,TRAIN,0.5115603,0.6,False
SETUP_1332,2026-07-07 03:00:00+00:00,USDCHF,BUY,0.80507,0.8044539285714285,0.8069182142857143,0.0006160714285714519,0.21000000000004349,3.0,1.0,3.2197373091941786,10.0,60.0,65.0,50.0,70.0,1,TP,2026-07-07 12:45:00+00:00,3.0,26.29,4.2673623188404175,-1.2673623188404175,TRAIN,0.5935433,0.6,False
SETUP_0926,2026-07-07 03:00:00+00:00,GOLD,SELL,4156.05,4167.074642857143,4122.976071428572,11.02464285714268,24.49999999999818,3.0,1.0,2.6060093101988997,100.0,60.0,65.0,50.0,70.0,1,TP,2026-07-07 08:00:00+00:00,3.0,29.98,0.027193624672001475,2.9728063753279987,TRAIN,0.5028206,0.6,False
SETUP_1603,2026-07-07 03:00:00+00:00,XAUUSD,SELL,4156.05,4167.074642857143,4122.976071428572,11.02464285714268,24.49999999999818,3.0,1.0,2.6060093101988997,100.0,60.0,65.0,50.0,70.0,1,TP,2026-07-07 08:00:00+00:00,3.0,29.98,0.027193624672001475,2.9728063753279987,TRAIN,0.5028206,0.6,False
SETUP_1471,2026-07-07 03:15:00+00:00,USDJPY,BUY,162.157,162.01725,162.57625000000007,0.1397500000000207,20.000000000010232,3.0,1.0,2.0777038851942597,100.0,60.0,65.0,50.0,70.0,0,SL,2026-07-07 04:15:00+00:00,-1.0,25.69,0.01838282647584701,-1.018382826475847,TRAIN,0.35245094,0.6,False
SETUP_1333,2026-07-07 03:30:00+00:00,USDCHF,BUY,0.80542,0.80481,0.80725,0.0006099999999999994,0.160000000000049,3.0,1.0,1.733442354865086,10.0,60.0,65.0,50.0,70.0,0,SL,2026-07-07 04:30:00+00:00,-1.0,25.68,4.209836065573774,-5.209836065573774,TRAIN,0.4336301,0.6,False
SETUP_0927,2026-07-07 04:15:00+00:00,GOLD,SELL,4132.57,4157.094999999999,4058.995000000001,24.524999999999636,22.899999999999636,4.0,1.0,2.1179246015116946,100.0,60.0,65.0,50.0,70.0,0,TIMEOUT,2026-07-07 14:15:00+00:00,-1.0,30.96,0.012623853211009364,-1.0126238532110095,TRAIN,0.35245094,0.6,False
SETUP_1604,2026-07-07 04:15:00+00:00,XAUUSD,SELL,4132.57,4157.094999999999,4058.995000000001,24.524999999999636,22.899999999999636,4.0,1.0,2.1179246015116946,100.0,60.0,65.0,50.0,70.0,0,TIMEOUT,2026-07-07 14:15:00+00:00,-1.0,30.96,0.012623853211009364,-1.0126238532110095,TRAIN,0.35245094,0.6,False
SETUP_0010,2026-07-07 04:30:00+00:00,AUDUSD,BUY,0.69515,0.6944239285714287,0.6973282142857142,0.0007260714285713954,0.10999999999994348,4.0,1.0,3.0882352941176467,10.0,60.0,65.0,50.0,70.0,0,SL,2026-07-07 06:45:00+00:00,-1.0,24.08,3.3164781111659165,-4.3164781111659165,TRAIN,0.47951496,0.6,False
SETUP_1472,2026-07-07 04:45:00+00:00,USDJPY,SELL,161.86,162.16128571428573,160.95614285714288,0.3012857142857115,46.999999999997044,4.0,1.0,2.767439442769519,100.0,60.0,65.0,50.0,70.0,0,TIMEOUT,2026-07-07 14:45:00+00:00,-1.0,26.69,0.00885870080606931,-1.0088587008060692,TRAIN,0.32760352,0.6,False
SETUP_0011,2026-07-07 04:45:00+00:00,AUDUSD,BUY,0.69554,0.69435,0.6991100000000001,0.0011900000000000244,0.17000000000000348,4.0,1.0,2.377511630208849,10.0,60.0,65.0,50.0,70.0,0,SL,2026-07-07 06:45:00+00:00,-1.0,24.05,2.021008403361303,-3.021008403361303,TRAIN,0.3533929,0.6,False
SETUP_1029,2026-07-07 04:45:00+00:00,NZDUSD,BUY,0.57022,0.5693860714285714,0.5727217857142854,0.0008339285714284994,0.1100000000000545,4.0,1.0,2.3865432377511855,10.0,60.0,65.0,50.0,70.0,0,SL,2026-07-07 07:45:00+00:00,-1.0,28.4,3.405567451820423,-4.405567451820422,TRAIN,0.3533929,0.6,False
SETUP_1722,2026-07-07 05:30:00+00:00,XRPUSD,SELL,1.1315,1.1416964285714286,1.100910714285714,0.010196428571428662,2.9999999999998916,5.0,1.0,1.0250626566416041,14.999999999999458,60.0,65.0,50.0,70.0,0,TIMEOUT,2026-07-07 15:30:00+00:00,-1.0,490.23,4.807859894921148,-5.807859894921148,TRAIN,0.5115603,0.6,False
SETUP_1723,2026-07-07 05:45:00+00:00,XRPUSD,SELL,1.1285,1.1408642857142857,1.0914071428571432,0.012364285714285606,1.5999999999998238,5.0,1.0,1.1042010407412108,10.0,60.0,65.0,50.0,70.0,0,TIMEOUT,2026-07-07 15:45:00+00:00,-1.0,490.53,3.967313691507834,-4.967313691507834,TRAIN,0.5115603,0.6,False
SETUP_1177,2026-07-07 06:45:00+00:00,USDCAD,BUY,1.42157,1.4208703571428574,1.423668928571428,0.000699642857142635,0.180000000000069,6.0,1.0,0.9954412973619312,10.0,60.0,65.0,50.0,70.0,0,SL,2026-07-07 11:45:00+00:00,-1.0,30.47,4.3550791220024045,-5.3550791220024045,TRAIN,0.53201956,0.6,False
SETUP_0012,2026-07-07 08:00:00+00:00,AUDUSD,SELL,0.69367,0.6947239285714286,0.6905082142857142,0.0010539285714286084,0.17999999999995797,8.0,1.0,0.748709657359617,10.0,60.0,65.0,50.0,70.0,0,SL,2026-07-07 14:00:00+00:00,-1.0,23.82,2.2601152151812154,-3.2601152151812154,TRAIN,0.72008353,0.6,True
SETUP_1334,2026-07-07 08:15:00+00:00,USDCHF,BUY,0.80612,0.8051478571428572,0.8090364285714282,0.0009721428571427548,0.1,8.0,1.0,1.068930283738112,10.0,60.0,65.0,50.0,70.0,0,TIMEOUT,2026-07-07 18:15:00+00:00,-1.0,25.32,2.604555473916512,-3.604555473916512,TRAIN,0.4970793,0.6,False
SETUP_1030,2026-07-07 08:15:00+00:00,NZDUSD,SELL,0.56869,0.5698217857142858,0.5652946428571428,0.001131785714285738,0.29000000000001247,8.0,1.0,1.0683315990287894,10.0,60.0,65.0,50.0,70.0,0,TIMEOUT,2026-07-07 18:15:00+00:00,-1.0,28.39,2.5084253707793738,-3.5084253707793738,TRAIN,0.4970793,0.6,False
SETUP_0157,2026-07-07 08:15:00+00:00,BTCUSD,SELL,62929.7,63250.88035714286,61966.158928571414,321.1803571428609,100.0,8.0,1.0,0.8097245368101167,100.0,60.0,65.0,50.0,70.0,0,SL,2026-07-07 09:30:00+00:00,-1.0,2250.0,0.07005409733071569,-1.0700540973307158,TRAIN,0.7241683,0.6,True
SETUP_0013,2026-07-07 08:15:00+00:00,AUDUSD,SELL,0.69358,0.6946603571428572,0.6903389285714282,0.0010803571428572578,0.31999999999998696,8.0,1.0,1.2292502314100586,10.0,60.0,65.0,50.0,70.0,0,SL,2026-07-07 14:00:00+00:00,-1.0,24.08,2.228892561983234,-3.228892561983234,TRAIN,0.46116835,0.6,False
SETUP_1335,2026-07-07 08:30:00+00:00,USDCHF,BUY,0.80619,0.8053275,0.8087774999999999,0.0008624999999999883,0.17000000000000348,8.0,1.0,1.116617624283723,10.0,60.0,65.0,50.0,70.0,0,SL,2026-07-07 15:15:00+00:00,-1.0,25.33,2.9368115942029385,-3.9368115942029385,TRAIN,0.4970793,0.6,False
SETUP_1473,2026-07-07 09:15:00+00:00,USDJPY,BUY,162.019,161.76089285714286,162.79332142857143,0.258107142857142,26.00000000001046,9.0,1.0,1.0478654592496766,100.0,60.0,65.0,50.0,70.0,0,SL,2026-07-07 10:15:00+00:00,-1.0,25.09,0.009720769337207726,-1.0097207693372077,TRAIN,0.4922089,0.6,False
SETUP_1474,2026-07-07 09:30:00+00:00,USDJPY,BUY,161.989,161.8056785714286,162.53896428571426,0.18332142857141775,26.999999999986812,9.0,1.0,0.936850632198077,100.0,60.0,65.0,50.0,70.0,0,SL,2026-07-07 10:15:00+00:00,-1.0,25.06,0.013669978570037822,-1.0136699785700378,TRAIN,0.5609315,0.6,False
SETUP_0356,2026-07-07 09:45:00+00:00,ETHUSD,BUY,1777.38,1761.8971428571429,1823.8285714285719,15.482857142857256,100.0,9.0,1.0,1.0339442754993013,100.0,60.0,65.0,50.0,70.0,0,SL,2026-07-07 17:00:00+00:00,-1.0,345.81,0.002233502491234529,-1.0022335024912346,TRAIN,0.48180863,0.6,False
SETUP_0158,2026-07-07 09:45:00+00:00,BTCUSD,BUY,63330.5,62951.68571428572,64466.94285714284,378.81428571428114,100.0,9.0,1.0,0.8911646148817954,100.0,60.0,65.0,50.0,70.0,0,SL,2026-07-07 17:00:00+00:00,-1.0,2250.0,0.059395859260098015,-1.059395859260098,TRAIN,0.5642967,0.6,False
SETUP_0357,2026-07-07 10:00:00+00:00,ETHUSD,BUY,1780.04,1764.8832142857143,1825.510357142857,15.156785714285661,100.0,10.0,1.0,0.9626106920301739,100.0,60.0,65.0,50.0,70.0,0,SL,2026-07-07 16:30:00+00:00,-1.0,345.71,0.002280892575225626,-1.0022808925752256,TRAIN,0.626165,0.6,True
SETUP_0530,2026-07-07 10:30:00+00:00,EURGBP,SELL,0.85388,0.8544142857142857,0.8522771428571428,0.0005342857142857094,0.1,10.0,1.0,1.3155528918189991,10.0,60.0,65.0,50.0,70.0,0,SL,2026-07-07 15:30:00+00:00,-1.0,20.01,3.745187165775436,-4.745187165775436,TRAIN,0.5573799,0.6,False
SETUP_1724,2026-07-07 10:45:00+00:00,XRPUSD,SELL,1.1243,1.134232142857143,1.0945035714285716,0.009932142857142834,2.0999999999999908,10.0,1.0,0.8192048012003,10.499999999999954,60.0,65.0,50.0,70.0,0,TIMEOUT,2026-07-07 20:45:00+00:00,-1.0,490.41,4.9376051779935395,-5.9376051779935395,TRAIN,0.8141842,0.6,True
SETUP_0928,2026-07-07 11:45:00+00:00,GOLD,SELL,4125.92,4142.665,4075.6850000000004,16.74499999999989,30.600000000004002,11.0,1.0,1.0160814236897866,100.0,60.0,65.0,50.0,70.0,0,SL,2026-07-07 14:15:00+00:00,-1.0,29.19,0.017432069274410385,-1.0174320692744103,TRAIN,0.63585776,0.6,True
SETUP_1605,2026-07-07 11:45:00+00:00,XAUUSD,SELL,4125.92,4142.665,4075.6850000000004,16.74499999999989,30.600000000004002,11.0,1.0,1.0160814236897866,100.0,60.0,65.0,50.0,70.0,0,SL,2026-07-07 14:15:00+00:00,-1.0,29.19,0.017432069274410385,-1.0174320692744103,TRAIN,0.63585776,0.6,True
SETUP_0531,2026-07-07 12:00:00+00:00,EURGBP,SELL,0.85334,0.8540685714285715,0.8511542857142854,0.0007285714285715228,0.31999999999998696,12.0,1.0,1.3445378151260505,10.0,60.0,65.0,50.0,70.0,0,SL,2026-07-07 13:00:00+00:00,-1.0,20.16,2.767058823529054,-3.767058823529054,TRAIN,0.6552176,0.6,True
SETUP_0652,2026-07-07 12:00:00+00:00,EURUSD,SELL,1.14259,1.1437167857142858,1.1392096428571425,0.0011267857142858162,0.18999999999991246,12.0,1.0,1.1362343572241183,10.0,60.0,65.0,50.0,70.0,0,SL,2026-07-07 14:15:00+00:00,-1.0,19.99,1.774072900158318,-2.774072900158318,TRAIN,0.70474344,0.6,True
SETUP_1336,2026-07-07 13:00:00+00:00,USDCHF,BUY,0.80691,0.8059678571428571,0.8097364285714287,0.0009421428571428914,0.29000000000001247,13.0,1.0,0.8115098609763983,10.0,60.0,65.0,50.0,70.0,0,SL,2026-07-07 14:15:00+00:00,-1.0,24.76,2.628051554207638,-3.628051554207638,TRAIN,0.76920813,0.6,True
SETUP_0358,2026-07-07 13:45:00+00:00,ETHUSD,SELL,1774.18,1784.5325,1743.1225000000002,10.352499999999964,100.0,13.0,1.0,0.7296452857930528,100.0,60.0,65.0,50.0,70.0,0,SL,2026-07-07 15:00:00+00:00,-1.0,345.29,0.0033353296305240403,-1.003335329630524,TRAIN,0.7186475,0.6,True
SETUP_0014,2026-07-07 14:15:00+00:00,AUDUSD,BUY,0.69488,0.6941792857142858,0.6969821428571429,0.0007007142857142767,0.12999999999996348,14.0,1.0,1.1211778029445074,10.0,60.0,65.0,50.0,70.0,0,SL,2026-07-07 16:45:00+00:00,-1.0,23.81,3.3979612640163532,-4.397961264016353,TRAIN,0.69564956,0.6,True
SETUP_1178,2026-07-07 14:45:00+00:00,USDCAD,BUY,1.42136,1.4199275,1.4256574999999998,0.0014324999999999477,0.24000000000001798,14.0,1.0,1.2024160696727069,10.0,60.0,65.0,50.0,70.0,0,SL,2026-07-07 17:30:00+00:00,-1.0,28.97,2.0223385689355013,-3.0223385689355013,TRAIN,0.6936439,0.6,True
SETUP_0929,2026-07-07 15:00:00+00:00,GOLD,BUY,4173.26,4135.270714285714,4287.227857142858,37.98928571428587,56.099999999996726,15.0,1.0,1.5759422401801682,100.0,60.0,65.0,50.0,70.0,0,SL,2026-07-07 21:45:00+00:00,-1.0,28.29,0.0074468365140546834,-1.0074468365140548,TRAIN,0.2859812,0.6,False
SETUP_1606,2026-07-07 15:00:00+00:00,XAUUSD,BUY,4173.26,4135.270714285714,4287.227857142858,37.98928571428587,56.099999999996726,15.0,1.0,1.5759422401801682,100.0,60.0,65.0,50.0,70.0,0,SL,2026-07-07 21:45:00+00:00,-1.0,28.29,0.0074468365140546834,-1.0074468365140548,TRAIN,0.2859812,0.6,False
SETUP_0159,2026-07-07 15:00:00+00:00,BTCUSD,BUY,63809.4,63041.78214285715,66112.25357142856,767.6178571428536,100.0,15.0,1.0,2.267156862745098,100.0,60.0,65.0,50.0,70.0,0,SL,2026-07-07 16:30:00+00:00,-1.0,2250.0,0.02931145985027906,-1.029311459850279,TRAIN,0.14882123,0.6,False
SETUP_0160,2026-07-07 15:15:00+00:00,BTCUSD,BUY,63701.7,63178.13214285715,65272.40357142855,523.5678571428507,100.0,15.0,1.0,1.33477114785526,100.0,60.0,65.0,50.0,70.0,0,SL,2026-07-07 16:15:00+00:00,-1.0,2250.0,0.04297437226720562,-1.0429743722672056,TRAIN,0.34289005,0.6,False
SETUP_0359,2026-07-07 15:15:00+00:00,ETHUSD,BUY,1789.46,1773.715357142857,1836.6939285714288,15.744642857142935,100.0,15.0,1.0,1.1997949068535292,100.0,60.0,65.0,50.0,70.0,0,SL,2026-07-07 16:00:00+00:00,-1.0,345.57,0.00219484178291935,-1.0021948417829194,TRAIN,0.46203664,0.6,False
SETUP_1607,2026-07-07 15:15:00+00:00,XAUUSD,BUY,4165.99,4142.651071428571,4236.006785714285,23.33892857142837,48.400000000001455,15.0,1.0,1.4499385947902528,100.0,60.0,65.0,50.0,70.0,0,SL,2026-07-07 18:15:00+00:00,-1.0,27.72,0.011877151907450867,-1.0118771519074508,TRAIN,0.21872596,0.6,False
SETUP_0930,2026-07-07 15:15:00+00:00,GOLD,BUY,4165.99,4142.651071428571,4236.006785714285,23.33892857142837,48.400000000001455,15.0,1.0,1.4499385947902528,100.0,60.0,65.0,50.0,70.0,0,SL,2026-07-07 18:15:00+00:00,-1.0,27.72,0.011877151907450867,-1.0118771519074508,TRAIN,0.21872596,0.6,False
SETUP_1475,2026-07-07 15:15:00+00:00,USDJPY,SELL,161.774,161.97382142857143,161.17453571428572,0.19982142857142549,26.00000000001046,15.0,1.0,1.0458093975548681,100.0,60.0,65.0,50.0,70.0,0,SL,2026-07-07 17:00:00+00:00,-1.0,25.92,0.012971581769437197,-1.0129715817694371,TRAIN,0.47283024,0.6,False
SETUP_0360,2026-07-07 16:15:00+00:00,ETHUSD,SELL,1770.06,1787.3903571428573,1718.068928571428,17.330357142857338,100.0,16.0,1.0,1.6314053575738074,100.0,60.0,65.0,50.0,70.0,0,SL,2026-07-07 17:45:00+00:00,-1.0,345.58,0.0019940731581658713,-1.0019940731581658,TRAIN,0.2626591,0.6,False
SETUP_0161,2026-07-07 16:15:00+00:00,BTCUSD,SELL,63106.8,63695.00357142857,61342.1892857143,588.2035714285666,100.0,16.0,1.0,1.642491002290326,100.0,60.0,65.0,50.0,70.0,0,SL,2026-07-07 18:15:00+00:00,-1.0,2250.0,0.038252062879105576,-1.0382520628791057,TRAIN,0.2626591,0.6,False
SETUP_1179,2026-07-07 16:30:00+00:00,USDCAD,SELL,1.42039,1.4227667857142858,1.4132596428571427,0.0023767857142857896,0.5500000000000504,16.0,1.0,1.9211337838724494,10.0,60.0,65.0,50.0,70.0,0,TIMEOUT,2026-07-08 02:30:00+00:00,-1.0,30.43,1.2803005259203202,-2.28030052592032,TRAIN,0.1927808,0.6,False
SETUP_1180,2026-07-07 16:45:00+00:00,USDCAD,SELL,1.42029,1.422515,1.4136150000000003,0.0022249999999999215,0.38999999999989043,16.0,1.0,1.619691365897207,10.0,60.0,65.0,50.0,70.0,0,TIMEOUT,2026-07-08 02:45:00+00:00,-1.0,30.03,1.3496629213483624,-2.3496629213483624,TRAIN,0.26328748,0.6,False
SETUP_1031,2026-07-07 17:00:00+00:00,NZDUSD,SELL,0.56838,0.5694364285714285,0.5652107142857145,0.0010564285714285138,0.14999999999998348,17.0,1.0,2.168071434532254,10.0,60.0,65.0,50.0,70.0,0,TIMEOUT,2026-07-08 03:00:00+00:00,-1.0,28.35,2.683569979716171,-3.683569979716171,TRAIN,0.27268714,0.6,False
SETUP_0788,2026-07-07 17:00:00+00:00,GBPUSD,SELL,1.3364500000000001,1.338977142857143,1.3288685714285713,0.00252714285714295,0.3099999999998104,17.0,1.0,1.975751536289653,10.0,60.0,65.0,50.0,70.0,0,TIMEOUT,2026-07-08 03:00:00+00:00,-1.0,23.55,0.9318824194459806,-1.9318824194459805,TRAIN,0.24486452,0.6,False
SETUP_0015,2026-07-07 17:00:00+00:00,AUDUSD,SELL,0.69357,0.69521,0.6886500000000001,0.0016399999999999748,0.2700000000001035,17.0,1.0,2.319492049221779,10.0,60.0,65.0,50.0,70.0,0,TIMEOUT,2026-07-08 03:00:00+00:00,-1.0,24.48,1.4926829268292914,-2.4926829268292914,TRAIN,0.18796389,0.6,False
SETUP_1725,2026-07-07 17:15:00+00:00,XRPUSD,SELL,1.112,1.127417857142857,1.0657464285714293,0.015417857142856928,2.2999999999999687,17.0,1.0,2.0167587126261663,11.499999999999844,60.0,65.0,50.0,70.0,0,SL,2026-07-07 18:30:00+00:00,-1.0,490.58,3.1818948343757683,-4.181894834375768,TRAIN,0.15126741,0.6,False
SETUP_0653,2026-07-07 17:15:00+00:00,EURUSD,SELL,1.14288,1.1444339285714284,1.1382182142857142,0.0015539285714285533,0.28999999999990145,17.0,1.0,1.4742683059514743,10.0,60.0,65.0,50.0,70.0,0,TIMEOUT,2026-07-08 03:15:00+00:00,-1.0,20.14,1.2960698689956485,-2.2960698689956485,TRAIN,0.26350433,0.6,False
SETUP_1181,2026-07-07 17:45:00+00:00,USDCAD,SELL,1.41937,1.420955,1.4146150000000002,0.0015849999999999476,0.5800000000000249,17.0,1.0,1.5068493150684932,10.0,60.0,65.0,50.0,70.0,0,TIMEOUT,2026-07-08 03:45:00+00:00,-1.0,29.54,1.8637223974764023,-2.863722397476402,TRAIN,0.28243527,0.6,False
SETUP_0361,2026-07-07 18:00:00+00:00,ETHUSD,BUY,1784.31,1754.1325,1874.8425,30.17750000000001,100.0,18.0,1.0,1.5121300149171704,100.0,60.0,65.0,50.0,70.0,0,TIMEOUT,2026-07-08 04:00:00+00:00,-1.0,345.88,0.0011461519343882029,-1.0011461519343883,TRAIN,0.19179054,0.6,False
SETUP_0162,2026-07-07 18:00:00+00:00,BTCUSD,BUY,63509.5,62501.264285714286,66534.20714285714,1008.2357142857145,100.0,18.0,1.0,1.4481869640755478,100.0,60.0,65.0,50.0,70.0,0,TIMEOUT,2026-07-08 04:00:00+00:00,-1.0,2250.0,0.02231621006992412,-1.0223162100699241,TRAIN,0.14227267,0.6,False
SETUP_0016,2026-07-07 18:15:00+00:00,AUDUSD,SELL,0.69352,0.6945482142857143,0.6904353571428571,0.0010282142857143128,0.17999999999995797,18.0,1.0,0.9530805252042972,10.0,60.0,65.0,50.0,70.0,0,TIMEOUT,2026-07-08 04:15:00+00:00,-1.0,24.2,2.353594998263224,-3.353594998263224,TRAIN,0.25705504,0.6,False
SETUP_0789,2026-07-07 22:00:00+00:00,GBPUSD,SELL,1.3351199999999999,1.3376092857142856,1.3276521428571426,0.0024892857142857494,0.6099999999999994,22.0,1.0,1.402002861230329,10.0,60.0,65.0,50.0,70.0,0,TIMEOUT,2026-07-08 08:00:00+00:00,-1.0,22.46,0.9022668579626846,-1.9022668579626845,TRAIN,0.10414873,0.6,False
SETUP_1726,2026-07-07 22:00:00+00:00,XRPUSD,SELL,1.114,1.1287500000000001,1.06975,0.01475000000000004,5.700000000000038,22.0,1.0,1.2109960728311318,28.500000000000192,60.0,65.0,50.0,70.0,0,TIMEOUT,2026-07-08 08:00:00+00:00,-1.0,490.56,3.325830508474567,-4.325830508474567,TRAIN,0.18574801,0.6,False
SETUP_0362,2026-07-07 22:00:00+00:00,ETHUSD,SELL,1778.21,1807.6082142857142,1690.0153571428575,29.398214285714175,100.0,22.0,1.0,1.188858453985984,100.0,60.0,65.0,50.0,70.0,0,TIMEOUT,2026-07-08 08:00:00+00:00,-1.0,345.91,0.001176636093057163,-1.0011766360930572,TRAIN,0.18717669,0.6,False
SETUP_0931,2026-07-07 22:00:00+00:00,GOLD,SELL,4105.71,4146.346071428572,3983.801785714284,40.636071428571995,83.90000000000327,22.0,1.0,1.392635331299842,100.0,60.0,65.0,50.0,70.0,0,TIMEOUT,2026-07-08 09:00:00+00:00,-1.0,30.29,0.007453968588780097,-1.00745396858878,TRAIN,0.1134107,0.6,False
SETUP_1476,2026-07-07 22:00:00+00:00,USDJPY,BUY,162.077,161.81982142857143,162.8485357142857,0.25717857142856815,28.999999999996362,22.0,1.0,1.5854582176218128,100.0,60.0,65.0,50.0,70.0,0,TIMEOUT,2026-07-08 08:00:00+00:00,-1.0,25.96,0.010094153589779328,-1.0100941535897794,TRAIN,0.15587577,0.6,False
SETUP_1032,2026-07-07 22:00:00+00:00,NZDUSD,SELL,0.56747,0.5690417857142858,0.5627546428571428,0.0015717857142857339,0.5100000000000104,22.0,1.0,1.1326227249655574,10.0,60.0,65.0,50.0,70.0,0,SL,2026-07-08 05:00:00+00:00,-1.0,28.28,1.7992274483071806,-2.799227448307181,TRAIN,0.19386321,0.6,False
SETUP_1337,2026-07-07 22:00:00+00:00,USDCHF,BUY,0.80836,0.8063503571428571,0.8143889285714286,0.0020096428571428904,0.6499999999999284,22.0,1.0,1.6898954703832751,10.0,60.0,65.0,50.0,70.0,0,SL,2026-07-08 00:00:00+00:00,-1.0,24.8,1.2340501155144634,-2.2340501155144636,TRAIN,0.1123362,0.6,False
SETUP_0654,2026-07-07 22:00:00+00:00,EURUSD,SELL,1.14108,1.1430192857142858,1.135262142857143,0.001939285714285699,0.6500000000000394,22.0,1.0,1.729613247136214,10.0,60.0,65.0,50.0,70.0,0,TIMEOUT,2026-07-08 08:00:00+00:00,-1.0,19.9,1.0261510128913525,-2.0261510128913525,TRAIN,0.1123362,0.6,False
SETUP_1608,2026-07-07 22:00:00+00:00,XAUUSD,SELL,4105.71,4146.346071428572,3983.801785714284,40.636071428571995,83.90000000000327,22.0,1.0,1.392635331299842,100.0,60.0,65.0,50.0,70.0,0,TIMEOUT,2026-07-08 09:00:00+00:00,-1.0,30.29,0.007453968588780097,-1.00745396858878,TRAIN,0.1134107,0.6,False
SETUP_0017,2026-07-07 22:00:00+00:00,AUDUSD,SELL,0.69234,0.6942225,0.6866924999999999,0.0018825000000000092,0.5299999999999194,22.0,1.0,1.7269855345563376,10.0,60.0,65.0,50.0,70.0,0,SL,2026-07-08 05:15:00+00:00,-1.0,24.15,1.282868525896408,-2.282868525896408,TRAIN,0.1123362,0.6,False
SETUP_1477,2026-07-07 22:15:00+00:00,USDJPY,BUY,162.084,161.81975,162.87675000000002,0.2642500000000041,94.99999999999886,22.0,1.0,1.7563840836646252,100.0,60.0,65.0,50.0,70.0,0,TIMEOUT,2026-07-08 08:15:00+00:00,-1.0,25.67,0.009714285714285564,-1.0097142857142856,TRAIN,0.12421702,0.6,False
SETUP_0790,2026-07-07 22:15:00+00:00,GBPUSD,SELL,1.3354300000000001,1.3374857142857144,1.3292628571428573,0.002055714285714272,0.34000000000000696,22.0,1.0,1.5048309178743962,10.0,60.0,65.0,50.0,70.0,0,TIMEOUT,2026-07-08 08:15:00+00:00,-1.0,22.48,1.0935371785962549,-2.0935371785962547,TRAIN,0.13132983,0.6,False
SETUP_1338,2026-07-07 22:15:00+00:00,USDCHF,BUY,0.80842,0.8063753571428571,0.8145539285714287,0.0020446428571428976,0.5399999999999849,22.0,1.0,1.5044307650679836,10.0,60.0,65.0,50.0,70.0,0,SL,2026-07-08 00:00:00+00:00,-1.0,24.84,1.214882096069845,-2.2148820960698448,TRAIN,0.10414873,0.6,False
SETUP_0018,2026-07-07 22:15:00+00:00,AUDUSD,SELL,0.69246,0.6941925,0.6872624999999999,0.0017325000000000257,0.5500000000000504,22.0,1.0,1.6993100378366348,10.0,60.0,65.0,50.0,70.0,0,SL,2026-07-08 05:15:00+00:00,-1.0,24.32,1.403751803751783,-2.403751803751783,TRAIN,0.1123362,0.6,False
SETUP_1033,2026-07-07 22:15:00+00:00,NZDUSD,SELL,0.56768,0.5690346428571429,0.5636160714285712,0.0013546428571429292,0.29000000000001247,22.0,1.0,1.268810858660372,10.0,60.0,65.0,50.0,70.0,0,SL,2026-07-08 05:00:00+00:00,-1.0,28.27,2.0868969153703083,-3.0868969153703083,TRAIN,0.14741024,0.6,False
SETUP_0655,2026-07-07 22:15:00+00:00,EURUSD,SELL,1.14116,1.1430235714285715,1.1355692857142854,0.00186357142857152,0.34000000000000696,22.0,1.0,1.6595313204146012,10.0,60.0,65.0,50.0,70.0,0,TIMEOUT,2026-07-08 08:15:00+00:00,-1.0,19.93,1.0694518972785985,-2.0694518972785985,TRAIN,0.18715627,0.6,False
SETUP_0932,2026-07-07 22:15:00+00:00,GOLD,SELL,4103.43,4146.6775,3973.687500000002,43.24749999999949,100.0,22.0,1.0,1.2868950325333433,100.0,60.0,65.0,50.0,70.0,0,TIMEOUT,2026-07-08 09:15:00+00:00,-1.0,29.7,0.006867448985490571,-1.0068674489854905,TRAIN,0.17463309,0.6,False
SETUP_1609,2026-07-07 22:15:00+00:00,XAUUSD,SELL,4103.43,4146.6775,3973.687500000002,43.24749999999949,100.0,22.0,1.0,1.2868950325333433,100.0,60.0,65.0,50.0,70.0,0,TIMEOUT,2026-07-08 09:15:00+00:00,-1.0,29.7,0.006867448985490571,-1.0068674489854905,TRAIN,0.17463309,0.6,False
SETUP_0363,2026-07-07 22:45:00+00:00,ETHUSD,BUY,1788.92,1767.7782142857143,1852.3453571428574,21.14178571428579,100.0,22.0,1.0,0.6423210766844157,100.0,60.0,65.0,50.0,70.0,0,SL,2026-07-08 01:00:00+00:00,-1.0,345.87,0.0016359545247225308,-1.0016359545247224,TRAIN,0.27580884,0.6,False
SETUP_0163,2026-07-07 22:45:00+00:00,BTCUSD,BUY,63814.5,63270.53571428571,65446.39285714287,543.9642857142899,100.0,22.0,1.0,0.7026641602385428,100.0,60.0,65.0,50.0,70.0,0,SL,2026-07-08 01:00:00+00:00,-1.0,2250.0,0.041363009651368604,-1.0413630096513686,TRAIN,0.27580884,0.6,False
SETUP_1034,2026-07-07 23:30:00+00:00,NZDUSD,SELL,0.56753,0.5682999999999999,0.5652200000000002,0.0007699999999999374,0.19000000000002348,23.0,1.0,0.5,10.0,60.0,65.0,50.0,70.0,0,SL,2026-07-08 03:45:00+00:00,-1.0,28.3,3.675324675324974,-4.675324675324974,TRAIN,0.26925144,0.6,False
SETUP_0019,2026-07-08 00:00:00+00:00,AUDUSD,SELL,0.69242,0.6931121428571428,0.6903435714285716,0.0006921428571428079,0.19000000000002348,0.0,1.0,0.7359180687637161,10.0,60.0,65.0,50.0,70.0,0,SL,2026-07-08 03:30:00+00:00,-1.0,155.92,22.52714138287054,-23.52714138287054,TRAIN,0.073021576,0.6,False
SETUP_0364,2026-07-08 00:30:00+00:00,ETHUSD,SELL,1773.77,1791.5935714285715,1720.2992857142854,17.82357142857154,100.0,0.0,1.0,0.7645082821730569,100.0,60.0,65.0,50.0,70.0,0,TIMEOUT,2026-07-08 10:30:00+00:00,-1.0,346.53,0.001944223139502252,-1.0019442231395022,TRAIN,0.20032677,0.6,False
SETUP_1727,2026-07-08 00:30:00+00:00,XRPUSD,SELL,1.1118999999999999,1.12145,1.0832499999999994,0.00955000000000017,1.9000000000000128,0.0,1.0,0.8635937987722401,10.0,60.0,65.0,50.0,70.0,0,TIMEOUT,2026-07-08 10:30:00+00:00,-1.0,490.88,5.1401047120417935,-6.1401047120417935,TRAIN,0.07288772,0.6,False
SETUP_1339,2026-07-08 01:15:00+00:00,USDCHF,BUY,0.80855,0.8074571428571429,0.8118285714285713,0.0010928571428571177,0.260000000000038,1.0,1.0,0.5,10.0,60.0,65.0,50.0,70.0,0,SL,2026-07-08 09:15:00+00:00,-1.0,31.31,2.864967320261504,-3.864967320261504,TRAIN,0.2954485,0.6,False
SETUP_1478,2026-07-08 02:15:00+00:00,USDJPY,BUY,162.272,162.11742857142858,162.73571428571424,0.15457142857141548,47.000000000025466,2.0,1.0,0.6803722593196277,100.0,60.0,65.0,50.0,70.0,0,SL,2026-07-08 09:30:00+00:00,-1.0,28.25,0.01827634011090728,-1.0182763401109072,TRAIN,0.63264567,0.6,True
SETUP_0365,2026-07-08 02:45:00+00:00,ETHUSD,SELL,1769.55,1782.3764285714285,1731.0707142857143,12.82642857142855,100.0,2.0,1.0,0.7044453912796478,100.0,60.0,65.0,50.0,70.0,0,SL,2026-07-08 03:30:00+00:00,-1.0,345.72,0.0026953722782201974,-1.0026953722782201,TRAIN,0.66307944,0.6,True
SETUP_0164,2026-07-08 02:45:00+00:00,BTCUSD,SELL,63352.7,63789.46428571428,62042.40714285714,436.7642857142855,100.0,2.0,1.0,0.7612456747404844,100.0,60.0,65.0,50.0,70.0,1,TP,2026-07-08 11:30:00+00:00,3.0,2250.0,0.05151520107282453,2.9484847989271756,TRAIN,0.7241683,0.6,True
SETUP_1728,2026-07-08 02:45:00+00:00,XRPUSD,SELL,1.1096,1.1185892857142856,1.0826321428571428,0.0089892857142857,1.9000000000000128,2.0,1.0,0.7668898356664637,10.0,60.0,65.0,50.0,70.0,1,TP,2026-07-08 11:15:00+00:00,3.0,490.58,5.457385776718324,-2.457385776718324,TRAIN,0.7214284,0.6,True
SETUP_0791,2026-07-08 03:00:00+00:00,GBPUSD,SELL,1.33472,1.3354867857142858,1.3324196428571422,0.0007667857142859003,0.180000000000069,3.0,1.0,2.6276431150077357,10.0,60.0,65.0,50.0,70.0,0,SL,2026-07-08 06:00:00+00:00,-1.0,24.91,3.248625989752356,-4.248625989752356,TRAIN,0.5721566,0.6,False
SETUP_1340,2026-07-08 03:00:00+00:00,USDCHF,BUY,0.80881,0.8080671428571429,0.8110385714285715,0.0007428571428571562,0.19000000000002348,3.0,1.0,2.6318359375,10.0,60.0,65.0,50.0,70.0,0,SL,2026-07-08 08:00:00+00:00,-1.0,25.59,3.4448076923076307,-4.444807692307631,TRAIN,0.5721566,0.6,False
SETUP_0532,2026-07-08 04:00:00+00:00,EURGBP,SELL,0.8542,0.8546078571428571,0.8529764285714284,0.000407857142857182,0.1100000000000545,4.0,1.0,1.3974922302004071,10.0,60.0,65.0,50.0,70.0,0,SL,2026-07-08 06:45:00+00:00,-1.0,19.5,4.781085814360312,-5.781085814360312,TRAIN,0.28226942,0.6,False
SETUP_1182,2026-07-08 04:30:00+00:00,USDCAD,BUY,1.42054,1.4196085714285713,1.4233342857142857,0.000931428571428583,0.25999999999992696,4.0,1.0,1.2814814814814814,10.0,60.0,65.0,50.0,70.0,0,SL,2026-07-08 05:15:00+00:00,-1.0,30.4,3.2638036809815545,-4.263803680981555,TRAIN,0.38155085,0.6,False
SETUP_0366,2026-07-08 04:30:00+00:00,ETHUSD,SELL,1757.37,1782.9246428571428,1680.7060714285712,25.55464285714288,100.0,4.0,1.0,2.3165288651496305,100.0,60.0,65.0,50.0,70.0,0,TIMEOUT,2026-07-08 14:30:00+00:00,-1.0,346.05,0.0013541570584042588,-1.0013541570584044,TRAIN,0.2524097,0.6,False
SETUP_1341,2026-07-08 04:30:00+00:00,USDCHF,BUY,0.80945,0.8084510714285714,0.8124467857142857,0.0009989285714285812,0.22999999999995246,4.0,1.0,1.201814058956916,10.0,60.0,65.0,50.0,70.0,0,SL,2026-07-08 05:30:00+00:00,-1.0,25.99,2.601787629603121,-3.601787629603121,TRAIN,0.5164274,0.6,False
SETUP_0656,2026-07-08 04:30:00+00:00,EURUSD,SELL,1.13987,1.1410335714285715,1.1363792857142851,0.001163571428571597,0.12999999999996348,4.0,1.0,1.7158870446216858,10.0,60.0,65.0,50.0,70.0,0,SL,2026-07-08 05:15:00+00:00,-1.0,20.28,1.7429097605890664,-2.7429097605890664,TRAIN,0.4336301,0.6,False
SETUP_1729,2026-07-08 04:45:00+00:00,XRPUSD,SELL,1.0966,1.1149678571428572,1.0414964285714285,0.018367857142857158,5.900000000000016,4.0,1.0,1.5591069903623276,29.50000000000008,60.0,65.0,50.0,70.0,0,TIMEOUT,2026-07-08 14:45:00+00:00,-1.0,490.68,2.67140579428349,-3.67140579428349,TRAIN,0.33760953,0.6,False
SETUP_0165,2026-07-08 04:45:00+00:00,BTCUSD,SELL,63025.6,63725.00357142858,60927.389285714264,699.4035714285783,100.0,4.0,1.0,1.3382682380442192,100.0,60.0,65.0,50.0,70.0,0,TIMEOUT,2026-07-08 14:45:00+00:00,-1.0,2250.0,0.0321702675238593,-1.0321702675238593,TRAIN,0.4369897,0.6,False
SETUP_0367,2026-07-08 04:45:00+00:00,ETHUSD,SELL,1754.27,1781.6789285714285,1672.0432142857144,27.408928571428532,100.0,4.0,1.0,1.4021625392396233,100.0,60.0,65.0,50.0,70.0,0,TIMEOUT,2026-07-08 14:45:00+00:00,-1.0,345.7,0.0012612678350381152,-1.001261267835038,TRAIN,0.25368088,0.6,False
SETUP_1183,2026-07-08 05:00:00+00:00,USDCAD,SELL,1.4199,1.4209246428571427,1.4168260714285716,0.0010246428571427657,0.34000000000000696,5.0,1.0,1.9229560736504745,10.0,60.0,65.0,50.0,70.0,1,TP,2026-07-08 10:15:00+00:00,3.0,30.98,3.0234925060999562,-0.023492506099956234,TRAIN,0.4336301,0.6,False
SETUP_1035,2026-07-08 05:15:00+00:00,NZDUSD,BUY,0.56987,0.5678646428571429,0.5758860714285713,0.0020053571428571004,0.7200000000000539,5.0,1.0,1.883674288006418,10.0,60.0,65.0,50.0,70.0,0,TIMEOUT,2026-07-08 15:15:00+00:00,-1.0,28.85,1.4386464826358276,-2.4386464826358276,TRAIN,0.29298744,0.6,False
SETUP_1184,2026-07-08 05:30:00+00:00,USDCAD,SELL,1.41936,1.4203564285714285,1.4163707142857143,0.0009964285714285648,0.17999999999984695,5.0,1.0,1.1475881101592595,10.0,60.0,65.0,50.0,70.0,1,TP,2026-07-08 10:30:00+00:00,3.0,31.07,3.118136200716867,-0.11813620071686692,TRAIN,0.5164274,0.6,False
SETUP_0020,2026-07-08 06:15:00+00:00,AUDUSD,BUY,0.69427,0.6934410714285714,0.6967567857142861,0.0008289285714286887,0.280000000000058,6.0,1.0,0.8820871922295008,10.0,60.0,65.0,50.0,70.0,0,SL,2026-07-08 09:45:00+00:00,-1.0,24.11,2.9085738905640004,-3.9085738905640004,TRAIN,0.5782705,0.6,False
SETUP_1730,2026-07-08 06:45:00+00:00,XRPUSD,SELL,1.093,1.1039607142857142,1.0601178571428573,0.010960714285714213,1.8000000000000238,6.0,1.0,0.9542612701546561,10.0,60.0,65.0,50.0,70.0,0,TIMEOUT,2026-07-08 16:45:00+00:00,-1.0,490.49,4.474982078853077,-5.474982078853077,TRAIN,0.5735118,0.6,False
SETUP_0368,2026-07-08 06:45:00+00:00,ETHUSD,SELL,1749.96,1766.1017857142856,1701.5346428571434,16.14178571428556,100.0,6.0,1.0,0.9956409122496682,100.0,60.0,65.0,50.0,70.0,0,TIMEOUT,2026-07-08 16:45:00+00:00,-1.0,345.72,0.0021417704714914916,-1.0021417704714914,TRAIN,0.5167784,0.6,False
SETUP_0021,2026-07-08 07:00:00+00:00,AUDUSD,SELL,0.69371,0.6945614285714286,0.6911557142857145,0.000851428571428503,0.19000000000002348,7.0,1.0,0.7375202975223928,10.0,60.0,65.0,50.0,70.0,1,TP,2026-07-08 11:15:00+00:00,3.0,24.12,2.832885906040496,0.16711409395950394,TRAIN,0.72008353,0.6,True
SETUP_1036,2026-07-08 07:30:00+00:00,NZDUSD,BUY,0.57087,0.5695067857142857,0.5749596428571428,0.001363214285714287,0.41000000000002146,7.0,1.0,0.8241317623835668,10.0,60.0,65.0,50.0,70.0,0,SL,2026-07-08 11:15:00+00:00,-1.0,28.37,2.0811108200157173,-3.0811108200157173,TRAIN,0.71142685,0.6,True
SETUP_1185,2026-07-08 08:15:00+00:00,USDCAD,SELL,1.41872,1.4196160714285715,1.4160317857142855,0.0008960714285715099,0.26999999999999247,8.0,1.0,0.6173139551839789,10.0,60.0,65.0,50.0,70.0,1,TP,2026-07-08 10:30:00+00:00,3.0,31.45,3.509764846552093,-0.509764846552093,TRAIN,0.6585166,0.6,True
SETUP_1731,2026-07-08 08:45:00+00:00,XRPUSD,SELL,1.0891,1.0955178571428572,1.0698464285714282,0.006417857142857253,1.2999999999998568,8.0,1.0,0.8068383196080475,10.0,60.0,65.0,50.0,70.0,1,TP,2026-07-08 18:00:00+00:00,3.0,490.38,7.640868113522408,-4.640868113522408,TRAIN,0.7214284,0.6,True
SETUP_0533,2026-07-08 08:45:00+00:00,EURGBP,BUY,0.85489,0.8545967857142858,0.8557696428571429,0.00029321428571427166,0.1,8.0,1.0,1.0776650590387495,10.0,60.0,65.0,50.0,70.0,0,SL,2026-07-08 09:15:00+00:00,-1.0,19.54,6.664068209500928,-7.664068209500928,TRAIN,0.4970793,0.6,False
SETUP_1186,2026-07-08 09:30:00+00:00,USDCAD,SELL,1.41746,1.4187167857142857,1.4136896428571426,0.0012567857142857797,0.26999999999999247,9.0,1.0,1.4196536447845347,10.0,60.0,65.0,50.0,70.0,0,SL,2026-07-08 14:30:00+00:00,-1.0,30.65,2.4387610116509104,-3.4387610116509104,TRAIN,0.26685295,0.6,False
SETUP_0657,2026-07-08 10:30:00+00:00,EURUSD,BUY,1.1428099999999999,1.1414489285714284,1.1468932142857142,0.0013610714285714476,0.34000000000000696,10.0,1.0,1.509933774834437,10.0,60.0,65.0,50.0,70.0,0,SL,2026-07-08 11:15:00+00:00,-1.0,20.01,1.4701653109419897,-2.4701653109419897,TRAIN,0.69253427,0.6,True
SETUP_1187,2026-07-08 10:30:00+00:00,USDCAD,SELL,1.41639,1.4182067857142857,1.410939642857143,0.0018167857142856736,0.6500000000000394,10.0,1.0,1.296221458880582,10.0,60.0,65.0,50.0,70.0,0,SL,2026-07-08 14:30:00+00:00,-1.0,30.64,1.6864949872223693,-2.6864949872223693,TRAIN,0.5688465,0.6,False
SETUP_1188,2026-07-08 10:45:00+00:00,USDCAD,SELL,1.4161299999999999,1.4179857142857144,1.4105628571428563,0.001855714285714516,0.2500000000000835,10.0,1.0,0.9025361770786063,10.0,60.0,65.0,50.0,70.0,0,SL,2026-07-08 14:30:00+00:00,-1.0,30.45,1.6408775981522215,-2.6408775981522217,TRAIN,0.76842034,0.6,True
SETUP_1037,2026-07-08 10:45:00+00:00,NZDUSD,BUY,0.57162,0.5703278571428572,0.5754964285714286,0.0012921428571428528,0.36000000000002697,10.0,1.0,1.2449200758602004,10.0,60.0,65.0,50.0,70.0,0,SL,2026-07-08 11:15:00+00:00,-1.0,28.13,2.17700386954119,-3.17700386954119,TRAIN,0.7904245,0.6,True
SETUP_1479,2026-07-08 11:15:00+00:00,USDJPY,BUY,162.375,162.14114285714285,163.07657142857144,0.23385714285714698,52.99999999999727,11.0,1.0,2.600582318687136,100.0,60.0,65.0,50.0,70.0,0,TIMEOUT,2026-07-08 21:15:00+00:00,-1.0,25.98,0.011109346365302187,-1.0111093463653023,TRAIN,0.30908203,0.6,False
SETUP_0166,2026-07-08 11:30:00+00:00,BTCUSD,SELL,62032.1,63036.56428571429,59018.70714285713,1004.4642857142899,100.0,11.0,1.0,2.408232720200956,100.0,60.0,65.0,50.0,70.0,0,TIMEOUT,2026-07-08 21:30:00+00:00,-1.0,2250.0,0.022399999999999906,-1.0224,TRAIN,0.34141445,0.6,False
SETUP_0792,2026-07-08 11:30:00+00:00,GBPUSD,SELL,1.33444,1.3373539285714287,1.3256982142857143,0.002913928571428581,1.020000000000021,11.0,1.0,1.766558089033659,10.0,60.0,65.0,50.0,70.0,0,SL,2026-07-08 16:30:00+00:00,-1.0,23.19,0.795832822649832,-1.7958328226498321,TRAIN,0.5424934,0.6,False
SETUP_1732,2026-07-08 11:30:00+00:00,XRPUSD,SELL,1.0784,1.0949642857142856,1.0287071428571433,0.016564285714285587,11.200000000000099,11.0,1.0,2.171759648630969,56.0000000000005,60.0,65.0,50.0,70.0,0,TIMEOUT,2026-07-08 21:30:00+00:00,-1.0,490.66,2.9621561017680267,-3.9621561017680267,TRAIN,0.58651876,0.6,False
SETUP_0369,2026-07-08 11:30:00+00:00,ETHUSD,SELL,1731.67,1760.7910714285715,1644.3067857142858,29.12107142857144,100.0,11.0,1.0,2.5411217669282187,100.0,60.0,65.0,50.0,70.0,0,TIMEOUT,2026-07-08 21:30:00+00:00,-1.0,345.85,0.0011876280062301473,-1.0011876280062302,TRAIN,0.34141445,0.6,False
SETUP_0022,2026-07-08 11:30:00+00:00,AUDUSD,SELL,0.69156,0.6941682142857143,0.6837353571428569,0.0026082142857143387,0.8599999999999719,11.0,1.0,2.227188396019565,10.0,60.0,65.0,50.0,70.0,0,TIMEOUT,2026-07-08 21:30:00+00:00,-1.0,24.29,0.9312885115705686,-1.9312885115705685,TRAIN,0.45841673,0.6,False
SETUP_0933,2026-07-08 11:30:00+00:00,GOLD,SELL,4065.63,4126.875000000001,3881.8949999999977,61.2450000000008,100.0,11.0,1.0,1.593617122927715,100.0,60.0,65.0,50.0,70.0,0,TIMEOUT,2026-07-08 21:30:00+00:00,-1.0,31.41,0.00512858192505504,-1.005128581925055,TRAIN,0.4207015,0.6,False
SETUP_1610,2026-07-08 11:30:00+00:00,XAUUSD,SELL,4065.63,4126.875000000001,3881.8949999999977,61.2450000000008,100.0,11.0,1.0,1.593617122927715,100.0,60.0,65.0,50.0,70.0,0,TIMEOUT,2026-07-08 21:30:00+00:00,-1.0,31.41,0.00512858192505504,-1.005128581925055,TRAIN,0.4207015,0.6,False
SETUP_0658,2026-07-08 11:30:00+00:00,EURUSD,SELL,1.1409,1.143025,1.1345250000000002,0.0021249999999999325,0.5599999999998939,11.0,1.0,2.3617628561753183,10.0,60.0,65.0,50.0,70.0,0,TIMEOUT,2026-07-08 21:30:00+00:00,-1.0,20.19,0.9501176470588539,-1.950117647058854,TRAIN,0.45841673,0.6,False
SETUP_1480,2026-07-08 11:30:00+00:00,USDJPY,BUY,162.421,162.1515,163.22949999999997,0.26949999999999363,33.00000000001546,11.0,1.0,1.5637550200803214,100.0,60.0,65.0,50.0,70.0,0,TIMEOUT,2026-07-08 21:30:00+00:00,-1.0,25.78,0.009565862708720079,-1.00956586270872,TRAIN,0.3918444,0.6,False
SETUP_0934,2026-07-08 11:45:00+00:00,GOLD,SELL,4056.75,4127.035714285715,3845.892857142856,70.28571428571468,48.60000000000127,11.0,1.0,1.5048938134810712,100.0,60.0,65.0,50.0,70.0,0,TIMEOUT,2026-07-08 21:45:00+00:00,-1.0,30.54,0.004345121951219488,-1.0043451219512194,TRAIN,0.3918444,0.6,False
SETUP_1611,2026-07-08 11:45:00+00:00,XAUUSD,SELL,4056.75,4127.035714285715,3845.892857142856,70.28571428571468,48.60000000000127,11.0,1.0,1.5048938134810712,100.0,60.0,65.0,50.0,70.0,0,TIMEOUT,2026-07-08 21:45:00+00:00,-1.0,30.54,0.004345121951219488,-1.0043451219512194,TRAIN,0.3918444,0.6,False
SETUP_0935,2026-07-08 12:00:00+00:00,GOLD,SELL,4055.86,4097.9914285714285,3929.465714285715,42.13142857142839,38.80000000000109,12.0,1.0,1.294110276810725,100.0,60.0,65.0,50.0,70.0,0,TIMEOUT,2026-07-08 22:00:00+00:00,-1.0,30.98,0.007353180523531838,-1.0073531805235318,TRAIN,0.4147962,0.6,False
SETUP_1612,2026-07-08 12:00:00+00:00,XAUUSD,SELL,4055.86,4097.9914285714285,3929.465714285715,42.13142857142839,38.80000000000109,12.0,1.0,1.294110276810725,100.0,60.0,65.0,50.0,70.0,0,TIMEOUT,2026-07-08 22:00:00+00:00,-1.0,30.98,0.007353180523531838,-1.0073531805235318,TRAIN,0.4147962,0.6,False
SETUP_0534,2026-07-08 13:00:00+00:00,EURGBP,SELL,0.8545,0.8554682142857143,0.8515953571428573,0.0009682142857142528,0.17000000000000348,13.0,1.0,0.7942065892089767,10.0,60.0,65.0,50.0,70.0,0,TIMEOUT,2026-07-08 23:00:00+00:00,-1.0,19.21,1.9840649206935386,-2.9840649206935383,TRAIN,0.76920813,0.6,True
SETUP_1481,2026-07-08 14:00:00+00:00,USDJPY,BUY,162.462,162.3499285714286,162.79821428571418,0.11207142857139729,28.00000000002001,14.0,1.0,0.5327738882248189,100.0,60.0,65.0,50.0,70.0,0,TIMEOUT,2026-07-09 00:00:00+00:00,-1.0,24.93,0.02224474187381118,-1.0222447418738112,TRAIN,0.7186354,0.6,True
SETUP_0535,2026-07-08 14:15:00+00:00,EURGBP,BUY,0.85498,0.8542014285714286,0.8573157142857142,0.0007785714285714063,0.14999999999998348,14.0,1.0,0.5809557916517448,10.0,60.0,65.0,50.0,70.0,0,SL,2026-07-08 15:00:00+00:00,-1.0,19.27,2.475045871559704,-3.475045871559704,TRAIN,0.714157,0.6,True
SETUP_1038,2026-07-08 15:15:00+00:00,NZDUSD,BUY,0.56997,0.5684857142857143,0.5744228571428571,0.0014842857142857158,0.28999999999990145,15.0,1.0,0.8325639949643306,10.0,60.0,65.0,50.0,70.0,0,SL,2026-07-08 18:30:00+00:00,-1.0,28.31,1.9073147256977845,-2.9073147256977845,TRAIN,0.5367405,0.6,False
SETUP_0167,2026-07-08 15:45:00+00:00,BTCUSD,SELL,61947.7,62448.764285714286,60444.50714285713,501.0642857142884,100.0,15.0,1.0,0.7622478386167147,100.0,60.0,65.0,50.0,70.0,0,TIMEOUT,2026-07-09 01:45:00+00:00,-1.0,2250.0,0.04490441773938307,-1.0449044177393831,TRAIN,0.5582331,0.6,False
SETUP_0168,2026-07-08 16:00:00+00:00,BTCUSD,SELL,61913.2,62373.22857142857,60533.114285714284,460.028571428571,100.0,16.0,1.0,0.918418597976609,100.0,60.0,65.0,50.0,70.0,0,SL,2026-07-08 20:30:00+00:00,-1.0,2250.0,0.04891000558971497,-1.048910005589715,TRAIN,0.49552616,0.6,False
SETUP_0536,2026-07-08 16:30:00+00:00,EURGBP,SELL,0.85325,0.8543692857142857,0.8498921428571427,0.001119285714285767,0.49000000000010147,16.0,1.0,1.4966039503474118,10.0,60.0,65.0,50.0,70.0,0,TIMEOUT,2026-07-09 02:30:00+00:00,-1.0,19.35,1.7287811104019608,-2.728781110401961,TRAIN,0.21576193,0.6,False
SETUP_0793,2026-07-08 16:30:00+00:00,GBPUSD,BUY,1.33715,1.33334,1.3485800000000003,0.003810000000000091,0.9300000000000974,16.0,1.0,1.3789700894233734,10.0,60.0,65.0,50.0,70.0,0,TIMEOUT,2026-07-09 02:30:00+00:00,-1.0,22.03,0.578215223097099,-1.5782152230970992,TRAIN,0.3905117,0.6,False
SETUP_1189,2026-07-08 16:30:00+00:00,USDCAD,SELL,1.41716,1.418955,1.411775,0.001794999999999991,0.42999999999993044,16.0,1.0,1.6325843075160866,10.0,60.0,65.0,50.0,70.0,0,SL,2026-07-08 18:30:00+00:00,-1.0,28.58,1.592200557103072,-2.592200557103072,TRAIN,0.26328748,0.6,False
SETUP_1190,2026-07-08 17:30:00+00:00,USDCAD,SELL,1.4167100000000001,1.4178528571428572,1.4132814285714288,0.0011428571428571122,0.26999999999999247,17.0,1.0,1.3138879681803115,10.0,60.0,65.0,50.0,70.0,0,SL,2026-07-08 18:15:00+00:00,-1.0,28.8,2.520000000000068,-3.520000000000068,TRAIN,0.2989381,0.6,False
SETUP_1613,2026-07-08 17:45:00+00:00,XAUUSD,SELL,4040.84,4072.685357142857,3945.30392857143,31.845357142856756,51.19999999999891,17.0,1.0,1.1364025074919875,100.0,60.0,65.0,50.0,70.0,0,SL,2026-07-08 20:15:00+00:00,-1.0,29.16,0.009156750815884913,-1.009156750815885,TRAIN,0.45116946,0.6,False
SETUP_0936,2026-07-08 17:45:00+00:00,GOLD,SELL,4040.84,4072.685357142857,3945.30392857143,31.845357142856756,51.19999999999891,17.0,1.0,1.1364025074919875,100.0,60.0,65.0,50.0,70.0,0,SL,2026-07-08 20:15:00+00:00,-1.0,29.16,0.009156750815884913,-1.009156750815885,TRAIN,0.45116946,0.6,False
SETUP_1482,2026-07-08 18:15:00+00:00,USDJPY,BUY,162.65,162.52685714285715,163.01942857142856,0.12314285714285234,20.000000000010232,18.0,1.0,0.8588393907231577,100.0,60.0,65.0,50.0,70.0,0,SL,2026-07-08 19:30:00+00:00,-1.0,23.93,0.019432714617170135,-1.0194327146171702,TRAIN,0.2424058,0.6,False
SETUP_1191,2026-07-08 18:30:00+00:00,USDCAD,BUY,1.41936,1.4163035714285714,1.4285292857142855,0.0030564285714285155,0.45999999999990493,18.0,1.0,1.0635617953365488,10.0,60.0,65.0,50.0,70.0,0,SL,2026-07-08 22:00:00+00:00,-1.0,28.47,0.9314793175975866,-1.9314793175975866,TRAIN,0.23763305,0.6,False
SETUP_0023,2026-07-08 18:30:00+00:00,AUDUSD,SELL,0.69069,0.6925192857142857,0.6852021428571431,0.0018292857142856445,0.31999999999998696,18.0,1.0,1.2333193704745378,10.0,60.0,65.0,50.0,70.0,0,SL,2026-07-08 19:45:00+00:00,-1.0,23.52,1.285747754783337,-2.285747754783337,TRAIN,0.2045146,0.6,False
SETUP_1342,2026-07-08 18:30:00+00:00,USDCHF,BUY,0.81058,0.8083557142857143,0.817252857142857,0.0022242857142856787,0.19999999999997797,18.0,1.0,1.1325474737520371,10.0,60.0,65.0,50.0,70.0,0,SL,2026-07-08 20:00:00+00:00,-1.0,24.14,1.0852922286448474,-2.0852922286448474,TRAIN,0.25705504,0.6,False
SETUP_0659,2026-07-08 18:45:00+00:00,EURUSD,SELL,1.1394199999999999,1.1406142857142858,1.135837142857142,0.0011942857142859253,0.220000000000109,18.0,1.0,0.836197778952935,10.0,60.0,65.0,50.0,70.0,0,SL,2026-07-08 19:30:00+00:00,-1.0,19.68,1.6478468899518621,-2.647846889951862,TRAIN,0.37133235,0.6,False
SETUP_0537,2026-07-08 18:45:00+00:00,EURGBP,SELL,0.85281,0.8536292857142856,0.8503521428571429,0.0008192857142856891,0.14999999999998348,18.0,1.0,1.0050211831162719,10.0,60.0,65.0,50.0,70.0,0,TIMEOUT,2026-07-09 04:45:00+00:00,-1.0,19.26,2.3508282476025135,-3.3508282476025135,TRAIN,0.25705504,0.6,False
SETUP_1343,2026-07-08 18:45:00+00:00,USDCHF,BUY,0.81043,0.808975,0.8147949999999999,0.001454999999999984,0.5499999999999394,18.0,1.0,0.7136923193112303,10.0,60.0,65.0,50.0,70.0,0,SL,2026-07-08 19:30:00+00:00,-1.0,24.44,1.6797250859106716,-2.679725085910672,TRAIN,0.32795635,0.6,False
SETUP_0794,2026-07-08 19:30:00+00:00,GBPUSD,BUY,1.3382800000000001,1.3353707142857143,1.3470078571428576,0.0029092857142858364,0.45000000000006146,19.0,1.0,1.0308890477444599,10.0,60.0,65.0,50.0,70.0,0,TIMEOUT,2026-07-09 05:30:00+00:00,-1.0,22.43,0.7709796219002869,-1.770979621900287,TRAIN,0.19864577,0.6,False
SETUP_1192,2026-07-08 19:30:00+00:00,USDCAD,SELL,1.41695,1.4192442857142857,1.4100671428571425,0.002294285714285804,0.26999999999999247,19.0,1.0,1.2695911533807929,10.0,60.0,65.0,50.0,70.0,0,TIMEOUT,2026-07-09 05:30:00+00:00,-1.0,28.63,1.2478829389787804,-2.2478829389787807,TRAIN,0.15126184,0.6,False
SETUP_1039,2026-07-08 19:45:00+00:00,NZDUSD,BUY,0.56949,0.56803,0.5738700000000001,0.0014600000000000168,0.6300000000000194,19.0,1.0,0.7136314067611778,10.0,60.0,65.0,50.0,70.0,0,TIMEOUT,2026-07-09 05:45:00+00:00,-1.0,28.14,1.9273972602739504,-2.9273972602739504,TRAIN,0.3059407,0.6,False
SETUP_0795,2026-07-08 19:45:00+00:00,GBPUSD,BUY,1.33836,1.335735357142857,1.346233928571429,0.0026246428571430336,0.7199999999998319,19.0,1.0,0.8171634706664135,10.0,60.0,65.0,50.0,70.0,0,TIMEOUT,2026-07-09 05:45:00+00:00,-1.0,22.16,0.8443053476662924,-1.8443053476662925,TRAIN,0.33911705,0.6,False
SETUP_0024,2026-07-08 20:15:00+00:00,AUDUSD,BUY,0.69354,0.6920139285714286,0.6981182142857143,0.0015260714285714183,0.45999999999990493,20.0,1.0,0.6367748954933288,10.0,60.0,65.0,50.0,70.0,0,TIMEOUT,2026-07-09 06:15:00+00:00,-1.0,24.35,1.595600280833149,-2.595600280833149,TRAIN,0.2483649,0.6,False
SETUP_1040,2026-07-08 20:15:00+00:00,NZDUSD,BUY,0.57036,0.5690903571428572,0.5741689285714284,0.0012696428571428164,0.37999999999993594,20.0,1.0,0.8340305605706988,10.0,60.0,65.0,50.0,70.0,0,SL,2026-07-09 00:15:00+00:00,-1.0,28.28,2.2273980309424064,-3.2273980309424064,TRAIN,0.3571525,0.6,False
SETUP_0538,2026-07-08 20:15:00+00:00,EURGBP,SELL,0.85223,0.8529564285714285,0.8500507142857147,0.0007264285714284613,0.19999999999997797,20.0,1.0,0.8769091124353763,10.0,60.0,65.0,50.0,70.0,0,SL,2026-07-09 04:15:00+00:00,-1.0,19.34,2.6623402163229213,-3.6623402163229213,TRAIN,0.21578324,0.6,False
SETUP_0796,2026-07-08 20:15:00+00:00,GBPUSD,BUY,1.34048,1.3374875,1.3494574999999998,0.0029924999999999535,1.3499999999999623,20.0,1.0,0.8492772516391243,10.0,60.0,65.0,50.0,70.0,0,TIMEOUT,2026-07-09 06:15:00+00:00,-1.0,23.32,0.7792815371762862,-1.7792815371762862,TRAIN,0.35292974,0.6,False
SETUP_0660,2026-07-08 20:15:00+00:00,EURUSD,BUY,1.14252,1.1406017857142856,1.148274642857143,0.0019182142857143702,0.5999999999999339,20.0,1.0,0.7887435592548554,10.0,60.0,65.0,50.0,70.0,0,TIMEOUT,2026-07-09 06:15:00+00:00,-1.0,19.79,1.0316886985663294,-2.031688698566329,TRAIN,0.33911705,0.6,False
SETUP_1483,2026-07-08 20:45:00+00:00,USDJPY,BUY,162.52,162.37703571428574,162.94889285714282,0.142964285714271,33.999999999991815,20.0,1.0,0.5328519406143982,100.0,60.0,65.0,50.0,70.0,0,SL,2026-07-09 03:00:00+00:00,-1.0,24.75,0.017312015988010777,-1.0173120159880107,TRAIN,0.25220022,0.6,False
SETUP_1193,2026-07-08 21:15:00+00:00,USDCAD,SELL,1.4167100000000001,1.4177975,1.4134475000000004,0.001087499999999908,0.38999999999989043,21.0,1.0,0.6006058487708261,10.0,60.0,65.0,50.0,70.0,0,TIMEOUT,2026-07-09 07:15:00+00:00,-1.0,28.85,2.652873563218616,-3.652873563218616,TRAIN,0.26349822,0.6,False
SETUP_0661,2026-07-08 21:15:00+00:00,EURUSD,BUY,1.14249,1.1413864285714286,1.1458007142857143,0.001103571428571426,0.280000000000058,21.0,1.0,0.5035497328551563,10.0,60.0,65.0,50.0,70.0,0,SL,2026-07-08 23:45:00+00:00,-1.0,19.72,1.7869255663430461,-2.7869255663430463,TRAIN,0.2557172,0.6,False
SETUP_1041,2026-07-08 21:15:00+00:00,NZDUSD,BUY,0.5705,0.569565,0.5733050000000001,0.0009350000000000191,0.17999999999995797,21.0,1.0,0.5889724310776941,10.0,60.0,65.0,50.0,70.0,0,SL,2026-07-08 23:45:00+00:00,-1.0,28.43,3.0406417112298842,-4.040641711229885,TRAIN,0.27525878,0.6,False
SETUP_0025,2026-07-08 21:15:00+00:00,AUDUSD,BUY,0.69354,0.6924839285714286,0.6967082142857144,0.0010560714285714479,0.20999999999993246,21.0,1.0,0.5034749034749034,10.0,60.0,65.0,50.0,70.0,0,SL,2026-07-09 00:00:00+00:00,-1.0,24.53,2.322759553601581,-3.322759553601581,TRAIN,0.33404183,0.6,False
SETUP_1344,2026-07-08 23:00:00+00:00,USDCHF,BUY,0.8079,0.8068810714285715,0.8109567857142854,0.0010189285714284901,0.21000000000004349,23.0,1.0,0.5,10.0,60.0,65.0,50.0,70.0,0,SL,2026-07-09 06:30:00+00:00,-1.0,25.28,2.4810375043815514,-3.4810375043815514,TRAIN,0.327331,0.6,False
SETUP_0026,2026-07-08 23:30:00+00:00,AUDUSD,SELL,0.69294,0.6938582142857143,0.6901853571428572,0.0009182142857142583,0.21999999999999797,23.0,1.0,0.5,10.0,60.0,65.0,50.0,70.0,0,SL,2026-07-09 03:00:00+00:00,-1.0,24.68,2.687825748735981,-3.687825748735981,TRAIN,0.24998921,0.6,False
SETUP_0662,2026-07-08 23:30:00+00:00,EURUSD,SELL,1.14154,1.142937857142857,1.137346428571429,0.0013978571428570064,0.42000000000008697,23.0,1.0,0.5057262728200477,10.0,60.0,65.0,50.0,70.0,0,SL,2026-07-09 08:00:00+00:00,-1.0,20.23,1.447215125191761,-2.447215125191761,TRAIN,0.2576563,0.6,False
SETUP_1345,2026-07-08 23:30:00+00:00,USDCHF,BUY,0.80841,0.80742,0.8113799999999998,0.0009899999999999354,0.2700000000001035,23.0,1.0,0.5,10.0,60.0,65.0,50.0,70.0,0,SL,2026-07-08 23:45:00+00:00,-1.0,25.72,2.5979797979799675,-3.5979797979799675,TRAIN,0.24998921,0.6,False
SETUP_1484,2026-07-08 23:45:00+00:00,USDJPY,BUY,162.56,162.47535714285715,162.81392857142856,0.08464285714285325,21.99999999999136,23.0,1.0,0.7564271588661833,100.0,60.0,65.0,50.0,70.0,0,SL,2026-07-09 00:00:00+00:00,-1.0,30.31,0.035809282700423585,-1.0358092827004235,TRAIN,0.35664597,0.6,False
SETUP_0027,2026-07-08 23:45:00+00:00,AUDUSD,SELL,0.69284,0.6935910714285713,0.690586785714286,0.0007510714285713371,0.14999999999998348,23.0,1.0,0.5,10.0,60.0,65.0,50.0,70.0,0,SL,2026-07-09 03:00:00+00:00,-1.0,25.68,3.4191155492158227,-4.419115549215823,TRAIN,0.26925144,0.6,False
SETUP_0663,2026-07-08 23:45:00+00:00,EURUSD,SELL,1.14147,1.1426146428571429,1.1380360714285713,0.0011446428571428857,0.31000000000003247,23.0,1.0,0.5627114619813617,10.0,60.0,65.0,50.0,70.0,0,SL,2026-07-09 03:00:00+00:00,-1.0,21.3,1.8608424336973017,-2.860842433697302,TRAIN,0.24998921,0.6,False
SETUP_1194,2026-07-09 00:15:00+00:00,USDCAD,SELL,1.41605,1.417685,1.4111449999999999,0.001635000000000053,0.7500000000000284,0.0,1.0,0.5,10.0,60.0,65.0,50.0,70.0,0,TIMEOUT,2026-07-09 10:15:00+00:00,-1.0,151.0,9.235474006115908,-10.235474006115908,TRAIN,0.06942607,0.6,False
SETUP_1346,2026-07-09 01:00:00+00:00,USDCHF,BUY,0.80815,0.80696,0.8117200000000001,0.0011900000000000244,0.27999999999994696,1.0,1.0,0.5,10.0,60.0,65.0,50.0,70.0,0,SL,2026-07-09 03:30:00+00:00,-1.0,44.4,3.7310924369747136,-4.731092436974714,TRAIN,0.2954485,0.6,False
SETUP_1485,2026-07-09 01:15:00+00:00,USDJPY,BUY,162.578,162.47546428571428,162.88560714285717,0.10253571428572172,21.99999999999136,1.0,1.0,1.5263815358991137,100.0,60.0,65.0,50.0,70.0,0,SL,2026-07-09 03:00:00+00:00,-1.0,32.35,0.03154998258446306,-1.031549982584463,TRAIN,0.181063,0.6,False
SETUP_1042,2026-07-09 02:15:00+00:00,NZDUSD,BUY,0.57068,0.5697960714285714,0.5733317857142858,0.0008839285714286049,0.31000000000003247,2.0,1.0,0.5676470588235294,10.0,60.0,65.0,50.0,70.0,1,TP,2026-07-09 09:15:00+00:00,3.0,28.83,3.2615757575756343,-0.26157575757563434,TRAIN,0.6585166,0.6,True
SETUP_1043,2026-07-09 02:45:00+00:00,NZDUSD,BUY,0.57135,0.5702675,0.5745975,0.0010824999999999863,0.19000000000002348,2.0,1.0,1.3481436396835056,10.0,60.0,65.0,50.0,70.0,0,TIMEOUT,2026-07-09 12:45:00+00:00,-1.0,28.95,2.674364896073937,-3.674364896073937,TRAIN,0.49087203,0.6,False
SETUP_0664,2026-07-09 02:45:00+00:00,EURUSD,BUY,1.14202,1.1414910714285715,1.1436067857142855,0.0005289285714284997,0.11999999999989797,2.0,1.0,0.8367514356029533,10.0,60.0,65.0,50.0,70.0,1,TP,2026-07-09 09:15:00+00:00,3.0,20.57,3.888993923025511,-0.8889939230255108,TRAIN,0.72008353,0.6,True
SETUP_0028,2026-07-09 02:45:00+00:00,AUDUSD,BUY,0.69346,0.6927385714285714,0.6956242857142856,0.0007214285714285396,0.29000000000001247,2.0,1.0,1.1822910059621972,10.0,60.0,65.0,50.0,70.0,0,SL,2026-07-09 04:15:00+00:00,-1.0,24.8,3.4376237623763894,-4.43762376237639,TRAIN,0.5164274,0.6,False
SETUP_1044,2026-07-09 03:00:00+00:00,NZDUSD,BUY,0.57196,0.5703603571428572,0.5767589285714286,0.001599642857142869,0.24999999999997247,3.0,1.0,2.6203743391913132,10.0,60.0,65.0,50.0,70.0,0,TIMEOUT,2026-07-09 13:00:00+00:00,-1.0,28.52,1.7828979682964816,-2.7828979682964814,TRAIN,0.5721566,0.6,False
SETUP_0665,2026-07-09 03:15:00+00:00,EURUSD,BUY,1.14265,1.1417296428571428,1.1454110714285712,0.0009203571428570978,0.29999999999996696,3.0,1.0,1.9445319886542702,10.0,60.0,65.0,50.0,70.0,0,TIMEOUT,2026-07-09 13:15:00+00:00,-1.0,20.43,2.219790454016407,-3.219790454016407,TRAIN,0.4336301,0.6,False
SETUP_1045,2026-07-09 03:15:00+00:00,NZDUSD,BUY,0.5725,0.5706917857142857,0.577924642857143,0.0018082142857143157,0.5300000000000304,3.0,1.0,2.286096256684492,10.0,60.0,65.0,50.0,70.0,0,TIMEOUT,2026-07-09 13:15:00+00:00,-1.0,28.53,1.5777997234840742,-2.577799723484074,TRAIN,0.22828485,0.6,False
SETUP_0797,2026-07-09 03:15:00+00:00,GBPUSD,BUY,1.34,1.3388125,1.3435625000000004,0.001187500000000119,0.46999999999997044,3.0,1.0,1.4537019137831044,10.0,60.0,65.0,50.0,70.0,0,SL,2026-07-09 04:15:00+00:00,-1.0,24.47,2.0606315789471616,-3.0606315789471616,TRAIN,0.2294717,0.6,False
SETUP_1195,2026-07-09 03:15:00+00:00,USDCAD,SELL,1.41616,1.4170367857142858,1.4135296428571429,0.0008767857142857327,0.2300000000001745,3.0,1.0,1.749403612404862,10.0,60.0,65.0,50.0,70.0,0,SL,2026-07-09 10:15:00+00:00,-1.0,30.72,3.5037067209775232,-4.503706720977523,TRAIN,0.4336301,0.6,False
SETUP_1347,2026-07-09 03:15:00+00:00,USDCHF,SELL,0.80711,0.8083489285714286,0.8033932142857142,0.0012389285714285991,0.49999999999994493,3.0,1.0,2.1864481194204597,10.0,60.0,65.0,50.0,70.0,0,TIMEOUT,2026-07-09 13:15:00+00:00,-1.0,25.77,2.080023061400934,-3.080023061400934,TRAIN,0.29298744,0.6,False
SETUP_1046,2026-07-09 03:30:00+00:00,NZDUSD,BUY,0.57216,0.5710778571428571,0.5754064285714288,0.0010821428571429204,0.19000000000002348,3.0,1.0,2.189220330303418,10.0,60.0,65.0,50.0,70.0,0,TIMEOUT,2026-07-09 13:30:00+00:00,-1.0,28.53,2.6364356435642025,-3.6364356435642025,TRAIN,0.4336301,0.6,False
SETUP_1733,2026-07-09 04:45:00+00:00,XRPUSD,SELL,1.0811,1.0949678571428572,1.0394964285714283,0.01386785714285721,3.5000000000000586,4.0,1.0,1.598588682317818,17.50000000000029,60.0,65.0,50.0,70.0,0,SL,2026-07-09 08:00:00+00:00,-1.0,490.71,3.5384702549574905,-4.53847025495749,TRAIN,0.33143297,0.6,False
SETUP_0370,2026-07-09 04:45:00+00:00,ETHUSD,SELL,1729.9,1753.4010714285714,1659.3967857142861,23.501071428571322,100.0,4.0,1.0,1.4105473359353726,100.0,60.0,65.0,50.0,70.0,0,SL,2026-07-09 09:15:00+00:00,-1.0,345.48,0.001470060635533341,-1.0014700606355333,TRAIN,0.25368088,0.6,False
SETUP_0169,2026-07-09 04:45:00+00:00,BTCUSD,SELL,61897.1,62635.4375,59682.087499999994,738.3375000000015,100.0,4.0,1.0,1.498338535897694,100.0,60.0,65.0,50.0,70.0,0,SL,2026-07-09 09:00:00+00:00,-1.0,2250.0,0.030473868657626024,-1.030473868657626,TRAIN,0.25368088,0.6,False
SETUP_0798,2026-07-09 05:00:00+00:00,GBPUSD,BUY,1.33976,1.3382989285714286,1.3441432142857144,0.0014610714285714366,0.1500000000000945,5.0,1.0,1.3732676669339137,10.0,60.0,65.0,50.0,70.0,0,TIMEOUT,2026-07-09 15:00:00+00:00,-1.0,24.72,1.691909068687353,-2.691909068687353,TRAIN,0.47762293,0.6,False
SETUP_0029,2026-07-09 05:15:00+00:00,AUDUSD,BUY,0.69348,0.6924560714285715,0.6965517857142856,0.001023928571428523,0.27999999999994696,5.0,1.0,1.048116665366919,10.0,60.0,65.0,50.0,70.0,0,TIMEOUT,2026-07-09 15:15:00+00:00,-1.0,23.88,2.3321939309383737,-3.3321939309383737,TRAIN,0.5164274,0.6,False
SETUP_1734,2026-07-09 05:45:00+00:00,XRPUSD,SELL,1.082,1.0899785714285715,1.058064285714286,0.00797857142857139,2.0000000000000018,5.0,1.0,0.9834432964023404,10.000000000000009,60.0,65.0,50.0,70.0,0,SL,2026-07-09 07:30:00+00:00,-1.0,490.27,6.144834377797702,-7.144834377797702,TRAIN,0.52716565,0.6,False
SETUP_0937,2026-07-09 05:45:00+00:00,GOLD,SELL,4064.93,4087.105,3998.4049999999993,22.175000000000182,49.89999999999782,5.0,1.0,1.2249466578054495,100.0,60.0,65.0,50.0,70.0,0,SL,2026-07-09 09:00:00+00:00,-1.0,29.83,0.013452085682074299,-1.0134520856820743,TRAIN,0.44583926,0.6,False
SETUP_0170,2026-07-09 05:45:00+00:00,BTCUSD,SELL,61769.5,62219.99642857143,60418.01071428571,450.49642857143044,100.0,5.0,1.0,1.043764523625097,100.0,60.0,65.0,50.0,70.0,0,SL,2026-07-09 07:30:00+00:00,-1.0,2250.0,0.049944902052497436,-1.0499449020524974,TRAIN,0.50115466,0.6,False
SETUP_1614,2026-07-09 05:45:00+00:00,XAUUSD,SELL,4064.93,4087.105,3998.4049999999993,22.175000000000182,49.89999999999782,5.0,1.0,1.2249466578054495,100.0,60.0,65.0,50.0,70.0,0,SL,2026-07-09 09:00:00+00:00,-1.0,29.83,0.013452085682074299,-1.0134520856820743,TRAIN,0.44583926,0.6,False
SETUP_0371,2026-07-09 05:45:00+00:00,ETHUSD,SELL,1725.35,1740.7510714285713,1679.1467857142857,15.401071428571413,100.0,5.0,1.0,1.1634394486380046,100.0,60.0,65.0,50.0,70.0,0,SL,2026-07-09 07:45:00+00:00,-1.0,345.57,0.0022438049300837165,-1.0022438049300837,TRAIN,0.50115466,0.6,False
SETUP_0938,2026-07-09 06:15:00+00:00,GOLD,SELL,4058.23,4076.655357142857,4002.9539285714286,18.425357142857138,32.30000000000018,6.0,1.0,1.1251630710181022,100.0,60.0,65.0,50.0,70.0,0,SL,2026-07-09 08:30:00+00:00,-1.0,30.52,0.016564129402415157,-1.0165641294024153,TRAIN,0.4816235,0.6,False
SETUP_1615,2026-07-09 06:15:00+00:00,XAUUSD,SELL,4058.23,4076.655357142857,4002.9539285714286,18.425357142857138,32.30000000000018,6.0,1.0,1.1251630710181022,100.0,60.0,65.0,50.0,70.0,0,SL,2026-07-09 08:30:00+00:00,-1.0,30.52,0.016564129402415157,-1.0165641294024153,TRAIN,0.4816235,0.6,False
SETUP_0666,2026-07-09 08:15:00+00:00,EURUSD,BUY,1.14314,1.1422700000000001,1.1457499999999998,0.0008699999999999264,0.17999999999984695,8.0,1.0,1.1551277304701961,10.0,60.0,65.0,50.0,70.0,0,SL,2026-07-09 12:00:00+00:00,-1.0,20.06,2.3057471264369767,-3.3057471264369767,TRAIN,0.4970793,0.6,False
SETUP_0799,2026-07-09 08:15:00+00:00,GBPUSD,BUY,1.34047,1.3393539285714287,1.3438182142857142,0.0011160714285713969,0.17000000000000348,8.0,1.0,0.9450299729655605,10.0,60.0,65.0,50.0,70.0,0,SL,2026-07-09 13:45:00+00:00,-1.0,24.55,2.1996800000000625,-3.1996800000000625,TRAIN,0.55928516,0.6,False
SETUP_0939,2026-07-09 09:15:00+00:00,GOLD,BUY,4102.4,4069.3396428571427,4201.581071428571,33.0603571428569,70.69999999999709,9.0,1.0,1.1459199299934368,100.0,60.0,65.0,50.0,70.0,0,TIMEOUT,2026-07-09 19:15:00+00:00,-1.0,28.7,0.008681091942226942,-1.0086810919422269,TRAIN,0.48180863,0.6,False
SETUP_1616,2026-07-09 09:15:00+00:00,XAUUSD,BUY,4102.4,4069.3396428571427,4201.581071428571,33.0603571428569,70.69999999999709,9.0,1.0,1.1459199299934368,100.0,60.0,65.0,50.0,70.0,0,TIMEOUT,2026-07-09 19:15:00+00:00,-1.0,28.7,0.008681091942226942,-1.0086810919422269,TRAIN,0.48180863,0.6,False
SETUP_0800,2026-07-09 09:30:00+00:00,GBPUSD,BUY,1.3425500000000001,1.340015,1.3501550000000007,0.002535000000000176,1.0399999999999299,9.0,1.0,1.4563254154966987,10.0,60.0,65.0,50.0,70.0,0,SL,2026-07-09 13:45:00+00:00,-1.0,23.12,0.9120315581853411,-1.912031558185341,TRAIN,0.21607074,0.6,False
SETUP_1196,2026-07-09 09:30:00+00:00,USDCAD,SELL,1.4157199999999999,1.4168192857142856,1.4124221428571426,0.001099285714285747,0.38000000000004697,9.0,1.0,1.334857433161872,10.0,60.0,65.0,50.0,70.0,0,SL,2026-07-09 10:00:00+00:00,-1.0,30.22,2.749057829759502,-3.749057829759502,TRAIN,0.30370036,0.6,False
SETUP_0667,2026-07-09 09:30:00+00:00,EURUSD,BUY,1.14446,1.1427435714285714,1.1496092857142859,0.0017164285714286187,0.46999999999997044,9.0,1.0,1.8255578093306288,10.0,60.0,65.0,50.0,70.0,0,SL,2026-07-09 11:45:00+00:00,-1.0,19.57,1.1401581356637223,-2.1401581356637225,TRAIN,0.27721167,0.6,False
SETUP_0539,2026-07-09 10:00:00+00:00,EURGBP,SELL,0.85201,0.8527296428571428,0.8498510714285717,0.000719642857142766,0.1,10.0,1.0,1.57554956280134,10.0,60.0,65.0,50.0,70.0,0,SL,2026-07-09 14:00:00+00:00,-1.0,19.41,2.697171215881235,-3.697171215881235,TRAIN,0.6832333,0.6,True
SETUP_1486,2026-07-09 10:15:00+00:00,USDJPY,BUY,162.36,162.22025000000002,162.77925,0.13974999999999227,40.99999999999682,10.0,1.0,1.3879889186270369,100.0,60.0,65.0,50.0,70.0,0,TIMEOUT,2026-07-09 20:15:00+00:00,-1.0,23.9,0.017101967799643163,-1.0171019677996431,TRAIN,0.31052005,0.6,False
SETUP_0540,2026-07-09 10:15:00+00:00,EURGBP,SELL,0.85188,0.8525171428571428,0.8499685714285716,0.0006371428571427806,0.1,10.0,1.0,0.9176658673061551,10.0,60.0,65.0,50.0,70.0,0,SL,2026-07-09 13:30:00+00:00,-1.0,19.26,3.022869955157314,-4.022869955157314,TRAIN,0.76062155,0.6,True
SETUP_1047,2026-07-09 11:00:00+00:00,NZDUSD,BUY,0.57321,0.5724303571428571,0.5755489285714288,0.000779642857142937,0.200000000000089,11.0,1.0,1.057732475561868,10.0,60.0,65.0,50.0,70.0,1,TP,2026-07-09 18:45:00+00:00,3.0,28.13,3.6080622995873535,-0.6080622995873535,TRAIN,0.7571087,0.6,True
SETUP_1487,2026-07-09 11:45:00+00:00,USDJPY,BUY,162.384,162.26396428571428,162.7441071428571,0.12003571428570581,22.999999999996135,11.0,1.0,1.156179868672596,100.0,60.0,65.0,50.0,70.0,0,SL,2026-07-09 18:45:00+00:00,-1.0,24.31,0.02025230586135222,-1.0202523058613522,TRAIN,0.75350773,0.6,True
SETUP_1735,2026-07-09 12:00:00+00:00,XRPUSD,SELL,1.0913,1.098507142857143,1.069678571428571,0.007207142857142967,1.100000000000101,12.0,1.0,0.6121696373693916,10.0,60.0,65.0,50.0,70.0,0,SL,2026-07-09 16:45:00+00:00,-1.0,490.12,6.8004757185330975,-7.8004757185330975,TRAIN,0.7186354,0.6,True
SETUP_1348,2026-07-09 12:00:00+00:00,USDCHF,BUY,0.80748,0.8056107142857143,0.813087857142857,0.0018692857142856845,0.300000000000078,12.0,1.0,1.0262916754775497,10.0,60.0,65.0,50.0,70.0,0,TIMEOUT,2026-07-09 22:00:00+00:00,-1.0,24.59,1.315475735575107,-2.3154757355751068,TRAIN,0.70474344,0.6,True
SETUP_1349,2026-07-09 12:15:00+00:00,USDCHF,BUY,0.80724,0.8058675000000001,0.8113574999999996,0.0013724999999998877,0.280000000000058,12.0,1.0,0.7554560716284275,10.0,60.0,65.0,50.0,70.0,0,SL,2026-07-09 20:15:00+00:00,-1.0,24.51,1.7857923497269224,-2.7857923497269224,TRAIN,0.76920813,0.6,True
SETUP_1048,2026-07-09 13:00:00+00:00,NZDUSD,BUY,0.57363,0.5727264285714285,0.5763407142857143,0.000903571428571448,0.160000000000049,13.0,1.0,0.7091703056768559,10.0,60.0,65.0,50.0,70.0,0,TIMEOUT,2026-07-09 23:00:00+00:00,-1.0,28.1,3.109881422924835,-4.109881422924834,TRAIN,0.714157,0.6,True
SETUP_0030,2026-07-09 14:00:00+00:00,AUDUSD,SELL,0.69308,0.69385,0.6907700000000002,0.0007699999999999374,0.22999999999995246,14.0,1.0,1.0386890093642187,10.0,60.0,65.0,50.0,70.0,0,SL,2026-07-09 15:00:00+00:00,-1.0,24.01,3.118181818182072,-4.118181818182072,TRAIN,0.70474344,0.6,True
SETUP_0372,2026-07-09 14:00:00+00:00,ETHUSD,SELL,1746.74,1755.2107142857142,1721.3278571428575,8.470714285714166,100.0,14.0,1.0,0.9010088902207571,100.0,60.0,65.0,50.0,70.0,0,SL,2026-07-09 21:00:00+00:00,-1.0,345.65,0.004080529555611829,-1.004080529555612,TRAIN,0.6607026,0.6,True
SETUP_1488,2026-07-09 14:00:00+00:00,USDJPY,BUY,162.464,162.37842857142857,162.72071428571428,0.08557142857142708,19.000000000005457,14.0,1.0,1.638327205882353,95.00000000002728,60.0,65.0,50.0,70.0,0,SL,2026-07-09 16:15:00+00:00,-1.0,24.7,0.02886477462437446,-1.0288647746243744,TRAIN,0.5346194,0.6,False
SETUP_0373,2026-07-09 14:30:00+00:00,ETHUSD,SELL,1740.56,1749.2457142857143,1714.502857142857,8.685714285714312,100.0,14.0,1.0,0.8701913186587121,100.0,60.0,65.0,50.0,70.0,0,SL,2026-07-09 16:45:00+00:00,-1.0,345.58,0.003978717105263146,-1.0039787171052632,TRAIN,0.6607026,0.6,True
SETUP_0668,2026-07-09 15:00:00+00:00,EURUSD,BUY,1.1433,1.141857142857143,1.1476285714285712,0.0014428571428570791,0.280000000000058,15.0,1.0,1.4498933901918976,10.0,60.0,65.0,50.0,70.0,0,TIMEOUT,2026-07-10 01:00:00+00:00,-1.0,19.54,1.354257425742634,-2.354257425742634,TRAIN,0.26350433,0.6,False
SETUP_1049,2026-07-09 15:00:00+00:00,NZDUSD,BUY,0.57402,0.5726164285714286,0.5782307142857142,0.001403571428571393,0.15999999999993797,15.0,1.0,1.3599013968775677,10.0,60.0,65.0,50.0,70.0,0,TIMEOUT,2026-07-10 01:00:00+00:00,-1.0,28.15,2.005597964376641,-3.005597964376641,TRAIN,0.47470945,0.6,False
SETUP_0031,2026-07-09 15:00:00+00:00,AUDUSD,BUY,0.69363,0.69269,0.6964499999999998,0.0009399999999999409,0.140000000000029,15.0,1.0,1.4935064935064934,10.0,60.0,65.0,50.0,70.0,0,TIMEOUT,2026-07-10 01:00:00+00:00,-1.0,23.74,2.525531914893776,-3.525531914893776,TRAIN,0.4057251,0.6,False
SETUP_1197,2026-07-09 15:00:00+00:00,USDCAD,SELL,1.41692,1.4185564285714287,1.4120107142857137,0.0016364285714287607,0.31000000000003247,15.0,1.0,1.6490062072857232,10.0,60.0,65.0,50.0,70.0,0,TIMEOUT,2026-07-10 01:00:00+00:00,-1.0,28.87,1.7642077695327512,-2.764207769532751,TRAIN,0.32047006,0.6,False
SETUP_1050,2026-07-09 15:15:00+00:00,NZDUSD,BUY,0.57408,0.5729139285714286,0.5775782142857142,0.0011660714285713913,0.3300000000000525,15.0,1.0,1.2200614124872058,10.0,60.0,65.0,50.0,70.0,0,TIMEOUT,2026-07-10 01:15:00+00:00,-1.0,28.34,2.4303828483921146,-3.4303828483921146,TRAIN,0.46072075,0.6,False
SETUP_1350,2026-07-09 15:15:00+00:00,USDCHF,SELL,0.80683,0.80785,0.8037700000000003,0.0010199999999999099,0.17000000000000348,15.0,1.0,1.1738085136472918,10.0,60.0,65.0,50.0,70.0,0,TIMEOUT,2026-07-10 01:15:00+00:00,-1.0,24.77,2.4284313725492344,-3.4284313725492344,TRAIN,0.47646552,0.6,False
SETUP_0032,2026-07-09 15:15:00+00:00,AUDUSD,BUY,0.69364,0.6929060714285714,0.6958417857142859,0.0007339285714286214,0.17999999999995797,15.0,1.0,0.9987261146496815,10.0,60.0,65.0,50.0,70.0,0,TIMEOUT,2026-07-10 01:15:00+00:00,-1.0,23.89,3.2550851581506297,-4.25508515815063,TRAIN,0.4896442,0.6,False
SETUP_1198,2026-07-09 15:15:00+00:00,USDCAD,SELL,1.4167,1.4180632142857144,1.4126103571428572,0.001363214285714287,0.18999999999991246,15.0,1.0,1.3333333333333333,10.0,60.0,65.0,50.0,70.0,0,TIMEOUT,2026-07-10 01:15:00+00:00,-1.0,29.39,2.1559339795651016,-3.1559339795651016,TRAIN,0.31235638,0.6,False
SETUP_0033,2026-07-09 15:45:00+00:00,AUDUSD,SELL,0.69309,0.6939942857142858,0.6903771428571426,0.0009042857142858018,0.28999999999990145,15.0,1.0,1.1698787020503665,10.0,60.0,65.0,50.0,70.0,0,SL,2026-07-09 17:00:00+00:00,-1.0,23.93,2.6462875197469793,-3.6462875197469793,TRAIN,0.46072075,0.6,False
SETUP_1617,2026-07-09 16:15:00+00:00,XAUUSD,BUY,4125.97,4103.056428571429,4194.710714285714,22.91357142857123,38.89999999999418,16.0,1.0,1.4612403613422038,100.0,60.0,65.0,50.0,70.0,0,TIMEOUT,2026-07-10 03:15:00+00:00,-1.0,28.09,0.012259110321394163,-1.0122591103213943,TRAIN,0.21872596,0.6,False
SETUP_0669,2026-07-09 16:15:00+00:00,EURUSD,BUY,1.14334,1.141902857142857,1.1476514285714288,0.0014371428571429146,0.19999999999997797,16.0,1.0,1.3045983634896854,10.0,60.0,65.0,50.0,70.0,0,TIMEOUT,2026-07-10 02:15:00+00:00,-1.0,19.35,1.3464214711729086,-2.3464214711729086,TRAIN,0.31235638,0.6,False
SETUP_0940,2026-07-09 16:15:00+00:00,GOLD,BUY,4125.97,4103.056428571429,4194.710714285714,22.91357142857123,38.89999999999418,16.0,1.0,1.4612403613422038,100.0,60.0,65.0,50.0,70.0,0,TIMEOUT,2026-07-10 03:15:00+00:00,-1.0,28.09,0.012259110321394163,-1.0122591103213943,TRAIN,0.21872596,0.6,False
SETUP_0034,2026-07-09 16:15:00+00:00,AUDUSD,BUY,0.69361,0.6928117857142857,0.6960046428571427,0.0007982142857142493,0.15999999999993797,16.0,1.0,1.194175348808871,10.0,60.0,65.0,50.0,70.0,0,TIMEOUT,2026-07-10 02:15:00+00:00,-1.0,23.49,2.9428187919464426,-3.9428187919464426,TRAIN,0.47646552,0.6,False
SETUP_1489,2026-07-09 16:30:00+00:00,USDJPY,SELL,162.321,162.4675,161.8815,0.14650000000000318,32.99999999998704,16.0,1.0,1.683466103072671,100.0,60.0,65.0,50.0,70.0,0,TIMEOUT,2026-07-10 02:30:00+00:00,-1.0,23.85,0.01627986348122832,-1.0162798634812282,TRAIN,0.20871566,0.6,False
SETUP_1051,2026-07-09 16:30:00+00:00,NZDUSD,BUY,0.57467,0.5738346428571429,0.5771760714285713,0.0008353571428570961,0.160000000000049,16.0,1.0,1.5771997786386276,10.0,60.0,65.0,50.0,70.0,0,TIMEOUT,2026-07-10 02:30:00+00:00,-1.0,28.13,3.367421975203267,-4.367421975203267,TRAIN,0.4327408,0.6,False
SETUP_0670,2026-07-09 17:00:00+00:00,EURUSD,BUY,1.144,1.1427635714285715,1.147709285714285,0.0012364285714283607,0.22999999999995246,17.0,1.0,1.4526953886122538,10.0,60.0,65.0,50.0,70.0,0,SL,2026-07-09 22:30:00+00:00,-1.0,19.28,1.5593298671290932,-2.559329867129093,TRAIN,0.26350433,0.6,False
SETUP_0801,2026-07-09 18:45:00+00:00,GBPUSD,BUY,1.3406,1.338520357142857,1.346838928571429,0.002079642857143016,0.34999999999985043,18.0,1.0,0.9408617782171309,10.0,60.0,65.0,50.0,70.0,0,TIMEOUT,2026-07-10 04:45:00+00:00,-1.0,22.96,1.104035720418944,-2.1040357204189437,TRAIN,0.23838077,0.6,False
SETUP_1490,2026-07-09 18:45:00+00:00,USDJPY,SELL,162.279,162.42767857142854,161.83296428571435,0.14867857142854746,28.00000000002001,18.0,1.0,0.8371646195018184,100.0,60.0,65.0,50.0,70.0,1,TP,2026-07-10 04:00:00+00:00,3.0,23.58,0.015859716550567053,2.984140283449433,TRAIN,0.37649256,0.6,False
SETUP_1052,2026-07-09 19:00:00+00:00,NZDUSD,BUY,0.57596,0.5749592857142857,0.5789621428571431,0.0010007142857143547,0.31000000000003247,19.0,1.0,0.7981519834315756,10.0,60.0,65.0,50.0,70.0,0,SL,2026-07-10 00:00:00+00:00,-1.0,28.2,2.817987152034067,-3.817987152034067,TRAIN,0.34791228,0.6,False
SETUP_1491,2026-07-09 19:00:00+00:00,USDJPY,SELL,162.272,162.41221428571427,161.85135714285715,0.14021428571427919,19.000000000005457,19.0,1.0,0.8481367230436477,95.00000000002728,60.0,65.0,50.0,70.0,1,TP,2026-07-10 04:00:00+00:00,3.0,23.94,0.01707386653082097,2.9829261334691792,TRAIN,0.3636329,0.6,False
SETUP_0541,2026-07-09 20:00:00+00:00,EURGBP,SELL,0.85274,0.8533189285714285,0.8510032142857146,0.0005789285714284942,0.12999999999996348,20.0,1.0,0.7288221113415932,10.0,60.0,65.0,50.0,70.0,0,TIMEOUT,2026-07-10 06:00:00+00:00,-1.0,19.38,3.347563232572933,-4.3475632325729325,TRAIN,0.4474425,0.6,False
SETUP_1053,2026-07-09 20:30:00+00:00,NZDUSD,BUY,0.57601,0.5753992857142858,0.5778421428571427,0.0006107142857142422,0.17000000000000348,20.0,1.0,0.8480212836714334,10.0,60.0,65.0,50.0,70.0,0,SL,2026-07-09 22:30:00+00:00,-1.0,28.41,4.651929824561735,-5.651929824561735,TRAIN,0.37098747,0.6,False
SETUP_0542,2026-07-09 20:45:00+00:00,EURGBP,SELL,0.85243,0.8529839285714286,0.8507682142857144,0.0005539285714285525,0.12999999999996348,20.0,1.0,0.6405359346535817,10.0,60.0,65.0,50.0,70.0,0,TIMEOUT,2026-07-10 06:45:00+00:00,-1.0,19.13,3.4535138620246184,-4.453513862024618,TRAIN,0.37772977,0.6,False
SETUP_0171,2026-07-09 20:45:00+00:00,BTCUSD,BUY,63126.7,62584.12857142858,64754.41428571426,542.5714285714203,100.0,20.0,1.0,0.6168429729358429,100.0,60.0,65.0,50.0,70.0,0,TIMEOUT,2026-07-10 06:45:00+00:00,-1.0,2250.0,0.041469194312796845,-1.041469194312797,TRAIN,0.281906,0.6,False
SETUP_0543,2026-07-09 21:00:00+00:00,EURGBP,SELL,0.85209,0.8528589285714286,0.8497832142857141,0.0007689285714286287,0.12000000000000899,21.0,1.0,0.7451050407665298,10.0,60.0,65.0,50.0,70.0,0,TIMEOUT,2026-07-10 07:00:00+00:00,-1.0,19.04,2.4761727821642374,-3.4761727821642374,TRAIN,0.4474425,0.6,False
SETUP_0172,2026-07-09 21:15:00+00:00,BTCUSD,BUY,63370.7,62890.06071428572,64812.61785714283,480.63928571427823,100.0,21.0,1.0,0.7571837123791366,100.0,60.0,65.0,50.0,70.0,0,TIMEOUT,2026-07-10 07:15:00+00:00,-1.0,2250.0,0.04681265279129804,-1.046812652791298,TRAIN,0.3787384,0.6,False
SETUP_0544,2026-07-09 21:15:00+00:00,EURGBP,SELL,0.85227,0.8527064285714285,0.8509607142857143,0.00043642857142855984,0.12999999999996348,21.0,1.0,0.5758367247767722,10.0,60.0,65.0,50.0,70.0,0,TIMEOUT,2026-07-10 07:15:00+00:00,-1.0,19.07,4.369558101473111,-5.369558101473111,TRAIN,0.37772977,0.6,False
SETUP_1736,2026-07-09 22:00:00+00:00,XRPUSD,SELL,1.0911,1.0984464285714286,1.069060714285714,0.007346428571428643,1.0999999999998789,22.0,1.0,0.7576668671076368,10.0,60.0,65.0,50.0,70.0,0,SL,2026-07-10 04:45:00+00:00,-1.0,490.52,6.6769859017986715,-7.6769859017986715,TRAIN,0.34603667,0.6,False
SETUP_0545,2026-07-09 22:00:00+00:00,EURGBP,SELL,0.85213,0.8524278571428572,0.8512364285714287,0.0002978571428571275,0.1,22.0,1.0,0.5,10.0,60.0,65.0,50.0,70.0,0,SL,2026-07-10 00:30:00+00:00,-1.0,19.17,6.435971223021916,-7.435971223021916,TRAIN,0.44381967,0.6,False
SETUP_1351,2026-07-09 23:15:00+00:00,USDCHF,SELL,0.80661,0.8071757142857143,0.8049128571428572,0.0005657142857142805,0.1,23.0,1.0,0.5,10.0,60.0,65.0,50.0,70.0,1,TP,2026-07-10 04:15:00+00:00,3.0,25.25,4.46338383838388,-1.46338383838388,TRAIN,0.44381967,0.6,False
SETUP_1352,2026-07-10 00:00:00+00:00,USDCHF,SELL,0.80618,0.8068564285714285,0.8041507142857146,0.0006764285714284668,0.36000000000002697,0.0,1.0,0.5,10.0,60.0,65.0,50.0,70.0,0,SL,2026-07-10 00:15:00+00:00,-1.0,171.93,25.417317845832866,-26.417317845832866,TRAIN,0.073021576,0.6,False
SETUP_1199,2026-07-10 00:00:00+00:00,USDCAD,SELL,1.41598,1.4169957142857144,1.412932857142857,0.001015714285714342,0.22999999999995246,0.0,1.0,0.5,10.0,60.0,65.0,50.0,70.0,0,SL,2026-07-10 01:00:00+00:00,-1.0,149.1,14.679324894513954,-15.679324894513954,TRAIN,0.073021576,0.6,False
SETUP_1200,2026-07-10 00:15:00+00:00,USDCAD,SELL,1.4160300000000001,1.416837142857143,1.4136085714285718,0.0008071428571427841,0.39999999999995595,0.0,1.0,0.5,10.0,60.0,65.0,50.0,70.0,0,SL,2026-07-10 01:00:00+00:00,-1.0,151.0,18.707964601771604,-19.707964601771604,TRAIN,0.07019307,0.6,False
SETUP_0035,2026-07-10 01:15:00+00:00,AUDUSD,BUY,0.69398,0.6934103571428571,0.6956889285714287,0.0005696428571428935,0.29000000000001247,1.0,1.0,0.5,10.0,60.0,65.0,50.0,70.0,0,SL,2026-07-10 03:30:00+00:00,-1.0,27.35,4.801253918494992,-5.801253918494992,TRAIN,0.2954485,0.6,False
SETUP_0671,2026-07-10 01:15:00+00:00,EURUSD,BUY,1.14318,1.1425825,1.1449725000000002,0.0005975000000000286,0.140000000000029,1.0,1.0,0.5,10.0,60.0,65.0,50.0,70.0,1,TP,2026-07-10 05:00:00+00:00,3.0,21.49,3.5966527196650997,-0.5966527196650997,TRAIN,0.4428832,0.6,False
SETUP_0802,2026-07-10 03:45:00+00:00,GBPUSD,BUY,1.34215,1.340495357142857,1.3471139285714286,0.0016546428571428962,0.42999999999993044,3.0,1.0,3.2495511669658885,10.0,60.0,65.0,50.0,70.0,0,TIMEOUT,2026-07-10 13:45:00+00:00,-1.0,23.83,1.4401899417223922,-2.4401899417223922,TRAIN,0.5222313,0.6,False
SETUP_1201,2026-07-10 03:45:00+00:00,USDCAD,SELL,1.41597,1.41724,1.4121599999999996,0.0012700000000001044,0.180000000000069,3.0,1.0,3.6002756719503792,10.0,60.0,65.0,50.0,70.0,0,TIMEOUT,2026-07-10 13:45:00+00:00,-1.0,31.17,2.454330708661216,-3.454330708661216,TRAIN,0.37923694,0.6,False
SETUP_1353,2026-07-10 03:45:00+00:00,USDCHF,SELL,0.80557,0.8068700000000001,0.8016699999999998,0.0013000000000000789,0.31999999999998696,3.0,1.0,5.249531595980241,10.0,60.0,65.0,50.0,70.0,0,TIMEOUT,2026-07-10 13:45:00+00:00,-1.0,25.31,1.9469230769229586,-2.9469230769229586,TRAIN,0.37923694,0.6,False
SETUP_0672,2026-07-10 03:45:00+00:00,EURUSD,BUY,1.14392,1.1428685714285713,1.1470742857142862,0.001051428571428703,0.19999999999997797,3.0,1.0,4.600431965442764,10.0,60.0,65.0,50.0,70.0,0,SL,2026-07-10 12:30:00+00:00,-1.0,20.0,1.9021739130432402,-2.9021739130432405,TRAIN,0.37923694,0.6,False
SETUP_1492,2026-07-10 03:45:00+00:00,USDJPY,SELL,162.045,162.44675,160.83974999999992,0.40175000000002115,70.99999999999795,3.0,1.0,6.640869176960858,100.0,60.0,65.0,50.0,70.0,0,TIMEOUT,2026-07-10 13:45:00+00:00,-1.0,26.14,0.006506533914125358,-1.0065065339141253,TRAIN,0.27252746,0.6,False
SETUP_1054,2026-07-10 03:45:00+00:00,NZDUSD,BUY,0.57716,0.5756060714285715,0.5818217857142857,0.0015539285714285533,0.34999999999996145,3.0,1.0,3.7292511988196235,10.0,60.0,65.0,50.0,70.0,0,TIMEOUT,2026-07-10 13:45:00+00:00,-1.0,28.46,1.8314870144794513,-2.8314870144794515,TRAIN,0.37923694,0.6,False
SETUP_1493,2026-07-10 04:00:00+00:00,USDJPY,SELL,161.786,162.44875,159.79775000000004,0.6627499999999884,100.0,4.0,1.0,4.616594097726173,100.0,60.0,65.0,50.0,70.0,0,TIMEOUT,2026-07-10 14:00:00+00:00,-1.0,26.02,0.003926065635609273,-1.0039260656356093,TRAIN,0.2864728,0.6,False
SETUP_0803,2026-07-10 04:00:00+00:00,GBPUSD,BUY,1.34276,1.340495,1.3495549999999998,0.0022649999999999615,0.45000000000006146,4.0,1.0,3.0713749060856497,10.0,60.0,65.0,50.0,70.0,0,TIMEOUT,2026-07-10 14:00:00+00:00,-1.0,23.6,1.04194260485653,-2.04194260485653,TRAIN,0.39477363,0.6,False
SETUP_1354,2026-07-10 04:00:00+00:00,USDCHF,SELL,0.80497,0.8069032142857142,0.7991703571428572,0.0019332142857142465,0.31999999999998696,4.0,1.0,4.407667907874775,10.0,60.0,65.0,50.0,70.0,0,TIMEOUT,2026-07-10 14:00:00+00:00,-1.0,25.65,1.3268058377979208,-2.326805837797921,TRAIN,0.37923694,0.6,False
SETUP_0546,2026-07-10 04:00:00+00:00,EURGBP,SELL,0.85215,0.8524653571428571,0.8512039285714286,0.0003153571428571311,0.1,4.0,1.0,2.4548129466162254,10.0,60.0,65.0,50.0,70.0,0,SL,2026-07-10 11:30:00+00:00,-1.0,19.6,6.215175537939078,-7.215175537939078,TRAIN,0.3533929,0.6,False
SETUP_1055,2026-07-10 04:00:00+00:00,NZDUSD,BUY,0.57749,0.5754839285714286,0.583508214285714,0.0020060714285713432,0.6099999999999994,4.0,1.0,3.940600122473974,10.0,60.0,65.0,50.0,70.0,0,TIMEOUT,2026-07-10 14:00:00+00:00,-1.0,28.57,1.4241766067296315,-2.4241766067296315,TRAIN,0.26022553,0.6,False
SETUP_0673,2026-07-10 04:00:00+00:00,EURUSD,BUY,1.14436,1.1428,1.14904,0.0015600000000000058,0.280000000000058,4.0,1.0,3.6565438569446584,10.0,60.0,65.0,50.0,70.0,0,SL,2026-07-10 12:45:00+00:00,-1.0,19.92,1.2769230769230724,-2.2769230769230724,TRAIN,0.37923694,0.6,False
SETUP_0036,2026-07-10 04:00:00+00:00,AUDUSD,BUY,0.69463,0.6931042857142857,0.6992071428571427,0.0015257142857142414,0.27999999999994696,4.0,1.0,4.022463105654956,10.0,60.0,65.0,50.0,70.0,0,TIMEOUT,2026-07-10 14:00:00+00:00,-1.0,24.29,1.592041198501919,-2.592041198501919,TRAIN,0.37923694,0.6,False
SETUP_1202,2026-07-10 04:00:00+00:00,USDCAD,SELL,1.41556,1.417269642857143,1.4104310714285708,0.0017096428571430344,0.560000000000116,4.0,1.0,3.5538387252535006,10.0,60.0,65.0,50.0,70.0,0,TIMEOUT,2026-07-10 14:00:00+00:00,-1.0,30.85,1.8044704407769179,-2.804470440776918,TRAIN,0.26022553,0.6,False
SETUP_1355,2026-07-10 04:15:00+00:00,USDCHF,SELL,0.80504,0.8063382142857143,0.8011453571428571,0.0012982142857143053,0.300000000000078,4.0,1.0,3.1382851683783137,10.0,60.0,65.0,50.0,70.0,0,SL,2026-07-10 12:00:00+00:00,-1.0,25.86,1.9919669876203276,-2.9919669876203274,TRAIN,0.48848543,0.6,False
SETUP_1056,2026-07-10 04:15:00+00:00,NZDUSD,BUY,0.5775,0.5761407142857142,0.5815778571428574,0.001359285714285785,0.14999999999998348,4.0,1.0,2.024177677818386,10.0,60.0,65.0,50.0,70.0,0,TIMEOUT,2026-07-10 14:15:00+00:00,-1.0,28.48,2.095218076720858,-3.095218076720858,TRAIN,0.4336301,0.6,False
SETUP_1203,2026-07-10 04:15:00+00:00,USDCAD,SELL,1.41557,1.4168821428571428,1.4116335714285717,0.0013121428571427618,0.21999999999988695,4.0,1.0,3.0372553146705954,10.0,60.0,65.0,50.0,70.0,0,SL,2026-07-10 12:15:00+00:00,-1.0,31.35,2.3892215568864015,-3.3892215568864015,TRAIN,0.46211332,0.6,False
SETUP_0173,2026-07-10 04:30:00+00:00,BTCUSD,BUY,63377.6,62861.2,64926.8,516.4000000000015,100.0,4.0,1.0,1.3089607567429375,100.0,60.0,65.0,50.0,70.0,0,TIMEOUT,2026-07-10 14:30:00+00:00,-1.0,2250.0,0.04357087529047238,-1.0435708752904724,TRAIN,0.34480885,0.6,False
SETUP_1737,2026-07-10 05:00:00+00:00,XRPUSD,BUY,1.1039,1.090817857142857,1.1431464285714292,0.013082142857143042,5.200000000000093,5.0,1.0,1.5124410473247683,26.00000000000047,60.0,65.0,50.0,70.0,0,TIMEOUT,2026-07-10 15:00:00+00:00,-1.0,490.33,3.7480862680862153,-4.748086268086215,TRAIN,0.33760953,0.6,False
SETUP_0804,2026-07-10 05:00:00+00:00,GBPUSD,BUY,1.34461,1.3421957142857144,1.3518528571428572,0.002414285714285702,0.24000000000001798,5.0,1.0,1.861660286328596,10.0,60.0,65.0,50.0,70.0,0,SL,2026-07-10 08:30:00+00:00,-1.0,23.96,0.9924260355029636,-1.9924260355029637,TRAIN,0.4336301,0.6,False
SETUP_1204,2026-07-10 05:00:00+00:00,USDCAD,SELL,1.41415,1.4158357142857143,1.4090928571428571,0.0016857142857142904,0.1500000000000945,5.0,1.0,1.9180914512922465,10.0,60.0,65.0,50.0,70.0,0,SL,2026-07-10 08:15:00+00:00,-1.0,30.85,1.8300847457627072,-2.830084745762707,TRAIN,0.4336301,0.6,False
SETUP_0374,2026-07-10 05:00:00+00:00,ETHUSD,BUY,1766.83,1742.6664285714285,1839.3207142857143,24.16357142857146,100.0,5.0,1.0,1.811710268731091,100.0,60.0,65.0,50.0,70.0,0,TIMEOUT,2026-07-10 15:00:00+00:00,-1.0,346.1,0.0014323213810635829,-1.0014323213810636,TRAIN,0.32110488,0.6,False
SETUP_1356,2026-07-10 05:00:00+00:00,USDCHF,SELL,0.80366,0.8052707142857143,0.7988278571428573,0.0016107142857142431,0.24999999999997247,5.0,1.0,2.0848820122741807,10.0,60.0,65.0,50.0,70.0,0,SL,2026-07-10 10:00:00+00:00,-1.0,25.51,1.583769401330419,-2.583769401330419,TRAIN,0.4336301,0.6,False
SETUP_1057,2026-07-10 05:00:00+00:00,NZDUSD,BUY,0.57862,0.5771164285714286,0.5831307142857142,0.001503571428571382,0.41000000000002146,5.0,1.0,2.088950217598981,10.0,60.0,65.0,50.0,70.0,0,SL,2026-07-10 08:15:00+00:00,-1.0,28.42,1.8901662707839069,-2.890166270783907,TRAIN,0.34809336,0.6,False
SETUP_0174,2026-07-10 05:00:00+00:00,BTCUSD,BUY,63863.5,63211.91785714286,65818.24642857144,651.5821428571435,100.0,5.0,1.0,1.4491449144914492,100.0,60.0,65.0,50.0,70.0,0,TIMEOUT,2026-07-10 15:00:00+00:00,-1.0,2250.0,0.034531333073891536,-1.0345313330738914,TRAIN,0.25368088,0.6,False
SETUP_1205,2026-07-10 05:15:00+00:00,USDCAD,SELL,1.4139599999999999,1.41571,1.4087099999999995,0.0017500000000001403,0.7099999999999884,5.0,1.0,1.877852640730276,10.0,60.0,65.0,50.0,70.0,0,SL,2026-07-10 08:15:00+00:00,-1.0,31.01,1.7719999999998581,-2.771999999999858,TRAIN,0.29298744,0.6,False
SETUP_0805,2026-07-10 05:15:00+00:00,GBPUSD,BUY,1.34446,1.3422796428571429,1.3510010714285714,0.0021803571428571367,0.6999999999999229,5.0,1.0,1.721553266598965,10.0,60.0,65.0,50.0,70.0,0,SL,2026-07-10 08:30:00+00:00,-1.0,23.97,1.0993611793611824,-2.0993611793611824,TRAIN,0.29298744,0.6,False
SETUP_1494,2026-07-10 05:15:00+00:00,USDJPY,SELL,161.455,161.9290357142857,160.03289285714294,0.4740357142856908,100.0,5.0,1.0,2.0863397333985567,100.0,60.0,65.0,50.0,70.0,0,TIMEOUT,2026-07-10 15:15:00+00:00,-1.0,26.37,0.0055628719957811846,-1.0055628719957812,TRAIN,0.32110488,0.6,False
SETUP_1357,2026-07-10 05:15:00+00:00,USDCHF,SELL,0.80354,0.8050492857142857,0.7990121428571431,0.0015092857142856575,0.5199999999999649,5.0,1.0,2.2453685298560866,10.0,60.0,65.0,50.0,70.0,0,SL,2026-07-10 09:30:00+00:00,-1.0,26.3,1.7425461429248175,-2.7425461429248177,TRAIN,0.22828485,0.6,False
SETUP_0037,2026-07-10 05:15:00+00:00,AUDUSD,BUY,0.69583,0.6940360714285715,0.7012117857142853,0.0017939285714284603,0.300000000000078,5.0,1.0,1.8548068567817362,10.0,60.0,65.0,50.0,70.0,0,SL,2026-07-10 11:30:00+00:00,-1.0,24.13,1.3450925741589526,-2.3450925741589526,TRAIN,0.4336301,0.6,False
SETUP_0674,2026-07-10 05:15:00+00:00,EURUSD,BUY,1.1456,1.1438857142857142,1.1507428571428573,0.0017142857142857792,0.5500000000000504,5.0,1.0,2.2639558924879393,10.0,60.0,65.0,50.0,70.0,0,SL,2026-07-10 07:45:00+00:00,-1.0,19.86,1.1584999999999561,-2.158499999999956,TRAIN,0.22828485,0.6,False
SETUP_0038,2026-07-10 06:00:00+00:00,AUDUSD,BUY,0.69633,0.6953225,0.6993525000000002,0.00100750000000005,0.17999999999995797,6.0,1.0,1.143049478290138,10.0,60.0,65.0,50.0,70.0,0,SL,2026-07-10 07:45:00+00:00,-1.0,24.31,2.412903225806332,-3.412903225806332,TRAIN,0.5164274,0.6,False
SETUP_0547,2026-07-10 08:15:00+00:00,EURGBP,SELL,0.85178,0.8519632142857143,0.851230357142857,0.00018321428571432818,0.1,8.0,1.0,0.7091404993356178,10.0,60.0,65.0,50.0,70.0,0,SL,2026-07-10 08:30:00+00:00,-1.0,20.03,10.932553606235283,-11.932553606235283,TRAIN,0.6585166,0.6,True
SETUP_0375,2026-07-10 08:45:00+00:00,ETHUSD,BUY,1777.52,1768.5946428571428,1804.2960714285714,8.925357142857138,100.0,8.0,1.0,0.671869697997964,100.0,60.0,65.0,50.0,70.0,0,SL,2026-07-10 09:15:00+00:00,-1.0,345.46,0.0038705453963426856,-1.0038705453963428,TRAIN,0.66307944,0.6,True
SETUP_0175,2026-07-10 08:45:00+00:00,BTCUSD,BUY,64113.5,63865.92857142857,64856.21428571428,247.57142857142753,100.0,8.0,1.0,0.7469613259668508,100.0,60.0,65.0,50.0,70.0,0,SL,2026-07-10 09:15:00+00:00,-1.0,2250.0,0.09088286208886362,-1.0908828620888635,TRAIN,0.7241683,0.6,True
SETUP_1058,2026-07-10 09:15:00+00:00,NZDUSD,BUY,0.57721,0.5765282142857142,0.5792553571428574,0.0006817857142857875,0.12000000000000899,9.0,1.0,1.4441632394811768,10.0,60.0,65.0,50.0,70.0,0,SL,2026-07-10 11:15:00+00:00,-1.0,28.5,4.180199057097508,-5.180199057097508,TRAIN,0.26685295,0.6,False
SETUP_0376,2026-07-10 11:15:00+00:00,ETHUSD,BUY,1784.32,1767.5685714285714,1834.5742857142855,16.751428571428505,100.0,11.0,1.0,2.481194566071629,100.0,60.0,65.0,50.0,70.0,0,TIMEOUT,2026-07-10 21:15:00+00:00,-1.0,345.92,0.0020650179089203562,-1.0020650179089203,TRAIN,0.34141445,0.6,False
SETUP_1738,2026-07-10 11:15:00+00:00,XRPUSD,BUY,1.1123,1.10005,1.1490500000000003,0.012250000000000094,1.5000000000000568,11.0,1.0,1.9230769230769231,10.0,60.0,65.0,50.0,70.0,0,SL,2026-07-10 17:15:00+00:00,-1.0,490.34,4.002775510204051,-5.002775510204051,TRAIN,0.5424934,0.6,False
SETUP_0176,2026-07-10 11:30:00+00:00,BTCUSD,BUY,64188.7,63892.96785714286,65075.89642857141,295.73214285713766,100.0,11.0,1.0,1.1573883161512029,100.0,60.0,65.0,50.0,70.0,0,SL,2026-07-10 17:30:00+00:00,-1.0,2250.0,0.07608236217619843,-1.0760823621761983,TRAIN,0.6114185,0.6,True
SETUP_0377,2026-07-10 11:30:00+00:00,ETHUSD,BUY,1783.97,1768.3542857142857,1830.8171428571432,15.615714285714375,100.0,11.0,1.0,1.3581333920316971,100.0,60.0,65.0,50.0,70.0,0,TIMEOUT,2026-07-10 21:30:00+00:00,-1.0,345.4,0.0022118744854084586,-1.0022118744854085,TRAIN,0.54374194,0.6,False
SETUP_1739,2026-07-10 11:30:00+00:00,XRPUSD,BUY,1.1112,1.1011142857142857,1.1414571428571427,0.010085714285714253,5.300000000000082,11.0,1.0,1.3242662848962063,26.500000000000412,60.0,65.0,50.0,70.0,0,SL,2026-07-10 17:15:00+00:00,-1.0,490.4,4.862322946175653,-5.862322946175653,TRAIN,0.612149,0.6,True
SETUP_0378,2026-07-10 12:30:00+00:00,ETHUSD,BUY,1791.4,1776.9689285714285,1834.693214285715,14.431071428571613,100.0,12.0,1.0,1.7673935617860852,100.0,60.0,65.0,50.0,70.0,0,SL,2026-07-10 17:30:00+00:00,-1.0,345.65,0.002395179053134327,-1.0023951790531342,TRAIN,0.42469794,0.6,False
SETUP_1740,2026-07-10 12:30:00+00:00,XRPUSD,BUY,1.1144,1.1060785714285715,1.1393642857142858,0.00832142857142859,1.6000000000000458,12.0,1.0,1.3961545123852417,10.0,60.0,65.0,50.0,70.0,0,SL,2026-07-10 15:45:00+00:00,-1.0,490.5,5.894420600858356,-6.894420600858356,TRAIN,0.385963,0.6,False
SETUP_0177,2026-07-10 12:30:00+00:00,BTCUSD,BUY,64461.4,64020.33928571428,65784.58214285717,441.06071428571886,100.0,12.0,1.0,1.5031539390685813,100.0,60.0,65.0,50.0,70.0,0,SL,2026-07-10 17:15:00+00:00,-1.0,2250.0,0.05101338494052434,-1.0510133849405243,TRAIN,0.34662798,0.6,False
SETUP_0379,2026-07-10 12:45:00+00:00,ETHUSD,BUY,1791.2,1779.1207142857143,1827.4378571428574,12.079285714285788,100.0,12.0,1.0,1.017364657814096,100.0,60.0,65.0,50.0,70.0,0,SL,2026-07-10 17:15:00+00:00,-1.0,345.38,0.002859275028088209,-1.0028592750280882,TRAIN,0.6422067,0.6,True
SETUP_0039,2026-07-10 13:15:00+00:00,AUDUSD,BUY,0.69506,0.69415,0.6977899999999999,0.0009099999999999664,0.12999999999996348,13.0,1.0,0.5854157346456189,10.0,60.0,65.0,50.0,70.0,0,SL,2026-07-10 14:30:00+00:00,-1.0,23.77,2.612087912088009,-3.612087912088009,TRAIN,0.7052317,0.6,True
SETUP_0806,2026-07-10 13:30:00+00:00,GBPUSD,BUY,1.34192,1.34056,1.346,0.0013600000000000279,0.2500000000000835,13.0,1.0,0.7825942534462714,10.0,60.0,65.0,50.0,70.0,0,SL,2026-07-10 16:45:00+00:00,-1.0,22.89,1.6830882352940832,-2.6830882352940835,TRAIN,0.76920813,0.6,True
SETUP_0380,2026-07-10 13:30:00+00:00,ETHUSD,BUY,1798.14,1785.1535714285715,1837.099285714286,12.986428571428632,100.0,13.0,1.0,1.2332705462476454,100.0,60.0,65.0,50.0,70.0,0,SL,2026-07-10 17:15:00+00:00,-1.0,345.69,0.0026619327869754016,-1.0026619327869755,TRAIN,0.58071244,0.6,False
SETUP_0807,2026-07-10 14:00:00+00:00,GBPUSD,BUY,1.34283,1.3413028571428571,1.3474114285714285,0.001527142857142838,0.460000000000127,14.0,1.0,0.7716089988159452,10.0,60.0,65.0,50.0,70.0,0,SL,2026-07-10 15:45:00+00:00,-1.0,22.76,1.4903648269410852,-2.490364826941085,TRAIN,0.7622115,0.6,True
SETUP_0548,2026-07-10 14:00:00+00:00,EURGBP,SELL,0.85106,0.8519421428571429,0.8484135714285715,0.0008821428571428314,0.39000000000000146,14.0,1.0,1.2777677983354292,10.0,60.0,65.0,50.0,70.0,0,SL,2026-07-10 17:00:00+00:00,-1.0,19.5,2.2105263157895383,-3.2105263157895383,TRAIN,0.5766388,0.6,False
SETUP_1206,2026-07-10 14:45:00+00:00,USDCAD,SELL,1.4155,1.4172425,1.4102725,0.0017424999999999802,0.3900000000001125,14.0,1.0,1.3036224976167778,10.0,60.0,65.0,50.0,70.0,0,TIMEOUT,2026-07-13 00:45:00+00:00,-1.0,29.21,1.6763271162123579,-2.6763271162123576,TRAIN,0.4986651,0.6,False
SETUP_1207,2026-07-10 15:00:00+00:00,USDCAD,SELL,1.41498,1.4172,1.4083199999999996,0.0022200000000001108,0.2500000000000835,15.0,1.0,1.8276019130038714,10.0,60.0,65.0,50.0,70.0,0,TIMEOUT,2026-07-13 01:00:00+00:00,-1.0,29.13,1.3121621621620967,-2.312162162162097,TRAIN,0.30289724,0.6,False
SETUP_0178,2026-07-10 16:45:00+00:00,BTCUSD,BUY,64473.7,64072.38214285715,65677.65357142856,401.3178571428507,100.0,16.0,1.0,2.204312785885428,100.0,60.0,65.0,50.0,70.0,0,SL,2026-07-10 17:15:00+00:00,-1.0,2250.0,0.056065284909540006,-1.05606528490954,TRAIN,0.14882123,0.6,False
SETUP_0381,2026-07-10 16:45:00+00:00,ETHUSD,BUY,1802.06,1789.8253571428572,1838.763928571428,12.234642857142717,100.0,16.0,1.0,2.2972760195244843,100.0,60.0,65.0,50.0,70.0,0,SL,2026-07-10 17:15:00+00:00,-1.0,345.89,0.0028271360597834343,-1.0028271360597834,TRAIN,0.14882123,0.6,False
SETUP_1741,2026-07-10 17:15:00+00:00,XRPUSD,SELL,1.1,1.1121821428571428,1.063453571428572,0.012182142857142697,3.6000000000000476,17.0,1.0,2.121292372881356,18.000000000000238,60.0,65.0,50.0,70.0,0,TIMEOUT,2026-07-11 03:15:00+00:00,-1.0,490.52,4.026549399003278,-5.026549399003278,TRAIN,0.17573899,0.6,False
SETUP_0675,2026-07-10 18:15:00+00:00,EURUSD,BUY,1.14322,1.1413535714285714,1.1488192857142854,0.0018664285714284912,0.32999999999994145,18.0,1.0,1.3289787715111165,10.0,60.0,65.0,50.0,70.0,0,SL,2026-07-10 21:15:00+00:00,-1.0,19.3,1.0340604668963322,-2.0340604668963325,TRAIN,0.14562443,0.6,False
SETUP_1495,2026-07-10 18:15:00+00:00,USDJPY,SELL,161.509,161.90517857142856,160.32046428571425,0.39617857142857815,100.0,18.0,1.0,1.7612685523030918,100.0,60.0,65.0,50.0,70.0,0,SL,2026-07-13 01:00:00+00:00,-1.0,23.75,0.005994771477508236,-1.0059947714775082,TRAIN,0.17121634,0.6,False
SETUP_1059,2026-07-10 18:30:00+00:00,NZDUSD,BUY,0.57683,0.5756085714285714,0.5804942857142857,0.0012214285714285955,0.43000000000004146,18.0,1.0,0.853830930166808,10.0,60.0,65.0,50.0,70.0,0,SL,2026-07-13 00:45:00+00:00,-1.0,28.16,2.3054970760233466,-3.3054970760233466,TRAIN,0.24580854,0.6,False
SETUP_0040,2026-07-10 18:30:00+00:00,AUDUSD,BUY,0.69538,0.6940089285714285,0.6994932142857145,0.001371071428571513,0.40000000000006697,18.0,1.0,1.1324454612304926,10.0,60.0,65.0,50.0,70.0,0,SL,2026-07-13 00:45:00+00:00,-1.0,23.6,1.7212815837456612,-2.721281583745661,TRAIN,0.24580854,0.6,False
SETUP_0676,2026-07-10 18:30:00+00:00,EURUSD,BUY,1.14306,1.1416860714285715,1.1471817857142854,0.0013739285714284843,0.26999999999999247,18.0,1.0,0.9614121510673235,10.0,60.0,65.0,50.0,70.0,0,SL,2026-07-10 20:45:00+00:00,-1.0,19.38,1.4105536781908874,-2.4105536781908876,TRAIN,0.23838077,0.6,False
SETUP_1496,2026-07-10 18:30:00+00:00,USDJPY,SELL,161.449,161.87832142857144,160.16103571428573,0.4293214285714271,100.0,18.0,1.0,1.356432771668908,100.0,60.0,65.0,50.0,70.0,0,SL,2026-07-13 01:00:00+00:00,-1.0,23.73,0.0055273271774395,-1.0055273271774394,TRAIN,0.23525484,0.6,False
SETUP_1208,2026-07-10 19:15:00+00:00,USDCAD,SELL,1.4121299999999999,1.4144135714285715,1.405279285714285,0.002283571428571607,0.5299999999999194,19.0,1.0,1.0729134976168746,10.0,60.0,65.0,50.0,70.0,0,SL,2026-07-10 21:00:00+00:00,-1.0,28.72,1.2576790741319006,-2.2576790741319006,TRAIN,0.19864577,0.6,False
SETUP_0941,2026-07-10 20:00:00+00:00,GOLD,SELL,4103.93,4120.367142857142,4054.618571428574,16.437142857142135,33.09999999999491,20.0,1.0,0.8526187576126676,100.0,60.0,65.0,50.0,70.0,0,SL,2026-07-10 23:45:00+00:00,-1.0,28.64,0.017423952720320598,-1.0174239527203206,TRAIN,0.18911444,0.6,False
SETUP_1618,2026-07-10 20:00:00+00:00,XAUUSD,SELL,4103.93,4120.367142857142,4054.618571428574,16.437142857142135,33.09999999999491,20.0,1.0,0.8526187576126676,100.0,60.0,65.0,50.0,70.0,0,SL,2026-07-10 23:45:00+00:00,-1.0,28.64,0.017423952720320598,-1.0174239527203206,TRAIN,0.18911444,0.6,False
SETUP_0808,2026-07-10 20:00:00+00:00,GBPUSD,SELL,1.3405,1.3424146428571428,1.3347560714285716,0.0019146428571428231,0.48000000000003595,20.0,1.0,0.8036854360181268,10.0,60.0,65.0,50.0,70.0,0,TIMEOUT,2026-07-13 06:00:00+00:00,-1.0,22.97,1.1997015482186373,-2.1997015482186373,TRAIN,0.33911705,0.6,False
SETUP_1358,2026-07-10 20:00:00+00:00,USDCHF,BUY,0.80733,0.8058242857142858,0.8118471428571427,0.0015057142857142214,0.42999999999993044,20.0,1.0,0.5737170531805904,10.0,60.0,65.0,50.0,70.0,0,TIMEOUT,2026-07-13 06:00:00+00:00,-1.0,25.18,1.6722960151803372,-2.672296015180337,TRAIN,0.26349822,0.6,False
SETUP_0677,2026-07-10 20:00:00+00:00,EURUSD,SELL,1.14263,1.1441707142857143,1.1380078571428573,0.0015407142857142286,0.34000000000000696,20.0,1.0,0.6918136736850663,10.0,60.0,65.0,50.0,70.0,0,TIMEOUT,2026-07-13 06:00:00+00:00,-1.0,19.44,1.261752433936069,-2.261752433936069,TRAIN,0.2557172,0.6,False
SETUP_0809,2026-07-10 20:15:00+00:00,GBPUSD,SELL,1.34026,1.3421275,1.3346575000000003,0.001867499999999911,0.31999999999987594,20.0,1.0,0.7874374146563495,10.0,60.0,65.0,50.0,70.0,0,TIMEOUT,2026-07-13 06:15:00+00:00,-1.0,22.27,1.1925033467202713,-2.1925033467202715,TRAIN,0.34791228,0.6,False
SETUP_1359,2026-07-10 20:15:00+00:00,USDCHF,BUY,0.80744,0.8061174999999999,0.8114075000000004,0.0013225000000001153,0.19999999999997797,20.0,1.0,0.5685347092828819,10.0,60.0,65.0,50.0,70.0,0,TIMEOUT,2026-07-13 06:15:00+00:00,-1.0,25.37,1.91833648393178,-2.91833648393178,TRAIN,0.27525878,0.6,False
SETUP_0549,2026-07-10 20:45:00+00:00,EURGBP,SELL,0.85196,0.852435,0.850535,0.0004750000000000032,0.1,20.0,1.0,0.5379694931933738,10.0,60.0,65.0,50.0,70.0,0,TIMEOUT,2026-07-13 06:45:00+00:00,-1.0,19.41,4.086315789473657,-5.086315789473657,TRAIN,0.4115793,0.6,False
SETUP_0678,2026-07-10 21:00:00+00:00,EURUSD,SELL,1.14157,1.1426471428571428,1.1383385714285716,0.0010771428571427766,0.21000000000004349,21.0,1.0,0.7164284453855655,10.0,60.0,65.0,50.0,70.0,1,TP,2026-07-13 04:15:00+00:00,3.0,19.85,1.8428381962866103,1.1571618037133897,TRAIN,0.43786275,0.6,False
SETUP_0550,2026-07-10 21:00:00+00:00,EURGBP,SELL,0.85195,0.8524189285714285,0.8505432142857143,0.0004689285714285507,0.140000000000029,21.0,1.0,1.1064014781002065,10.0,60.0,65.0,50.0,70.0,0,TIMEOUT,2026-07-13 07:00:00+00:00,-1.0,20.06,4.277837014470867,-5.277837014470867,TRAIN,0.2741958,0.6,False
SETUP_1742,2026-07-10 22:45:00+00:00,XRPUSD,BUY,1.1028,1.09505,1.1260499999999998,0.007749999999999924,2.0999999999999908,22.0,1.0,0.9325224442513755,10.499999999999954,60.0,65.0,50.0,70.0,0,TIMEOUT,2026-07-11 08:45:00+00:00,-1.0,490.43,6.328129032258127,-7.328129032258127,TRAIN,0.19798522,0.6,False
SETUP_0382,2026-07-10 22:45:00+00:00,ETHUSD,BUY,1791.04,1780.4117857142855,1822.9246428571432,10.62821428571442,100.0,22.0,1.0,0.776346816615273,100.0,60.0,65.0,50.0,70.0,0,TIMEOUT,2026-07-11 08:45:00+00:00,-1.0,345.65,0.0032521926139990848,-1.003252192613999,TRAIN,0.37163073,0.6,False
SETUP_0942,2026-07-10 23:00:00+00:00,GOLD,BUY,4112.11,4098.358214285714,4153.365357142857,13.751785714285688,46.599999999998545,23.0,1.0,0.5,100.0,60.0,65.0,50.0,70.0,0,SL,2026-07-13 01:00:00+00:00,-1.0,29.16,0.02120451889365022,-1.0212045188936503,TRAIN,0.24652494,0.6,False
SETUP_1619,2026-07-10 23:00:00+00:00,XAUUSD,BUY,4112.11,4098.358214285714,4153.365357142857,13.751785714285688,46.599999999998545,23.0,1.0,0.5,100.0,60.0,65.0,50.0,70.0,0,SL,2026-07-13 01:00:00+00:00,-1.0,29.16,0.02120451889365022,-1.0212045188936503,TRAIN,0.24652494,0.6,False
SETUP_1620,2026-07-10 23:15:00+00:00,XAUUSD,BUY,4111.26,4100.297857142857,4144.146428571431,10.96214285714359,17.100000000000364,23.0,1.0,0.5,85.50000000000182,60.0,65.0,50.0,70.0,0,SL,2026-07-13 01:00:00+00:00,-1.0,28.4,0.025907343454745123,-1.0259073434547452,TRAIN,0.25414485,0.6,False
SETUP_0943,2026-07-10 23:15:00+00:00,GOLD,BUY,4111.26,4100.297857142857,4144.146428571431,10.96214285714359,17.100000000000364,23.0,1.0,0.5,85.50000000000182,60.0,65.0,50.0,70.0,0,SL,2026-07-13 01:00:00+00:00,-1.0,28.4,0.025907343454745123,-1.0259073434547452,TRAIN,0.25414485,0.6,False
SETUP_0179,2026-07-11 00:15:00+00:00,BTCUSD,BUY,64000.8,63760.87142857142,64720.58571428574,239.92857142857974,100.0,0.0,1.0,0.7219512195121951,100.0,60.0,65.0,50.0,70.0,0,TIMEOUT,2026-07-11 10:30:00+00:00,-1.0,2250.0,0.09377791009228612,-1.0937779100922862,TRAIN,0.20032677,0.6,False
SETUP_0180,2026-07-11 01:30:00+00:00,BTCUSD,BUY,64117.6,63918.27857142857,64715.56428571428,199.32142857142753,100.0,1.0,1.0,0.7925407925407926,100.0,60.0,65.0,50.0,70.0,0,TIMEOUT,2026-07-11 11:45:00+00:00,-1.0,2250.0,0.11288299587887535,-1.1128829958788753,TRAIN,0.58937234,0.6,False
SETUP_0181,2026-07-11 02:30:00+00:00,BTCUSD,BUY,64189.2,63961.06785714286,64873.596428571414,228.13214285713912,100.0,2.0,1.0,0.7737704918032787,100.0,60.0,65.0,50.0,70.0,0,TIMEOUT,2026-07-11 12:45:00+00:00,-1.0,2250.0,0.09862704885952853,-1.0986270488595284,TRAIN,0.7241683,0.6,True
SETUP_0182,2026-07-11 05:45:00+00:00,BTCUSD,BUY,64153.2,63944.15178571429,64780.34464285712,209.04821428570722,100.0,5.0,1.0,0.924384629006552,100.0,60.0,65.0,50.0,70.0,0,TIMEOUT,2026-07-11 16:00:00+00:00,-1.0,2250.0,0.10763067303339477,-1.1076306730333947,TRAIN,0.58322704,0.6,False
SETUP_0383,2026-07-11 05:45:00+00:00,ETHUSD,BUY,1793.9,1786.3607142857143,1816.5178571428576,7.539285714285825,100.0,5.0,1.0,0.8174545454545454,100.0,60.0,65.0,50.0,70.0,0,TIMEOUT,2026-07-11 16:00:00+00:00,-1.0,345.41,0.004581468498341951,-1.0045814684983418,TRAIN,0.7241683,0.6,True
SETUP_0183,2026-07-11 11:15:00+00:00,BTCUSD,BUY,64247.7,64116.87142857142,64640.18571428572,130.82857142857392,100.0,11.0,1.0,0.9539170506912442,100.0,60.0,65.0,50.0,70.0,0,SL,2026-07-11 18:30:00+00:00,-1.0,2250.0,0.17198078183009063,-1.1719807818300907,TRAIN,0.626165,0.6,True
SETUP_0384,2026-07-11 16:30:00+00:00,ETHUSD,BUY,1801.98,1795.7610714285715,1820.6367857142855,6.218928571428478,100.0,16.0,1.0,1.5878043951692733,100.0,60.0,65.0,50.0,70.0,1,TP,2026-07-11 18:00:00+00:00,3.0,345.36,0.005553368173204012,2.994446631826796,TRAIN,0.3210077,0.6,False
SETUP_0184,2026-07-11 16:45:00+00:00,BTCUSD,BUY,64238.8,64147.95535714286,64511.333928571425,90.84464285714057,100.0,16.0,1.0,1.0250517122500573,100.0,60.0,65.0,50.0,70.0,0,SL,2026-07-11 18:30:00+00:00,-1.0,2250.0,0.24767558429816047,-1.2476755842981604,TRAIN,0.47517848,0.6,False
SETUP_0185,2026-07-11 17:30:00+00:00,BTCUSD,BUY,64418.3,64207.26964285714,65051.39107142858,211.03035714285943,100.0,17.0,1.0,1.7395067070532237,100.0,60.0,65.0,50.0,70.0,0,SL,2026-07-11 18:30:00+00:00,-1.0,2250.0,0.10661973141981827,-1.1066197314198183,TRAIN,0.2626591,0.6,False
SETUP_1743,2026-07-11 17:30:00+00:00,XRPUSD,BUY,1.1115,1.1056000000000001,1.1291999999999993,0.005899999999999794,1.5000000000000568,17.0,1.0,1.7303426176978063,10.0,60.0,65.0,50.0,70.0,0,SL,2026-07-12 01:15:00+00:00,-1.0,490.39,8.311694915254527,-9.311694915254527,TRAIN,0.20585157,0.6,False
SETUP_0385,2026-07-11 17:30:00+00:00,ETHUSD,BUY,1812.93,1799.4246428571428,1853.446071428572,13.505357142857292,100.0,17.0,1.0,2.8004828418692878,100.0,60.0,65.0,50.0,70.0,0,SL,2026-07-12 02:15:00+00:00,-1.0,345.96,0.002561650138833768,-1.0025616501388337,TRAIN,0.18480007,0.6,False
SETUP_0386,2026-07-11 17:45:00+00:00,ETHUSD,BUY,1809.03,1799.0928571428572,1838.8414285714284,9.937142857142817,100.0,17.0,1.0,1.2594371997254634,100.0,60.0,65.0,50.0,70.0,0,SL,2026-07-12 02:15:00+00:00,-1.0,345.28,0.003474640598044867,-1.0034746405980448,TRAIN,0.47167787,0.6,False
SETUP_1744,2026-07-11 18:15:00+00:00,XRPUSD,BUY,1.1138,1.1091000000000002,1.127899999999999,0.004699999999999704,0.7999999999999119,18.0,1.0,1.3994035329203947,10.0,60.0,65.0,50.0,70.0,0,SL,2026-07-11 18:30:00+00:00,-1.0,490.11,10.42787234042619,-11.42787234042619,TRAIN,0.12133912,0.6,False
SETUP_0387,2026-07-11 18:15:00+00:00,ETHUSD,BUY,1822.87,1806.5235714285714,1871.9092857142855,16.346428571428532,100.0,18.0,1.0,2.134998513232233,100.0,60.0,65.0,50.0,70.0,0,SL,2026-07-12 02:00:00+00:00,-1.0,345.62,0.0021143456412497322,-1.0021143456412498,TRAIN,0.12437774,0.6,False
SETUP_0186,2026-07-11 20:30:00+00:00,BTCUSD,BUY,64354.1,64081.92857142857,65170.61428571428,272.1714285714261,100.0,20.0,1.0,1.1929198274579802,100.0,60.0,65.0,50.0,70.0,0,SL,2026-07-12 02:15:00+00:00,-1.0,2250.0,0.08266848624816368,-1.0826684862481637,TRAIN,0.19183353,0.6,False
SETUP_1745,2026-07-11 21:30:00+00:00,XRPUSD,BUY,1.1151,1.109892857142857,1.1307214285714289,0.005207142857142966,1.100000000000101,21.0,1.0,0.7214908531372884,10.0,60.0,65.0,50.0,70.0,0,SL,2026-07-12 01:15:00+00:00,-1.0,490.18,9.413607681755634,-10.413607681755634,TRAIN,0.35292974,0.6,False
SETUP_0388,2026-07-11 23:00:00+00:00,ETHUSD,BUY,1823.34,1815.4750000000001,1846.9349999999993,7.864999999999782,100.0,23.0,1.0,0.5293613373339048,100.0,60.0,65.0,50.0,70.0,0,SL,2026-07-12 01:15:00+00:00,-1.0,345.28,0.004390082644628221,-1.0043900826446281,TRAIN,0.27580884,0.6,False
SETUP_0187,2026-07-11 23:15:00+00:00,BTCUSD,BUY,64347.1,64224.953571428574,64713.53928571427,122.14642857142462,100.0,23.0,1.0,0.686111530905244,100.0,60.0,65.0,50.0,70.0,0,SL,2026-07-12 01:15:00+00:00,-1.0,2250.0,0.1842051402005849,-1.1842051402005849,TRAIN,0.27580884,0.6,False
SETUP_1746,2026-07-12 02:15:00+00:00,XRPUSD,SELL,1.0991,1.108507142857143,1.0708785714285711,0.009407142857142947,2.0000000000000018,2.0,1.0,2.4790753288162612,10.000000000000009,60.0,65.0,50.0,70.0,0,TIMEOUT,2026-07-12 12:15:00+00:00,-1.0,490.68,5.216036446469198,-6.216036446469198,TRAIN,0.23776546,0.6,False
SETUP_1747,2026-07-12 02:30:00+00:00,XRPUSD,SELL,1.0977999999999999,1.1084178571428571,1.0659464285714282,0.010617857142857234,2.7000000000001467,2.0,1.0,1.955705705705706,13.500000000000734,60.0,65.0,50.0,70.0,0,TIMEOUT,2026-07-12 12:30:00+00:00,-1.0,490.67,4.621177262024852,-5.621177262024852,TRAIN,0.34329176,0.6,False
SETUP_0389,2026-07-12 02:30:00+00:00,ETHUSD,SELL,1789.74,1816.9957142857145,1707.9728571428566,27.255714285714475,100.0,2.0,1.0,2.4597967322783996,100.0,60.0,65.0,50.0,70.0,0,TIMEOUT,2026-07-12 12:30:00+00:00,-1.0,346.16,0.0012700455998741985,-1.0012700455998742,TRAIN,0.26255137,0.6,False
SETUP_0188,2026-07-12 02:30:00+00:00,BTCUSD,SELL,63946.9,64296.48214285714,62898.15357142859,349.5821428571362,100.0,2.0,1.0,1.9172484249957433,100.0,60.0,65.0,50.0,70.0,0,TIMEOUT,2026-07-12 12:30:00+00:00,-1.0,2250.0,0.06436255529560925,-1.0643625552956093,TRAIN,0.33277807,0.6,False
SETUP_1748,2026-07-12 03:15:00+00:00,XRPUSD,SELL,1.0904,1.1008107142857142,1.0591678571428575,0.010410714285714162,1.8000000000000238,3.0,1.0,1.798924555971973,10.0,60.0,65.0,50.0,70.0,0,TIMEOUT,2026-07-12 13:15:00+00:00,-1.0,490.76,4.713989708404859,-5.713989708404859,TRAIN,0.29298744,0.6,False
SETUP_0390,2026-07-12 04:30:00+00:00,ETHUSD,BUY,1805.37,1782.2435714285714,1874.7492857142854,23.126428571428505,100.0,4.0,1.0,1.3175989593012452,100.0,60.0,65.0,50.0,70.0,0,TIMEOUT,2026-07-12 14:30:00+00:00,-1.0,345.79,0.0014952157395682166,-1.0014952157395682,TRAIN,0.34480885,0.6,False
SETUP_0391,2026-07-12 04:45:00+00:00,ETHUSD,BUY,1804.97,1787.1064285714285,1858.5607142857145,17.863571428571504,100.0,4.0,1.0,0.7441348973607038,100.0,60.0,65.0,50.0,70.0,0,TIMEOUT,2026-07-12 14:45:00+00:00,-1.0,345.5,0.0019341037226598345,-1.00193410372266,TRAIN,0.7241683,0.6,True
SETUP_0189,2026-07-12 04:45:00+00:00,BTCUSD,BUY,64121.3,63806.49107142857,65065.726785714294,314.80892857143044,100.0,4.0,1.0,0.8124917295222972,100.0,60.0,65.0,50.0,70.0,0,SL,2026-07-12 09:00:00+00:00,-1.0,2250.0,0.07147192458010201,-1.071471924580102,TRAIN,0.7241683,0.6,True
SETUP_1749,2026-07-12 07:30:00+00:00,XRPUSD,SELL,1.0941,1.098442857142857,1.0810714285714291,0.004342857142856982,1.4000000000000679,7.0,1.0,0.6933842239185751,10.0,60.0,65.0,50.0,70.0,0,SL,2026-07-12 16:00:00+00:00,-1.0,490.16,11.28657894736884,-12.28657894736884,TRAIN,0.6600175,0.6,True
SETUP_0392,2026-07-12 09:15:00+00:00,ETHUSD,SELL,1789.12,1806.185,1737.9249999999997,17.065000000000055,100.0,9.0,1.0,1.3460284335463675,100.0,60.0,65.0,50.0,70.0,0,SL,2026-07-12 11:00:00+00:00,-1.0,345.72,0.0020259009668912916,-1.0020259009668913,TRAIN,0.41804484,0.6,False
SETUP_0190,2026-07-12 09:15:00+00:00,BTCUSD,SELL,63658.1,64035.549999999996,62525.75000000001,377.4499999999971,100.0,9.0,1.0,1.268140981340705,100.0,60.0,65.0,50.0,70.0,0,SL,2026-07-12 11:00:00+00:00,-1.0,2250.0,0.05961054444297304,-1.059610544442973,TRAIN,0.39534992,0.6,False
SETUP_1750,2026-07-12 09:15:00+00:00,XRPUSD,SELL,1.0847,1.0937035714285714,1.0576892857142857,0.009003571428571444,3.9000000000000146,9.0,1.0,1.287751677852349,19.50000000000007,60.0,65.0,50.0,70.0,0,SL,2026-07-12 12:30:00+00:00,-1.0,490.5,5.447838159460522,-6.447838159460522,TRAIN,0.33796737,0.6,False
SETUP_0393,2026-07-12 11:15:00+00:00,ETHUSD,BUY,1802.38,1792.6392857142857,1831.6021428571432,9.740714285714375,100.0,11.0,1.0,1.1559555618056532,100.0,60.0,65.0,50.0,70.0,0,TIMEOUT,2026-07-12 21:15:00+00:00,-1.0,345.27,0.003544606585026,-1.003544606585026,TRAIN,0.6114185,0.6,True
SETUP_0191,2026-07-12 11:15:00+00:00,BTCUSD,BUY,63980.4,63792.82142857143,64543.13571428572,187.57857142857392,100.0,11.0,1.0,0.99568655643422,100.0,60.0,65.0,50.0,70.0,0,SL,2026-07-12 12:15:00+00:00,-1.0,2250.0,0.11994973534899502,-1.1199497353489951,TRAIN,0.626165,0.6,True
SETUP_0192,2026-07-12 12:15:00+00:00,BTCUSD,SELL,63821.7,64049.80714285715,63137.37857142854,228.1071428571522,100.0,12.0,1.0,1.1551035234289866,100.0,60.0,65.0,50.0,70.0,0,SL,2026-07-12 15:00:00+00:00,-1.0,2250.0,0.09863785814936185,-1.0986378581493619,TRAIN,0.61530226,0.6,True
SETUP_0193,2026-07-12 14:45:00+00:00,BTCUSD,BUY,64002.8,63797.010714285716,64620.167857142864,205.78928571428696,100.0,14.0,1.0,0.8768344789151031,100.0,60.0,65.0,50.0,70.0,0,TIMEOUT,2026-07-13 00:45:00+00:00,-1.0,2250.0,0.10933513823085267,-1.1093351382308527,TRAIN,0.6607026,0.6,True
SETUP_0394,2026-07-12 14:45:00+00:00,ETHUSD,BUY,1802.16,1794.722142857143,1824.4735714285716,7.437857142857183,100.0,14.0,1.0,0.9310454401016842,100.0,60.0,65.0,50.0,70.0,1,TP,2026-07-12 18:15:00+00:00,3.0,345.1,0.00463977720157493,2.9953602227984253,TRAIN,0.6607026,0.6,True
SETUP_1751,2026-07-12 16:45:00+00:00,XRPUSD,SELL,1.0958,1.0994928571428573,1.0847214285714286,0.0036928571428571644,0.6999999999999229,16.0,1.0,0.809138505473584,10.0,60.0,65.0,50.0,70.0,0,SL,2026-07-12 17:45:00+00:00,-1.0,490.06,13.27048355899412,-14.27048355899412,TRAIN,0.52702975,0.6,False
SETUP_0194,2026-07-12 17:45:00+00:00,BTCUSD,BUY,64193.9,63907.88214285714,65051.95357142859,286.01785714286234,100.0,17.0,1.0,1.6057585825027687,100.0,60.0,65.0,50.0,70.0,0,SL,2026-07-13 00:45:00+00:00,-1.0,2250.0,0.0786664169320083,-1.0786664169320084,TRAIN,0.2626591,0.6,False
SETUP_0395,2026-07-12 17:45:00+00:00,ETHUSD,BUY,1817.9,1800.5439285714285,1869.9682142857148,17.356071428571568,100.0,17.0,1.0,2.3457169174086583,100.0,60.0,65.0,50.0,70.0,0,SL,2026-07-13 01:00:00+00:00,-1.0,345.78,0.001992271127847382,-1.0019922711278473,TRAIN,0.14882123,0.6,False
SETUP_0396,2026-07-12 18:00:00+00:00,ETHUSD,BUY,1820.25,1801.8346428571429,1875.4960714285714,18.415357142857147,100.0,18.0,1.0,1.9544729592576482,100.0,60.0,65.0,50.0,70.0,0,SL,2026-07-13 01:00:00+00:00,-1.0,345.42,0.0018757170839555494,-1.0018757170839556,TRAIN,0.12437774,0.6,False
SETUP_0195,2026-07-12 18:00:00+00:00,BTCUSD,BUY,64183.9,63944.514285714286,64902.05714285715,239.38571428571595,100.0,18.0,1.0,1.3193185936933673,100.0,60.0,65.0,50.0,70.0,0,SL,2026-07-13 00:45:00+00:00,-1.0,2250.0,0.09399057110461234,-1.0939905711046123,TRAIN,0.17258427,0.6,False
SETUP_0196,2026-07-12 21:45:00+00:00,BTCUSD,BUY,64136.5,63963.046428571426,64656.86071428572,173.45357142857392,100.0,21.0,1.0,0.7511909124221328,100.0,60.0,65.0,50.0,70.0,0,SL,2026-07-13 00:45:00+00:00,-1.0,2250.0,0.1297177095558694,-1.1297177095558695,TRAIN,0.3787384,0.6,False
SETUP_0197,2026-07-12 22:15:00+00:00,BTCUSD,BUY,64195.1,64076.489285714284,64550.93214285714,118.6107142857145,100.0,22.0,1.0,0.732519422863485,100.0,60.0,65.0,50.0,70.0,0,SL,2026-07-13 00:30:00+00:00,-1.0,2250.0,0.1896961849989458,-1.1896961849989458,TRAIN,0.37163073,0.6,False
SETUP_0551,2026-07-13 00:00:00+00:00,EURGBP,SELL,0.85133,0.8520525000000001,0.8491624999999998,0.0007225000000000703,0.3300000000000525,0.0,1.0,0.5,10.0,60.0,65.0,50.0,70.0,0,SL,2026-07-13 08:00:00+00:00,-1.0,76.13,10.537024221452262,-11.537024221452262,TRAIN,0.073021576,0.6,False
SETUP_0041,2026-07-13 00:00:00+00:00,AUDUSD,SELL,0.69437,0.6952292857142857,0.6917921428571432,0.0008592857142856181,0.29999999999996696,0.0,1.0,0.5,10.0,60.0,65.0,50.0,70.0,0,TIMEOUT,2026-07-13 10:00:00+00:00,-1.0,80.28,9.342643391522243,-10.342643391522243,TRAIN,0.073021576,0.6,False
SETUP_0810,2026-07-13 00:00:00+00:00,GBPUSD,SELL,1.33863,1.3398996428571428,1.3348210714285715,0.0012696428571428164,0.6699999999999484,0.0,1.0,0.5,10.0,60.0,65.0,50.0,70.0,0,TIMEOUT,2026-07-13 10:00:00+00:00,-1.0,55.06,4.336652601969197,-5.336652601969197,TRAIN,0.06942607,0.6,False
SETUP_0679,2026-07-13 00:00:00+00:00,EURUSD,SELL,1.14029,1.141527142857143,1.1365785714285712,0.0012371428571429366,0.5399999999999849,0.0,1.0,0.5,10.0,60.0,65.0,50.0,70.0,0,TIMEOUT,2026-07-13 10:00:00+00:00,-1.0,47.39,3.8306004618935185,-4.8306004618935185,TRAIN,0.06942607,0.6,False
SETUP_1497,2026-07-13 00:00:00+00:00,USDJPY,SELL,161.644,161.76610714285715,161.27767857142857,0.1221071428571463,38.000000000010914,0.0,1.0,0.5,100.0,60.0,65.0,50.0,70.0,0,SL,2026-07-13 01:00:00+00:00,-1.0,132.71,0.10868324071365591,-1.108683240713656,TRAIN,0.07159207,0.6,False
SETUP_0552,2026-07-13 00:15:00+00:00,EURGBP,SELL,0.85138,0.8521125,0.8491825,0.0007325000000000248,0.140000000000029,0.0,1.0,0.5,10.0,60.0,65.0,50.0,70.0,0,SL,2026-07-13 08:00:00+00:00,-1.0,79.78,10.891467576791442,-11.891467576791442,TRAIN,0.12993003,0.6,False
SETUP_0811,2026-07-13 00:15:00+00:00,GBPUSD,SELL,1.33866,1.3401807142857143,1.334097857142857,0.0015207142857143197,0.6399999999999739,0.0,1.0,0.5,10.0,60.0,65.0,50.0,70.0,0,TIMEOUT,2026-07-13 10:15:00+00:00,-1.0,49.85,3.278064819163854,-4.278064819163854,TRAIN,0.06942607,0.6,False
SETUP_0680,2026-07-13 00:15:00+00:00,EURUSD,SELL,1.14031,1.1415514285714286,1.136585714285714,0.0012414285714286155,0.8799999999999919,0.0,1.0,0.5,10.0,60.0,65.0,50.0,70.0,0,TIMEOUT,2026-07-13 10:15:00+00:00,-1.0,54.87,4.419907940160948,-5.419907940160948,TRAIN,0.07347516,0.6,False
SETUP_1752,2026-07-13 00:30:00+00:00,XRPUSD,SELL,1.093,1.0996428571428571,1.0730714285714285,0.0066428571428571725,3.2000000000000917,0.0,1.0,1.1000991080277502,16.00000000000046,60.0,65.0,50.0,70.0,0,SL,2026-07-13 03:15:00+00:00,-1.0,490.06,7.377247311827924,-8.377247311827924,TRAIN,0.059117656,0.6,False
SETUP_0812,2026-07-13 00:45:00+00:00,GBPUSD,SELL,1.33815,1.3388707142857141,1.3359878571428574,0.0007207142857141857,0.29999999999996696,0.0,1.0,0.5,10.0,60.0,65.0,50.0,70.0,0,SL,2026-07-13 09:30:00+00:00,-1.0,75.36,10.456293359763592,-11.456293359763592,TRAIN,0.073021576,0.6,False
SETUP_0198,2026-07-13 00:45:00+00:00,BTCUSD,SELL,63912.0,64238.696428571435,62931.910714285696,326.6964285714348,100.0,0.0,1.0,1.9102923508209853,100.0,60.0,65.0,50.0,70.0,0,SL,2026-07-13 03:00:00+00:00,-1.0,2250.0,0.06887127630500005,-1.0688712763050001,TRAIN,0.124968626,0.6,False
SETUP_1621,2026-07-13 01:00:00+00:00,XAUUSD,SELL,4080.84,4115.416071428571,3977.111785714288,34.576071428570685,78.89999999999418,1.0,1.0,1.8154560579190815,100.0,60.0,65.0,50.0,70.0,0,TIMEOUT,2026-07-13 11:00:00+00:00,-1.0,187.55,0.054242715337817375,-1.0542427153378173,TRAIN,0.16046283,0.6,False
SETUP_0199,2026-07-13 01:00:00+00:00,BTCUSD,SELL,63782.4,64137.925,62715.825,355.52500000000146,100.0,1.0,1.0,2.931654676258993,100.0,60.0,65.0,50.0,70.0,0,SL,2026-07-13 03:00:00+00:00,-1.0,2250.0,0.06328668869980988,-1.0632866886998098,TRAIN,0.35306188,0.6,False
SETUP_1360,2026-07-13 01:00:00+00:00,USDCHF,BUY,0.80997,0.8068410714285714,0.8193567857142856,0.0031289285714285464,0.8599999999999719,1.0,1.0,1.2211038601924566,10.0,60.0,65.0,50.0,70.0,0,TIMEOUT,2026-07-13 11:00:00+00:00,-1.0,32.6,1.0418901951832067,-2.041890195183207,TRAIN,0.22659396,0.6,False
SETUP_0944,2026-07-13 01:00:00+00:00,GOLD,SELL,4080.84,4115.416071428571,3977.111785714288,34.576071428570685,78.89999999999418,1.0,1.0,1.8154560579190815,100.0,60.0,65.0,50.0,70.0,0,TIMEOUT,2026-07-13 11:00:00+00:00,-1.0,187.55,0.054242715337817375,-1.0542427153378173,TRAIN,0.16046283,0.6,False
SETUP_0397,2026-07-13 01:15:00+00:00,ETHUSD,SELL,1800.89,1815.4239285714286,1757.2882142857145,14.533928571428532,100.0,1.0,1.0,1.8039117976828203,100.0,60.0,65.0,50.0,70.0,0,SL,2026-07-13 03:00:00+00:00,-1.0,345.5,0.0023771962157513277,-1.0023771962157513,TRAIN,0.2270273,0.6,False
SETUP_0945,2026-07-13 01:15:00+00:00,GOLD,SELL,4083.97,4123.825,3964.4049999999997,39.85500000000002,100.0,1.0,1.0,1.0843913368185212,100.0,60.0,65.0,50.0,70.0,0,TIMEOUT,2026-07-13 11:15:00+00:00,-1.0,105.77,0.02653870279764144,-1.0265387027976414,TRAIN,0.33778787,0.6,False
SETUP_0200,2026-07-13 01:15:00+00:00,BTCUSD,SELL,63823.9,64091.19285714286,63022.02142857143,267.2928571428565,100.0,1.0,1.0,1.4543561263450189,100.0,60.0,65.0,50.0,70.0,0,SL,2026-07-13 03:00:00+00:00,-1.0,2250.0,0.08417733358274786,-1.0841773335827478,TRAIN,0.17428596,0.6,False
SETUP_0681,2026-07-13 01:15:00+00:00,EURUSD,SELL,1.13939,1.1406707142857144,1.1355478571428563,0.0012807142857145237,0.5899999999998684,1.0,1.0,1.3861599913634892,10.0,60.0,65.0,50.0,70.0,0,SL,2026-07-13 08:00:00+00:00,-1.0,20.8,1.624093697713028,-2.624093697713028,TRAIN,0.10527693,0.6,False
SETUP_0042,2026-07-13 01:15:00+00:00,AUDUSD,SELL,0.69359,0.6945392857142857,0.6907421428571431,0.0009492857142856526,0.23999999999990695,1.0,1.0,1.5463488984342524,10.0,60.0,65.0,50.0,70.0,0,TIMEOUT,2026-07-13 11:15:00+00:00,-1.0,25.69,2.7062452972161277,-3.7062452972161277,TRAIN,0.23722857,0.6,False
SETUP_1622,2026-07-13 01:15:00+00:00,XAUUSD,SELL,4083.97,4123.825,3964.4049999999997,39.85500000000002,100.0,1.0,1.0,1.0843913368185212,100.0,60.0,65.0,50.0,70.0,0,TIMEOUT,2026-07-13 11:15:00+00:00,-1.0,105.77,0.02653870279764144,-1.0265387027976414,TRAIN,0.33778787,0.6,False
SETUP_1753,2026-07-13 01:15:00+00:00,XRPUSD,SELL,1.0827,1.0944678571428572,1.0473964285714283,0.011767857142857219,5.199999999999871,1.0,1.0,1.8464566929133859,25.999999999999357,60.0,65.0,50.0,70.0,0,SL,2026-07-13 03:00:00+00:00,-1.0,490.84,4.1710227617602165,-5.1710227617602165,TRAIN,0.16378437,0.6,False
SETUP_0813,2026-07-13 01:15:00+00:00,GBPUSD,SELL,1.33771,1.3385839285714285,1.3350882142857143,0.0008739285714285394,0.34999999999985043,1.0,1.0,1.373113231359483,10.0,60.0,65.0,50.0,70.0,0,SL,2026-07-13 03:15:00+00:00,-1.0,26.63,3.047159787495003,-4.047159787495003,TRAIN,0.26537967,0.6,False
SETUP_1209,2026-07-13 01:15:00+00:00,USDCAD,BUY,1.41663,1.4156067857142856,1.4196996428571436,0.0010232142857145021,0.7399999999999629,1.0,1.0,0.6489675516224188,10.0,60.0,65.0,50.0,70.0,0,SL,2026-07-13 07:15:00+00:00,-1.0,33.56,3.2798603839434604,-4.27986038394346,TRAIN,0.2842594,0.6,False
SETUP_1361,2026-07-13 01:15:00+00:00,USDCHF,BUY,0.8097,0.8066832142857142,0.8187503571428573,0.0030167857142857635,1.1099999999999444,1.0,1.0,0.7124914364010049,10.0,60.0,65.0,50.0,70.0,0,TIMEOUT,2026-07-13 11:15:00+00:00,-1.0,28.28,0.9374215697880752,-1.9374215697880752,TRAIN,0.31241158,0.6,False
SETUP_1754,2026-07-13 01:30:00+00:00,XRPUSD,SELL,1.0813,1.0933214285714288,1.0452357142857134,0.01202142857142885,1.100000000000101,1.0,1.0,1.2130577554568283,10.0,60.0,65.0,50.0,70.0,0,SL,2026-07-13 03:00:00+00:00,-1.0,490.35,4.078966131907214,-5.078966131907214,TRAIN,0.2528089,0.6,False
SETUP_1060,2026-07-13 03:00:00+00:00,NZDUSD,BUY,0.57562,0.5748478571428571,0.5779364285714287,0.0007721428571428879,0.22999999999995246,3.0,1.0,3.175696836830567,10.0,60.0,65.0,50.0,70.0,0,SL,2026-07-13 03:30:00+00:00,-1.0,28.21,3.653469010175618,-4.653469010175618,TRAIN,0.5891632,0.6,False
SETUP_0398,2026-07-13 03:15:00+00:00,ETHUSD,BUY,1830.07,1798.2514285714285,1925.5257142857142,31.81857142857143,100.0,3.0,1.0,2.798518975624807,100.0,60.0,65.0,50.0,70.0,0,SL,2026-07-13 05:00:00+00:00,-1.0,346.05,0.001087572397072689,-1.0010875723970727,TRAIN,0.4677615,0.6,False
SETUP_0201,2026-07-13 03:15:00+00:00,BTCUSD,BUY,64176.1,63632.485714285714,65806.94285714286,543.614285714284,100.0,3.0,1.0,2.2325915290739413,100.0,60.0,65.0,50.0,70.0,0,SL,2026-07-13 03:30:00+00:00,-1.0,2250.0,0.04138964076419743,-1.0413896407641974,TRAIN,0.2524097,0.6,False
SETUP_1623,2026-07-13 03:30:00+00:00,XAUUSD,SELL,4073.21,4095.821428571429,4005.3757142857135,22.61142857142886,51.900000000000546,3.0,1.0,1.634441464479511,100.0,60.0,65.0,50.0,70.0,0,TIMEOUT,2026-07-13 13:30:00+00:00,-1.0,28.91,0.012785569876168653,-1.0127855698761687,TRAIN,0.28984925,0.6,False
SETUP_0946,2026-07-13 03:30:00+00:00,GOLD,SELL,4073.21,4095.821428571429,4005.3757142857135,22.61142857142886,51.900000000000546,3.0,1.0,1.634441464479511,100.0,60.0,65.0,50.0,70.0,0,TIMEOUT,2026-07-13 13:30:00+00:00,-1.0,28.91,0.012785569876168653,-1.0127855698761687,TRAIN,0.28984925,0.6,False
SETUP_1061,2026-07-13 03:45:00+00:00,NZDUSD,SELL,0.5749,0.5759164285714286,0.5718507142857142,0.0010164285714285848,0.140000000000029,3.0,1.0,2.236114450589084,10.0,60.0,65.0,50.0,70.0,0,SL,2026-07-13 04:30:00+00:00,-1.0,28.21,2.775404075895958,-3.775404075895958,TRAIN,0.3533929,0.6,False
SETUP_1498,2026-07-13 04:00:00+00:00,USDJPY,BUY,162.099,161.87514285714286,162.77057142857137,0.22385714285712766,34.99999999999659,4.0,1.0,2.0494752623688157,100.0,60.0,65.0,50.0,70.0,0,SL,2026-07-13 10:00:00+00:00,-1.0,25.04,0.011185705169113715,-1.0111857051691138,TRAIN,0.28984925,0.6,False
SETUP_0682,2026-07-13 04:15:00+00:00,EURUSD,SELL,1.13887,1.1400171428571428,1.1354285714285717,0.001147142857142791,0.21000000000004349,4.0,1.0,2.0995689290846085,10.0,60.0,65.0,50.0,70.0,0,SL,2026-07-13 07:15:00+00:00,-1.0,19.95,1.7391033623911336,-2.7391033623911336,TRAIN,0.4336301,0.6,False
SETUP_1062,2026-07-13 04:30:00+00:00,NZDUSD,BUY,0.57613,0.5744842857142858,0.5810671428571428,0.0016457142857142504,0.34000000000000696,4.0,1.0,1.9090338207589486,10.0,60.0,65.0,50.0,70.0,0,TIMEOUT,2026-07-13 14:30:00+00:00,-1.0,28.16,1.711111111111148,-2.711111111111148,TRAIN,0.4336301,0.6,False
SETUP_0553,2026-07-13 04:30:00+00:00,EURGBP,SELL,0.85158,0.8520067857142857,0.850299642857143,0.00042678571428567125,0.1,4.0,1.0,1.8248397924931339,10.0,60.0,65.0,50.0,70.0,0,SL,2026-07-13 07:00:00+00:00,-1.0,19.53,4.576066945607157,-5.576066945607157,TRAIN,0.4336301,0.6,False
SETUP_1063,2026-07-13 04:45:00+00:00,NZDUSD,BUY,0.57677,0.5747414285714286,0.5828557142857141,0.0020285714285713796,0.6699999999999484,4.0,1.0,2.0180545009702184,10.0,60.0,65.0,50.0,70.0,0,TIMEOUT,2026-07-13 14:45:00+00:00,-1.0,28.24,1.3921126760563718,-2.392112676056372,TRAIN,0.29298744,0.6,False
SETUP_1210,2026-07-13 04:45:00+00:00,USDCAD,SELL,1.4160599999999999,1.417514285714286,1.4116971428571417,0.0014542857142860743,0.42999999999993044,4.0,1.0,2.2126348228043144,10.0,60.0,65.0,50.0,70.0,0,TIMEOUT,2026-07-13 14:45:00+00:00,-1.0,30.84,2.1206286836929915,-3.1206286836929915,TRAIN,0.27597147,0.6,False
SETUP_1755,2026-07-13 05:00:00+00:00,XRPUSD,SELL,1.0784,1.0894285714285714,1.0453142857142859,0.011028571428571388,3.8000000000000256,5.0,1.0,1.6735856735856736,19.000000000000128,60.0,65.0,50.0,70.0,0,TIMEOUT,2026-07-13 15:00:00+00:00,-1.0,490.62,4.448626943005198,-5.448626943005198,TRAIN,0.33143297,0.6,False
SETUP_0399,2026-07-13 05:00:00+00:00,ETHUSD,SELL,1803.45,1825.1875,1738.2375000000002,21.737499999999955,100.0,5.0,1.0,1.5464976115005133,100.0,60.0,65.0,50.0,70.0,0,TIMEOUT,2026-07-13 15:00:00+00:00,-1.0,346.11,0.0015922254169062715,-1.0015922254169063,TRAIN,0.32718313,0.6,False
SETUP_0043,2026-07-13 06:00:00+00:00,AUDUSD,SELL,0.69252,0.6939042857142858,0.6883671428571428,0.0013842857142857268,0.35999999999991594,6.0,1.0,0.9614835948644793,10.0,60.0,65.0,50.0,70.0,0,SL,2026-07-13 11:00:00+00:00,-1.0,24.06,1.7380804953560216,-2.7380804953560216,TRAIN,0.5782705,0.6,False
SETUP_1211,2026-07-13 06:00:00+00:00,USDCAD,BUY,1.41672,1.4159014285714286,1.419175714285714,0.0008185714285713352,0.2500000000000835,6.0,1.0,1.0132941248544998,10.0,60.0,65.0,50.0,70.0,0,SL,2026-07-13 07:00:00+00:00,-1.0,30.73,3.754101221640917,-4.7541012216409175,TRAIN,0.53201956,0.6,False
SETUP_0947,2026-07-13 06:15:00+00:00,GOLD,SELL,4061.8,4078.5939285714285,4011.4182142857153,16.793928571428296,58.49999999999909,6.0,1.0,0.8839894813064522,100.0,60.0,65.0,50.0,70.0,0,SL,2026-07-13 11:15:00+00:00,-1.0,28.38,0.016898964336601513,-1.0168989643366015,TRAIN,0.5504703,0.6,False
SETUP_0400,2026-07-13 06:15:00+00:00,ETHUSD,SELL,1793.21,1817.4632142857145,1720.4503571428568,24.25321428571442,100.0,6.0,1.0,1.0513387374109555,100.0,60.0,65.0,50.0,70.0,0,TIMEOUT,2026-07-13 16:15:00+00:00,-1.0,346.18,0.0014273571986040063,-1.001427357198604,TRAIN,0.50115466,0.6,False
SETUP_1756,2026-07-13 06:15:00+00:00,XRPUSD,SELL,1.0731,1.0829071428571428,1.0436785714285712,0.009807142857142903,3.3000000000000806,6.0,1.0,1.0987213797204876,16.500000000000405,60.0,65.0,50.0,70.0,0,TIMEOUT,2026-07-13 16:15:00+00:00,-1.0,490.64,5.002884195192985,-6.002884195192985,TRAIN,0.5115603,0.6,False
SETUP_0044,2026-07-13 06:15:00+00:00,AUDUSD,SELL,0.69264,0.6938596428571429,0.6889810714285716,0.001219642857142822,0.24999999999997247,6.0,1.0,0.7963979175460814,10.0,60.0,65.0,50.0,70.0,0,SL,2026-07-13 11:00:00+00:00,-1.0,23.93,1.9620497803807302,-2.96204978038073,TRAIN,0.72008353,0.6,True
SETUP_1624,2026-07-13 06:15:00+00:00,XAUUSD,SELL,4061.8,4078.5939285714285,4011.4182142857153,16.793928571428296,58.49999999999909,6.0,1.0,0.8839894813064522,100.0,60.0,65.0,50.0,70.0,0,SL,2026-07-13 11:15:00+00:00,-1.0,28.38,0.016898964336601513,-1.0168989643366015,TRAIN,0.5504703,0.6,False
SETUP_0202,2026-07-13 06:15:00+00:00,BTCUSD,SELL,63053.8,63623.649999999994,61344.25000000003,569.8499999999913,100.0,6.0,1.0,1.0284843024464618,100.0,60.0,65.0,50.0,70.0,0,TIMEOUT,2026-07-13 16:15:00+00:00,-1.0,2250.0,0.039484074756515476,-1.0394840747565155,TRAIN,0.50115466,0.6,False
SETUP_0401,2026-07-13 06:45:00+00:00,ETHUSD,SELL,1778.86,1800.2067857142858,1714.819642857142,21.346785714285943,100.0,6.0,1.0,0.5,100.0,60.0,65.0,50.0,70.0,0,TIMEOUT,2026-07-13 16:45:00+00:00,-1.0,345.64,0.001619166485419333,-1.0016191664854193,TRAIN,0.66307944,0.6,True
SETUP_1212,2026-07-13 07:30:00+00:00,USDCAD,SELL,1.41562,1.4163067857142857,1.4135596428571433,0.0006867857142855982,0.22999999999995246,7.0,1.0,0.5,10.0,60.0,65.0,50.0,70.0,0,SL,2026-07-13 08:45:00+00:00,-1.0,30.08,4.379823192928457,-5.379823192928457,TRAIN,0.6585166,0.6,True
SETUP_1213,2026-07-13 08:00:00+00:00,USDCAD,SELL,1.4151,1.4158160714285715,1.4129517857142857,0.0007160714285714409,0.18999999999991246,8.0,1.0,0.8780487804878049,10.0,60.0,65.0,50.0,70.0,0,SL,2026-07-13 08:15:00+00:00,-1.0,30.39,4.243990024937583,-5.243990024937583,TRAIN,0.55928516,0.6,False
SETUP_1362,2026-07-13 08:30:00+00:00,USDCHF,BUY,0.80966,0.8088585714285714,0.8120642857142859,0.0008014285714286196,0.12000000000000899,8.0,1.0,1.0815440840566468,10.0,60.0,65.0,50.0,70.0,0,SL,2026-07-13 09:30:00+00:00,-1.0,25.09,3.1306595365417014,-4.130659536541701,TRAIN,0.4970793,0.6,False
SETUP_1499,2026-07-13 09:00:00+00:00,USDJPY,BUY,162.318,161.9684642857143,163.36660714285713,0.3495357142857074,100.0,9.0,1.0,1.8638304817343523,100.0,60.0,65.0,50.0,70.0,0,SL,2026-07-13 10:00:00+00:00,-1.0,24.87,0.007115152753652945,-1.007115152753653,TRAIN,0.3044671,0.6,False
SETUP_1064,2026-07-13 10:15:00+00:00,NZDUSD,BUY,0.57635,0.5754514285714285,0.5790457142857146,0.0008985714285715263,0.29999999999996696,10.0,1.0,1.1893360017153884,10.0,60.0,65.0,50.0,70.0,0,SL,2026-07-13 19:30:00+00:00,-1.0,28.4,3.1605723370425816,-4.160572337042582,TRAIN,0.7571087,0.6,True
SETUP_1214,2026-07-13 10:30:00+00:00,USDCAD,SELL,1.41479,1.4164953571428571,1.4096739285714286,0.0017053571428571335,0.26999999999999247,10.0,1.0,1.6048543181461525,10.0,60.0,65.0,50.0,70.0,0,TIMEOUT,2026-07-13 20:30:00+00:00,-1.0,31.32,1.8365654450261883,-2.8365654450261886,TRAIN,0.68659496,0.6,True
SETUP_0683,2026-07-13 10:45:00+00:00,EURUSD,BUY,1.14237,1.140237142857143,1.1487685714285716,0.0021328571428571585,0.7099999999999884,10.0,1.0,1.7847496364014128,10.0,60.0,65.0,50.0,70.0,0,SL,2026-07-13 17:15:00+00:00,-1.0,19.6,0.9189551239115809,-1.918955123911581,TRAIN,0.5424934,0.6,False
SETUP_0554,2026-07-13 10:45:00+00:00,EURGBP,BUY,0.85292,0.8519407142857143,0.8558578571428572,0.000979285714285738,0.5100000000000104,10.0,1.0,1.5540239004313978,10.0,60.0,65.0,50.0,70.0,0,SL,2026-07-13 18:15:00+00:00,-1.0,19.53,1.9943107221006082,-2.9943107221006082,TRAIN,0.5493712,0.6,False
SETUP_1215,2026-07-13 10:45:00+00:00,USDCAD,SELL,1.41421,1.4161457142857141,1.4084028571428575,0.0019357142857141518,0.21000000000004349,10.0,1.0,1.2037417763157896,10.0,60.0,65.0,50.0,70.0,0,TIMEOUT,2026-07-13 20:45:00+00:00,-1.0,31.17,1.6102583025831374,-2.610258302583137,TRAIN,0.7571087,0.6,True
SETUP_1065,2026-07-13 11:00:00+00:00,NZDUSD,BUY,0.57794,0.5756542857142858,0.5847971428571427,0.0022857142857142243,0.41999999999997595,11.0,1.0,1.8556432157527547,10.0,60.0,65.0,50.0,70.0,0,SL,2026-07-13 19:30:00+00:00,-1.0,28.28,1.2372500000000333,-2.2372500000000333,TRAIN,0.6204711,0.6,True
SETUP_0684,2026-07-13 11:15:00+00:00,EURUSD,BUY,1.1437599999999999,1.1411685714285713,1.1515342857142856,0.002591428571428578,1.100000000000101,11.0,1.0,1.6997743662345706,10.0,60.0,65.0,50.0,70.0,0,SL,2026-07-13 17:00:00+00:00,-1.0,19.63,0.757497243660417,-1.757497243660417,TRAIN,0.5424934,0.6,False
SETUP_0814,2026-07-13 11:15:00+00:00,GBPUSD,BUY,1.33982,1.3378921428571429,1.3456035714285715,0.0019278571428571478,0.27999999999983594,11.0,1.0,1.341045303462535,10.0,60.0,65.0,50.0,70.0,0,SL,2026-07-13 17:00:00+00:00,-1.0,23.66,1.2272693590218569,-2.227269359021857,TRAIN,0.7234692,0.6,True
SETUP_0045,2026-07-13 11:15:00+00:00,AUDUSD,BUY,0.69401,0.6926696428571428,0.6980310714285716,0.0013403571428571848,0.3300000000000525,11.0,1.0,1.2696288365453248,10.0,60.0,65.0,50.0,70.0,0,SL,2026-07-13 17:15:00+00:00,-1.0,24.07,1.7957900346388995,-2.7957900346388995,TRAIN,0.64294934,0.6,True
SETUP_1066,2026-07-13 11:15:00+00:00,NZDUSD,BUY,0.57793,0.5760525,0.5835625000000003,0.0018775000000000874,0.6800000000000139,11.0,1.0,1.4330530806876647,10.0,60.0,65.0,50.0,70.0,0,SL,2026-07-13 19:15:00+00:00,-1.0,28.34,1.5094540612515943,-2.5094540612515943,TRAIN,0.4600869,0.6,False
SETUP_1216,2026-07-13 11:15:00+00:00,USDCAD,SELL,1.4135,1.4151732142857143,1.408480357142857,0.0016732142857143195,0.5100000000000104,11.0,1.0,1.401650103131446,10.0,60.0,65.0,50.0,70.0,0,SL,2026-07-13 19:30:00+00:00,-1.0,30.72,1.8359871931696534,-2.8359871931696534,TRAIN,0.4600869,0.6,False
SETUP_1363,2026-07-13 12:15:00+00:00,USDCHF,BUY,0.80863,0.8076617857142857,0.8115346428571427,0.0009682142857142528,0.36999999999998145,12.0,1.0,0.8506113769271665,10.0,60.0,65.0,50.0,70.0,1,TP,2026-07-13 17:15:00+00:00,3.0,24.68,2.5490225009222556,0.4509774990777444,TRAIN,0.7763167,0.6,True
SETUP_1364,2026-07-13 12:45:00+00:00,USDCHF,BUY,0.80916,0.8082153571428572,0.8119939285714284,0.0009446428571427967,0.2500000000000835,12.0,1.0,0.7280413339596055,10.0,60.0,65.0,50.0,70.0,1,TP,2026-07-13 17:15:00+00:00,3.0,24.74,2.618979206049317,0.3810207939506829,TRAIN,0.76920813,0.6,True
SETUP_1500,2026-07-13 13:30:00+00:00,USDJPY,BUY,162.099,161.94492857142856,162.56121428571427,0.1540714285714273,32.00000000001069,13.0,1.0,0.6917037980055166,100.0,60.0,65.0,50.0,70.0,0,TIMEOUT,2026-07-13 23:30:00+00:00,-1.0,24.62,0.015979601298099343,-1.0159796012980993,TRAIN,0.62623847,0.6,True
SETUP_1625,2026-07-13 13:45:00+00:00,XAUUSD,SELL,4060.62,4073.2060714285717,4022.8617857142845,12.586071428571813,29.200000000000728,13.0,1.0,1.08104316925199,100.0,60.0,65.0,50.0,70.0,1,TP,2026-07-13 17:15:00+00:00,3.0,30.12,0.02393121648080288,2.9760687835191972,TRAIN,0.70388484,0.6,True
SETUP_0948,2026-07-13 13:45:00+00:00,GOLD,SELL,4060.62,4073.2060714285717,4022.8617857142845,12.586071428571813,29.200000000000728,13.0,1.0,1.0832591481984726,100.0,60.0,65.0,50.0,70.0,1,TP,2026-07-13 17:15:00+00:00,3.0,30.12,0.02393121648080288,2.9760687835191972,TRAIN,0.70388484,0.6,True
SETUP_1217,2026-07-13 13:45:00+00:00,USDCAD,SELL,1.41266,1.4143942857142857,1.407457142857143,0.0017342857142856882,0.260000000000149,13.0,1.0,0.8074229379488781,10.0,60.0,65.0,50.0,70.0,0,SL,2026-07-13 16:30:00+00:00,-1.0,30.72,1.7713344316309987,-2.771334431630999,TRAIN,0.76920813,0.6,True
SETUP_0203,2026-07-13 13:45:00+00:00,BTCUSD,SELL,62856.8,63186.02321428571,61869.13035714287,329.2232142857101,100.0,13.0,1.0,1.0210026061628086,100.0,60.0,65.0,50.0,70.0,1,TP,2026-07-13 21:00:00+00:00,3.0,2250.0,0.0683426897730055,2.9316573102269947,TRAIN,0.6422067,0.6,True
SETUP_1218,2026-07-13 14:00:00+00:00,USDCAD,SELL,1.4129800000000001,1.4142628571428573,1.4091314285714287,0.0012828571428571411,0.2300000000001745,14.0,1.0,1.2051005747126438,10.0,60.0,65.0,50.0,70.0,0,SL,2026-07-13 16:15:00+00:00,-1.0,30.35,2.365812917594658,-3.365812917594658,TRAIN,0.6936439,0.6,True
SETUP_1067,2026-07-13 14:00:00+00:00,NZDUSD,BUY,0.5781,0.5771257142857142,0.5810228571428571,0.0009742857142857053,0.22999999999995246,14.0,1.0,1.0631869897795205,10.0,60.0,65.0,50.0,70.0,0,SL,2026-07-13 17:15:00+00:00,-1.0,28.02,2.8759530791789123,-3.8759530791789123,TRAIN,0.70474344,0.6,True
SETUP_0046,2026-07-13 14:00:00+00:00,AUDUSD,BUY,0.69439,0.6935428571428571,0.6969314285714284,0.0008471428571428241,0.140000000000029,14.0,1.0,0.9606103782690629,10.0,60.0,65.0,50.0,70.0,0,SL,2026-07-13 16:30:00+00:00,-1.0,23.92,2.8236087689714426,-3.8236087689714426,TRAIN,0.7087223,0.6,True
SETUP_1501,2026-07-13 15:15:00+00:00,USDJPY,BUY,162.163,162.0312142857143,162.55835714285715,0.13178571428571217,30.99999999997749,15.0,1.0,0.7830203495546431,100.0,60.0,65.0,50.0,70.0,0,TIMEOUT,2026-07-14 01:15:00+00:00,-1.0,24.49,0.018583197831978617,-1.0185831978319786,TRAIN,0.5422167,0.6,False
SETUP_1365,2026-07-13 15:15:00+00:00,USDCHF,BUY,0.81023,0.8086428571428571,0.8149914285714287,0.001587142857142898,0.28999999999990145,15.0,1.0,1.1490930835160456,10.0,60.0,65.0,50.0,70.0,0,TIMEOUT,2026-07-14 01:15:00+00:00,-1.0,24.7,1.5562556255625162,-2.556255625562516,TRAIN,0.46072075,0.6,False
SETUP_0047,2026-07-13 15:15:00+00:00,AUDUSD,SELL,0.69398,0.6949332142857143,0.6911203571428572,0.0009532142857142656,0.21000000000004349,15.0,1.0,1.1442647332217886,10.0,60.0,65.0,50.0,70.0,1,TP,2026-07-14 00:00:00+00:00,3.0,23.83,2.4999625327838673,0.5000374672161327,TRAIN,0.5589036,0.6,False
SETUP_0204,2026-07-13 15:45:00+00:00,BTCUSD,SELL,62612.2,62932.887500000004,61650.137499999975,320.6875000000073,100.0,15.0,1.0,1.054010773038288,100.0,60.0,65.0,50.0,70.0,0,SL,2026-07-13 18:15:00+00:00,-1.0,2250.0,0.07016176183979572,-1.0701617618397958,TRAIN,0.47517848,0.6,False
SETUP_0402,2026-07-13 15:45:00+00:00,ETHUSD,SELL,1770.45,1782.4417857142857,1734.474642857143,11.991785714285697,100.0,15.0,1.0,1.1724517906336087,100.0,60.0,65.0,50.0,70.0,0,SL,2026-07-13 18:15:00+00:00,-1.0,345.49,0.0028810554844089747,-1.002881055484409,TRAIN,0.46203664,0.6,False
SETUP_1757,2026-07-13 15:45:00+00:00,XRPUSD,SELL,1.0712,1.0766535714285712,1.054839285714286,0.00545357142857128,1.3000000000000789,15.0,1.0,1.00682279181265,10.0,60.0,65.0,50.0,70.0,0,SL,2026-07-13 18:15:00+00:00,-1.0,490.24,8.989338572364359,-9.989338572364359,TRAIN,0.47283024,0.6,False
SETUP_1068,2026-07-13 16:00:00+00:00,NZDUSD,BUY,0.57835,0.5774025,0.5811925,0.00094749999999999,0.32999999999994145,16.0,1.0,1.1951555587787366,10.0,60.0,65.0,50.0,70.0,0,SL,2026-07-13 17:15:00+00:00,-1.0,28.01,2.956200527704517,-3.956200527704517,TRAIN,0.46072075,0.6,False
SETUP_1502,2026-07-13 16:45:00+00:00,USDJPY,BUY,162.213,162.07271428571428,162.63385714285712,0.14028571428571013,22.999999999996135,16.0,1.0,1.130111899770138,100.0,60.0,65.0,50.0,70.0,0,TIMEOUT,2026-07-14 02:45:00+00:00,-1.0,23.68,0.016879837067210274,-1.0168798370672103,TRAIN,0.47283024,0.6,False
SETUP_0048,2026-07-13 16:45:00+00:00,AUDUSD,SELL,0.69351,0.6944585714285714,0.6906642857142857,0.0009485714285714097,0.15999999999993797,16.0,1.0,2.094287102902841,10.0,60.0,65.0,50.0,70.0,0,TIMEOUT,2026-07-14 02:45:00+00:00,-1.0,23.47,2.4742469879518563,-3.4742469879518563,TRAIN,0.27268714,0.6,False
SETUP_1626,2026-07-13 17:00:00+00:00,XAUUSD,SELL,4035.89,4068.698571428571,3937.4642857142862,32.80857142857121,46.599999999998545,17.0,1.0,1.5974385787130367,100.0,60.0,65.0,50.0,70.0,0,TIMEOUT,2026-07-14 04:00:00+00:00,-1.0,29.73,0.009061656361578045,-1.009061656361578,TRAIN,0.20871566,0.6,False
SETUP_0949,2026-07-13 17:00:00+00:00,GOLD,SELL,4035.89,4068.698571428571,3937.4642857142862,32.80857142857121,46.599999999998545,17.0,1.0,1.5974385787130367,100.0,60.0,65.0,50.0,70.0,0,TIMEOUT,2026-07-14 04:00:00+00:00,-1.0,29.73,0.009061656361578045,-1.009061656361578,TRAIN,0.20871566,0.6,False
SETUP_0685,2026-07-13 17:00:00+00:00,EURUSD,SELL,1.14128,1.1432075000000002,1.1354974999999998,0.001927500000000082,0.34000000000000696,17.0,1.0,1.3787411493853439,10.0,60.0,65.0,50.0,70.0,0,TIMEOUT,2026-07-14 03:00:00+00:00,-1.0,19.26,0.9992217898832261,-1.999221789883226,TRAIN,0.45897183,0.6,False
SETUP_1627,2026-07-13 17:15:00+00:00,XAUUSD,SELL,4016.68,4063.692857142857,3875.641428571428,47.01285714285723,47.30000000000018,17.0,1.0,1.699767437074235,100.0,60.0,65.0,50.0,70.0,0,TIMEOUT,2026-07-14 04:15:00+00:00,-1.0,30.72,0.006534382691664882,-1.0065343826916648,TRAIN,0.20871566,0.6,False
SETUP_0950,2026-07-13 17:15:00+00:00,GOLD,SELL,4016.68,4063.692857142857,3875.641428571428,47.01285714285723,47.30000000000018,17.0,1.0,1.699767437074235,100.0,60.0,65.0,50.0,70.0,0,TIMEOUT,2026-07-14 04:15:00+00:00,-1.0,30.72,0.006534382691664882,-1.0065343826916648,TRAIN,0.20871566,0.6,False
SETUP_1503,2026-07-13 17:15:00+00:00,USDJPY,BUY,162.289,162.12835714285714,162.77092857142853,0.16064285714284665,21.000000000015007,17.0,1.0,1.7131406774341515,100.0,60.0,65.0,50.0,70.0,0,TIMEOUT,2026-07-14 03:15:00+00:00,-1.0,23.79,0.014809248554914263,-1.0148092485549143,TRAIN,0.25398338,0.6,False
SETUP_1628,2026-07-13 17:30:00+00:00,XAUUSD,SELL,4005.47,4052.632857142857,3863.981428571428,47.16285714285732,100.0,17.0,1.0,1.5394170010153685,100.0,60.0,65.0,50.0,70.0,0,TIMEOUT,2026-07-14 04:30:00+00:00,-1.0,29.43,0.006240079966074975,-1.006240079966075,TRAIN,0.3210077,0.6,False
SETUP_0951,2026-07-13 17:30:00+00:00,GOLD,SELL,4005.47,4052.632857142857,3863.981428571428,47.16285714285732,100.0,17.0,1.0,1.5394170010153685,100.0,60.0,65.0,50.0,70.0,0,TIMEOUT,2026-07-14 04:30:00+00:00,-1.0,29.43,0.006240079966074975,-1.006240079966075,TRAIN,0.3210077,0.6,False
SETUP_0555,2026-07-13 18:15:00+00:00,EURGBP,SELL,0.85194,0.8528835714285714,0.8491092857142859,0.000943571428571377,0.1,18.0,1.0,0.8478068884309685,10.0,60.0,65.0,50.0,70.0,0,TIMEOUT,2026-07-14 04:15:00+00:00,-1.0,19.17,2.031642694928196,-3.031642694928196,TRAIN,0.5081165,0.6,False
SETUP_0556,2026-07-13 18:30:00+00:00,EURGBP,SELL,0.85199,0.8527021428571429,0.8498535714285715,0.0007121428571428279,0.14999999999998348,18.0,1.0,0.8991848278156712,10.0,60.0,65.0,50.0,70.0,0,SL,2026-07-14 03:00:00+00:00,-1.0,19.34,2.7157472417252873,-3.7157472417252873,TRAIN,0.25705504,0.6,False
SETUP_0205,2026-07-13 18:45:00+00:00,BTCUSD,SELL,62602.9,63088.56071428571,61145.91785714287,485.6607142857101,100.0,18.0,1.0,0.7446293005976418,100.0,60.0,65.0,50.0,70.0,0,TIMEOUT,2026-07-14 04:45:00+00:00,-1.0,2250.0,0.04632863918814615,-1.0463286391881461,TRAIN,0.39180332,0.6,False
SETUP_0206,2026-07-13 19:30:00+00:00,BTCUSD,SELL,62351.5,62741.364285714284,61181.90714285715,389.86428571428405,100.0,19.0,1.0,0.8599276843263638,100.0,60.0,65.0,50.0,70.0,0,TIMEOUT,2026-07-14 05:30:00+00:00,-1.0,2250.0,0.05771239075868917,-1.0577123907586892,TRAIN,0.21351112,0.6,False
SETUP_0952,2026-07-13 19:30:00+00:00,GOLD,SELL,4000.7,4024.1921428571427,3930.223571428571,23.49214285714288,78.19999999999709,19.0,1.0,1.292463132622523,100.0,60.0,65.0,50.0,70.0,0,TIMEOUT,2026-07-14 06:30:00+00:00,-1.0,29.98,0.012761713642859303,-1.0127617136428593,TRAIN,0.13812019,0.6,False
SETUP_1504,2026-07-13 19:30:00+00:00,USDJPY,BUY,162.396,162.26475000000002,162.78974999999988,0.1312499999999659,46.999999999997044,19.0,1.0,1.4829084928932221,100.0,60.0,65.0,50.0,70.0,0,SL,2026-07-14 00:00:00+00:00,-1.0,24.2,0.018438095238100027,-1.0184380952381,TRAIN,0.10868899,0.6,False
SETUP_0815,2026-07-13 19:30:00+00:00,GBPUSD,SELL,1.33671,1.3388117857142856,1.3304046428571434,0.0021017857142855423,0.7300000000001194,19.0,1.0,1.3121864104090484,10.0,60.0,65.0,50.0,70.0,0,TIMEOUT,2026-07-14 05:30:00+00:00,-1.0,23.12,1.100016992353531,-2.100016992353531,TRAIN,0.12712961,0.6,False
SETUP_0686,2026-07-13 19:30:00+00:00,EURUSD,SELL,1.13888,1.1405660714285712,1.1338217857142858,0.0016860714285713563,0.8500000000000174,19.0,1.0,1.9372067845543126,10.0,60.0,65.0,50.0,70.0,0,TIMEOUT,2026-07-14 05:30:00+00:00,-1.0,19.6,1.162465579326464,-2.162465579326464,TRAIN,0.082310766,0.6,False
SETUP_0049,2026-07-13 19:30:00+00:00,AUDUSD,SELL,0.69229,0.6938564285714286,0.687590714285714,0.0015664285714286352,0.48999999999999044,19.0,1.0,1.5164992380182252,10.0,60.0,65.0,50.0,70.0,0,TIMEOUT,2026-07-14 05:30:00+00:00,-1.0,23.58,1.50533515731868,-2.50533515731868,TRAIN,0.14635119,0.6,False
SETUP_1758,2026-07-13 19:30:00+00:00,XRPUSD,SELL,1.0673,1.0743785714285714,1.0460642857142854,0.00707857142857149,1.7000000000000348,19.0,1.0,0.7648223403146817,10.0,60.0,65.0,50.0,70.0,0,TIMEOUT,2026-07-14 05:30:00+00:00,-1.0,490.48,6.929081735620525,-7.929081735620525,TRAIN,0.35292974,0.6,False
SETUP_1629,2026-07-13 19:30:00+00:00,XAUUSD,SELL,4000.7,4024.1921428571427,3930.223571428571,23.49214285714288,78.19999999999709,19.0,1.0,1.292463132622523,100.0,60.0,65.0,50.0,70.0,0,TIMEOUT,2026-07-14 06:30:00+00:00,-1.0,29.98,0.012761713642859303,-1.0127617136428593,TRAIN,0.13812019,0.6,False
SETUP_1366,2026-07-13 19:30:00+00:00,USDCHF,BUY,0.81309,0.8117535714285714,0.8170992857142857,0.0013364285714285717,0.5700000000000705,19.0,1.0,1.814876646262289,10.0,60.0,65.0,50.0,70.0,0,TIMEOUT,2026-07-14 05:30:00+00:00,-1.0,24.4,1.8257616247995718,-2.825761624799572,TRAIN,0.107292265,0.6,False
SETUP_1069,2026-07-13 19:30:00+00:00,NZDUSD,SELL,0.57563,0.5773517857142857,0.5704646428571428,0.0017217857142857174,0.6000000000000449,19.0,1.0,1.7026532931468945,10.0,60.0,65.0,50.0,70.0,0,SL,2026-07-14 03:30:00+00:00,-1.0,28.22,1.638996058908937,-2.638996058908937,TRAIN,0.11539537,0.6,False
SETUP_1070,2026-07-13 19:45:00+00:00,NZDUSD,SELL,0.57551,0.5772775,0.5702074999999999,0.001767500000000033,0.19999999999997797,19.0,1.0,1.2076948780371377,10.0,60.0,65.0,50.0,70.0,0,SL,2026-07-14 03:30:00+00:00,-1.0,28.26,1.5988684582743693,-2.598868458274369,TRAIN,0.20698605,0.6,False
SETUP_1759,2026-07-13 20:45:00+00:00,XRPUSD,SELL,1.0567,1.0682964285714285,1.0219107142857144,0.011596428571428508,2.2999999999999687,20.0,1.0,0.8607695358984531,11.499999999999844,60.0,65.0,50.0,70.0,0,SL,2026-07-13 22:45:00+00:00,-1.0,490.39,4.228801971050223,-5.228801971050223,TRAIN,0.20284386,0.6,False
SETUP_0403,2026-07-13 21:00:00+00:00,ETHUSD,SELL,1755.27,1774.5282142857143,1697.495357142857,19.258214285714303,100.0,21.0,1.0,1.1075519843639718,100.0,60.0,65.0,50.0,70.0,0,SL,2026-07-13 23:00:00+00:00,-1.0,346.01,0.0017966878697401835,-1.0017966878697402,TRAIN,0.20014927,0.6,False
SETUP_0816,2026-07-13 22:15:00+00:00,GBPUSD,SELL,1.33524,1.3363325,1.3319625000000002,0.0010924999999999407,0.280000000000058,22.0,1.0,0.7611040679700184,10.0,60.0,65.0,50.0,70.0,0,TIMEOUT,2026-07-14 08:15:00+00:00,-1.0,22.17,2.0292906178490804,-3.0292906178490804,TRAIN,0.3410656,0.6,False
SETUP_0050,2026-07-13 22:15:00+00:00,AUDUSD,SELL,0.69153,0.6923521428571429,0.6890635714285713,0.0008221428571428824,0.26999999999999247,22.0,1.0,0.5,10.0,60.0,65.0,50.0,70.0,0,SL,2026-07-14 05:15:00+00:00,-1.0,24.2,2.9435273675064257,-3.9435273675064257,TRAIN,0.24998921,0.6,False
SETUP_1071,2026-07-13 22:15:00+00:00,NZDUSD,SELL,0.57473,0.5755514285714286,0.572265714285714,0.0008214285714286396,0.19999999999997797,22.0,1.0,0.5,10.0,60.0,65.0,50.0,70.0,0,SL,2026-07-14 01:30:00+00:00,-1.0,28.18,3.4306086956518898,-4.430608695651889,TRAIN,0.26925144,0.6,False
SETUP_1219,2026-07-13 22:15:00+00:00,USDCAD,BUY,1.4156900000000001,1.4145621428571429,1.4190735714285718,0.001127857142857236,0.34999999999985043,22.0,1.0,0.6649354737173434,10.0,60.0,65.0,50.0,70.0,0,SL,2026-07-14 03:30:00+00:00,-1.0,29.08,2.5783407219757213,-3.5783407219757213,TRAIN,0.24998921,0.6,False
SETUP_1072,2026-07-13 22:30:00+00:00,NZDUSD,SELL,0.57483,0.5755953571428571,0.5725339285714284,0.0007653571428571926,0.14999999999998348,22.0,1.0,0.5,10.0,60.0,65.0,50.0,70.0,0,SL,2026-07-14 02:00:00+00:00,-1.0,28.39,3.7093793747081123,-4.709379374708112,TRAIN,0.26925144,0.6,False
SETUP_0817,2026-07-13 23:15:00+00:00,GBPUSD,SELL,1.33437,1.3355728571428571,1.3307614285714289,0.0012028571428570611,0.24000000000001798,23.0,1.0,0.5,10.0,60.0,65.0,50.0,70.0,0,SL,2026-07-14 03:45:00+00:00,-1.0,24.03,1.9977434679336277,-2.9977434679336277,TRAIN,0.24998921,0.6,False
SETUP_1367,2026-07-13 23:15:00+00:00,USDCHF,BUY,0.81466,0.8141557142857143,0.8161728571428573,0.0005042857142857349,0.12000000000000899,23.0,1.0,0.5,10.0,60.0,65.0,50.0,70.0,0,SL,2026-07-14 00:00:00+00:00,-1.0,24.5,4.858356940509717,-5.858356940509717,TRAIN,0.4091624,0.6,False
SETUP_0687,2026-07-13 23:15:00+00:00,EURUSD,SELL,1.13787,1.1384621428571429,1.1360935714285711,0.0005921428571429299,0.2300000000001745,23.0,1.0,0.5,10.0,60.0,65.0,50.0,70.0,0,SL,2026-07-14 01:00:00+00:00,-1.0,19.7,3.3268998793723292,-4.326899879372329,TRAIN,0.24998921,0.6,False
SETUP_1760,2026-07-13 23:15:00+00:00,XRPUSD,SELL,1.0606,1.070275,1.0315749999999997,0.0096750000000001,1.3999999999998458,23.0,1.0,0.8910359634997316,10.0,60.0,65.0,50.0,70.0,0,SL,2026-07-14 08:00:00+00:00,-1.0,490.56,5.070387596899173,-6.070387596899173,TRAIN,0.19798522,0.6,False
SETUP_0818,2026-07-13 23:30:00+00:00,GBPUSD,SELL,1.33452,1.3356217857142858,1.3312146428571423,0.0011017857142858745,0.21000000000004349,23.0,1.0,0.5,10.0,60.0,65.0,50.0,70.0,0,SL,2026-07-14 04:15:00+00:00,-1.0,23.56,2.1383468395458802,-3.1383468395458802,TRAIN,0.327331,0.6,False
SETUP_0557,2026-07-13 23:30:00+00:00,EURGBP,BUY,0.85254,0.8522592857142857,0.8533821428571429,0.0002807142857143008,0.1,23.0,1.0,0.5156092648539778,10.0,60.0,65.0,50.0,70.0,0,SL,2026-07-13 23:45:00+00:00,-1.0,19.35,6.893129770991997,-7.893129770991997,TRAIN,0.4115793,0.6,False
SETUP_1220,2026-07-14 00:00:00+00:00,USDCAD,SELL,1.41482,1.4159525000000002,1.4114224999999994,0.0011325000000002028,0.3799999999998249,0.0,1.0,0.5,10.0,60.0,65.0,50.0,70.0,0,TIMEOUT,2026-07-14 10:00:00+00:00,-1.0,140.54,12.40971302428034,-13.40971302428034,TRAIN,0.07019307,0.6,False
SETUP_1221,2026-07-14 00:15:00+00:00,USDCAD,SELL,1.41477,1.4159389285714288,1.411263214285714,0.0011689285714286957,0.38999999999989043,0.0,1.0,0.5,10.0,60.0,65.0,50.0,70.0,0,TIMEOUT,2026-07-14 10:15:00+00:00,-1.0,151.0,12.917812404520474,-13.917812404520474,TRAIN,0.07019307,0.6,False
SETUP_1073,2026-07-14 00:15:00+00:00,NZDUSD,SELL,0.57443,0.5750146428571429,0.5726760714285714,0.0005846428571428808,0.19999999999997797,0.0,1.0,0.5,10.0,60.0,65.0,50.0,70.0,0,SL,2026-07-14 01:00:00+00:00,-1.0,90.0,15.394013439217462,-16.39401343921746,TRAIN,0.073021576,0.6,False
SETUP_0051,2026-07-14 00:15:00+00:00,AUDUSD,SELL,0.69131,0.6917842857142857,0.6898871428571427,0.0004742857142857604,0.180000000000069,0.0,1.0,0.5,10.0,60.0,65.0,50.0,70.0,0,SL,2026-07-14 01:00:00+00:00,-1.0,77.11,16.258132530118903,-17.258132530118903,TRAIN,0.073021576,0.6,False
SETUP_1505,2026-07-14 00:30:00+00:00,USDJPY,BUY,162.406,162.22125,162.96025000000003,0.18475000000000819,22.00000000001978,0.0,1.0,0.5,100.0,60.0,65.0,50.0,70.0,0,SL,2026-07-14 03:45:00+00:00,-1.0,81.19,0.043945872801080595,-1.0439458728010806,TRAIN,0.07347516,0.6,False
SETUP_0207,2026-07-14 01:45:00+00:00,BTCUSD,SELL,61915.1,62291.053571428565,60787.2392857143,375.95357142856665,100.0,1.0,1.0,0.9896167158056659,100.0,60.0,65.0,50.0,70.0,0,SL,2026-07-14 02:45:00+00:00,-1.0,2250.0,0.059847815554733015,-1.059847815554733,TRAIN,0.33778787,0.6,False
SETUP_1630,2026-07-14 02:30:00+00:00,XAUUSD,SELL,3995.4,4005.2867857142855,3965.7396428571437,9.886785714285452,22.100000000000364,2.0,1.0,0.8755641150938515,100.0,60.0,65.0,50.0,70.0,0,SL,2026-07-14 03:30:00+00:00,-1.0,32.81,0.03318570964129698,-1.033185709641297,TRAIN,0.5798992,0.6,False
SETUP_0953,2026-07-14 02:30:00+00:00,GOLD,SELL,3995.4,4005.2867857142855,3965.7396428571437,9.886785714285452,22.100000000000364,2.0,1.0,0.8755641150938515,100.0,60.0,65.0,50.0,70.0,0,SL,2026-07-14 03:30:00+00:00,-1.0,32.81,0.03318570964129698,-1.033185709641297,TRAIN,0.5798992,0.6,False
SETUP_1074,2026-07-14 02:45:00+00:00,NZDUSD,BUY,0.57623,0.5752764285714286,0.5790907142857143,0.0009535714285714425,0.2500000000000835,2.0,1.0,3.1722846441947565,10.0,60.0,65.0,50.0,70.0,1,TP,2026-07-14 06:30:00+00:00,3.0,28.72,3.0118352059924653,-0.011835205992465347,TRAIN,0.61051536,0.6,True
SETUP_1222,2026-07-14 02:45:00+00:00,USDCAD,SELL,1.4148,1.4153667857142858,1.413099642857143,0.0005667857142857002,0.140000000000029,2.0,1.0,1.8135571664758998,10.0,60.0,65.0,50.0,70.0,1,TP,2026-07-14 05:30:00+00:00,3.0,31.65,5.584120982986906,-2.5841209829869056,TRAIN,0.4467024,0.6,False
SETUP_1075,2026-07-14 03:45:00+00:00,NZDUSD,BUY,0.57757,0.5754857142857143,0.5838228571428573,0.0020842857142857607,0.8900000000000574,3.0,1.0,3.0801566829081874,10.0,60.0,65.0,50.0,70.0,0,TIMEOUT,2026-07-14 13:45:00+00:00,-1.0,28.37,1.3611377655928416,-2.361137765592842,TRAIN,0.43503115,0.6,False
SETUP_1223,2026-07-14 03:45:00+00:00,USDCAD,SELL,1.41461,1.415395357142857,1.4122539285714286,0.0007853571428571016,0.29999999999996696,3.0,1.0,2.9890191699236928,10.0,60.0,65.0,50.0,70.0,1,TP,2026-07-14 10:15:00+00:00,3.0,31.51,4.012187357890161,-1.012187357890161,TRAIN,0.5721566,0.6,False
SETUP_1076,2026-07-14 05:15:00+00:00,NZDUSD,BUY,0.57863,0.5772075000000001,0.5828974999999996,0.0014224999999998822,0.34000000000000696,5.0,1.0,1.1412156427498856,10.0,60.0,65.0,50.0,70.0,0,TIMEOUT,2026-07-14 15:15:00+00:00,-1.0,28.38,1.9950790861161585,-2.9950790861161583,TRAIN,0.5164274,0.6,False
SETUP_1224,2026-07-14 05:15:00+00:00,USDCAD,SELL,1.41337,1.414565,1.4097849999999998,0.0011950000000000571,0.26999999999999247,5.0,1.0,1.1080669710806696,10.0,60.0,65.0,50.0,70.0,1,TP,2026-07-14 11:00:00+00:00,3.0,31.49,2.635146443514518,0.3648535564854818,TRAIN,0.5164274,0.6,False
SETUP_1077,2026-07-14 05:30:00+00:00,NZDUSD,BUY,0.57871,0.5774260714285715,0.5825617857142853,0.0012839285714284498,0.24000000000001798,5.0,1.0,1.1968134379052677,10.0,60.0,65.0,50.0,70.0,0,TIMEOUT,2026-07-14 15:30:00+00:00,-1.0,28.43,2.2142976356052166,-3.2142976356052166,TRAIN,0.5164274,0.6,False
SETUP_1225,2026-07-14 05:30:00+00:00,USDCAD,SELL,1.41321,1.4143746428571429,1.4097160714285717,0.0011646428571427947,0.31000000000003247,5.0,1.0,0.9658064891943845,10.0,60.0,65.0,50.0,70.0,1,TP,2026-07-14 11:00:00+00:00,3.0,30.61,2.6282735357253784,0.37172646427462164,TRAIN,0.5782705,0.6,False
SETUP_1761,2026-07-14 06:15:00+00:00,XRPUSD,SELL,1.0614,1.0665785714285714,1.0458642857142855,0.005178571428571477,0.9999999999998899,6.0,1.0,1.1342335186656076,10.0,60.0,65.0,50.0,70.0,0,SL,2026-07-14 07:30:00+00:00,-1.0,490.42,9.47017931034474,-10.47017931034474,TRAIN,0.5115603,0.6,False
SETUP_1078,2026-07-14 06:30:00+00:00,NZDUSD,BUY,0.5791,0.5782171428571429,0.5817485714285712,0.0008828571428570742,0.19000000000002348,6.0,1.0,1.0528584514251844,10.0,60.0,65.0,50.0,70.0,0,SL,2026-07-14 09:45:00+00:00,-1.0,28.33,3.2088996763756543,-4.208899676375655,TRAIN,0.5164274,0.6,False
SETUP_1079,2026-07-14 08:15:00+00:00,NZDUSD,BUY,0.57924,0.5782135714285714,0.5823192857142856,0.0010264285714285393,0.27999999999994696,8.0,1.0,0.7657149640885618,10.0,60.0,65.0,50.0,70.0,0,SL,2026-07-14 09:45:00+00:00,-1.0,28.52,2.7785664578984863,-3.7785664578984863,TRAIN,0.72008353,0.6,True
SETUP_0558,2026-07-14 08:30:00+00:00,EURGBP,SELL,0.85222,0.8526714285714285,0.8508657142857143,0.0004514285714285471,0.1,8.0,1.0,0.660377358490566,10.0,60.0,65.0,50.0,70.0,0,SL,2026-07-14 09:15:00+00:00,-1.0,19.39,4.295253164557194,-5.295253164557194,TRAIN,0.6585166,0.6,True
SETUP_0688,2026-07-14 09:15:00+00:00,EURUSD,SELL,1.13862,1.1394882142857143,1.1360153571428568,0.0008682142857143749,0.12999999999996348,9.0,1.0,1.3957961258414617,10.0,60.0,65.0,50.0,70.0,0,SL,2026-07-14 10:45:00+00:00,-1.0,19.61,2.258658988070521,-3.258658988070521,TRAIN,0.26685295,0.6,False
SETUP_0819,2026-07-14 09:15:00+00:00,GBPUSD,SELL,1.33523,1.3369564285714286,1.3300507142857139,0.0017264285714286842,0.2500000000000835,9.0,1.0,1.086990669473155,10.0,60.0,65.0,50.0,70.0,0,SL,2026-07-14 11:30:00+00:00,-1.0,23.13,1.3397600330987953,-2.3397600330987953,TRAIN,0.4970793,0.6,False
SETUP_1631,2026-07-14 09:30:00+00:00,XAUUSD,SELL,4025.12,4035.937857142857,3992.6664285714287,10.817857142857065,24.699999999998,9.0,1.0,1.0921920156134666,100.0,60.0,65.0,50.0,70.0,0,SL,2026-07-14 15:30:00+00:00,-1.0,29.46,0.02723275008253569,-1.0272327500825358,TRAIN,0.4922089,0.6,False
SETUP_0954,2026-07-14 09:30:00+00:00,GOLD,SELL,4025.12,4035.937857142857,3992.6664285714287,10.817857142857065,24.699999999998,9.0,1.0,1.0921920156134666,100.0,60.0,65.0,50.0,70.0,0,SL,2026-07-14 15:30:00+00:00,-1.0,29.46,0.02723275008253569,-1.0272327500825358,TRAIN,0.4922089,0.6,False
SETUP_0559,2026-07-14 10:15:00+00:00,EURGBP,BUY,0.85278,0.8522828571428571,0.8542714285714286,0.0004971428571428627,0.1,10.0,1.0,1.2858297581297022,10.0,60.0,65.0,50.0,70.0,0,SL,2026-07-14 11:45:00+00:00,-1.0,19.33,3.8882183908045542,-4.888218390804554,TRAIN,0.6329435,0.6,True
SETUP_1226,2026-07-14 10:15:00+00:00,USDCAD,SELL,1.41151,1.4136121428571429,1.4052035714285716,0.0021021428571428302,0.45999999999990493,10.0,1.0,1.5402801584017967,10.0,60.0,65.0,50.0,70.0,1,TP,2026-07-14 17:15:00+00:00,3.0,30.32,1.4423377505946497,1.5576622494053503,TRAIN,0.6164925,0.6,True
SETUP_1080,2026-07-14 10:15:00+00:00,NZDUSD,BUY,0.57942,0.5779678571428571,0.5837764285714288,0.0014521428571429018,0.26999999999999247,10.0,1.0,1.097775175644028,10.0,60.0,65.0,50.0,70.0,1,TP,2026-07-14 15:30:00+00:00,3.0,28.26,1.9460895228725426,1.0539104771274574,TRAIN,0.7571087,0.6,True
SETUP_1227,2026-07-14 10:30:00+00:00,USDCAD,SELL,1.41071,1.4135567857142857,1.4021696428571426,0.00284678571428576,0.7699999999999374,10.0,1.0,1.6261276692931368,10.0,60.0,65.0,50.0,70.0,0,TIMEOUT,2026-07-14 20:30:00+00:00,-1.0,30.23,1.0618993852715926,-2.0618993852715928,TRAIN,0.5424934,0.6,False
SETUP_0052,2026-07-14 10:30:00+00:00,AUDUSD,BUY,0.69387,0.69244,0.6981599999999998,0.0014299999999999313,0.18999999999991246,10.0,1.0,1.261776747398017,10.0,60.0,65.0,50.0,70.0,1,TP,2026-07-14 15:30:00+00:00,3.0,23.71,1.6580419580420378,1.3419580419579622,TRAIN,0.77876735,0.6,True
SETUP_1228,2026-07-14 10:45:00+00:00,USDCAD,SELL,1.41035,1.4128642857142857,1.402807142857143,0.002514285714285691,0.6699999999999484,10.0,1.0,1.4549056292301767,10.0,60.0,65.0,50.0,70.0,0,TIMEOUT,2026-07-14 20:45:00+00:00,-1.0,30.1,1.1971590909091019,-2.1971590909091017,TRAIN,0.4600869,0.6,False
SETUP_1229,2026-07-14 11:00:00+00:00,USDCAD,SELL,1.41005,1.4119753571428573,1.4042739285714283,0.0019253571428572425,0.18999999999991246,11.0,1.0,1.3850624192854066,10.0,60.0,65.0,50.0,70.0,0,TIMEOUT,2026-07-14 21:00:00+00:00,-1.0,30.19,1.5680207753662705,-2.5680207753662705,TRAIN,0.5294836,0.6,False
SETUP_0560,2026-07-14 11:00:00+00:00,EURGBP,BUY,0.85308,0.8523421428571428,0.8552935714285713,0.0007378571428571234,0.12999999999996348,11.0,1.0,1.3200498132004983,10.0,60.0,65.0,50.0,70.0,0,SL,2026-07-14 11:45:00+00:00,-1.0,19.13,2.592642787996196,-3.592642787996196,TRAIN,0.5573799,0.6,False
SETUP_0404,2026-07-14 11:30:00+00:00,ETHUSD,BUY,1786.37,1775.0689285714286,1820.2732142857137,11.301071428571277,100.0,11.0,1.0,1.1774156529722286,100.0,60.0,65.0,50.0,70.0,1,TP,2026-07-14 15:30:00+00:00,3.0,345.38,0.0030561704010366054,2.996943829598963,TRAIN,0.6114185,0.6,True
SETUP_0053,2026-07-14 11:45:00+00:00,AUDUSD,BUY,0.69423,0.6933767857142857,0.6967896428571428,0.0008532142857142766,0.17999999999995797,11.0,1.0,1.0505946762318292,10.0,60.0,65.0,50.0,70.0,1,TP,2026-07-14 15:30:00+00:00,3.0,23.72,2.780075345332805,0.2199246546671949,TRAIN,0.7571087,0.6,True
SETUP_1081,2026-07-14 11:45:00+00:00,NZDUSD,BUY,0.57957,0.5787914285714286,0.5819057142857142,0.0007785714285714063,0.280000000000058,11.0,1.0,1.083956103144146,10.0,60.0,65.0,50.0,70.0,1,TP,2026-07-14 15:30:00+00:00,3.0,28.29,3.63357798165148,-0.6335779816514799,TRAIN,0.7571087,0.6,True
SETUP_1230,2026-07-14 11:45:00+00:00,USDCAD,SELL,1.40912,1.4108760714285715,1.4038517857142851,0.0017560714285715928,0.6900000000000794,11.0,1.0,1.1176803249190272,10.0,60.0,65.0,50.0,70.0,0,SL,2026-07-14 14:00:00+00:00,-1.0,30.9,1.759609517998615,-2.759609517998615,TRAIN,0.75350773,0.6,True
SETUP_0561,2026-07-14 11:45:00+00:00,EURGBP,SELL,0.85224,0.8534082142857142,0.8487353571428573,0.0011682142857142308,0.31000000000003247,11.0,1.0,1.297541556834687,10.0,60.0,65.0,50.0,70.0,0,SL,2026-07-14 15:45:00+00:00,-1.0,19.22,1.645246102109524,-2.6452461021095237,TRAIN,0.56803983,0.6,False
SETUP_0562,2026-07-14 12:00:00+00:00,EURGBP,SELL,0.85215,0.8532500000000001,0.8488499999999997,0.001100000000000101,0.22999999999995246,12.0,1.0,1.1774600504625736,10.0,60.0,65.0,50.0,70.0,0,SL,2026-07-14 15:45:00+00:00,-1.0,19.23,1.748181818181658,-2.748181818181658,TRAIN,0.6936439,0.6,True
SETUP_0054,2026-07-14 12:15:00+00:00,AUDUSD,BUY,0.69468,0.6938332142857142,0.6972203571428572,0.0008467857142857582,0.26999999999999247,12.0,1.0,1.048586329947845,10.0,60.0,65.0,50.0,70.0,0,SL,2026-07-14 14:00:00+00:00,-1.0,24.04,2.838970898354977,-3.838970898354977,TRAIN,0.70474344,0.6,True
SETUP_0563,2026-07-14 12:30:00+00:00,EURGBP,SELL,0.85194,0.8524942857142858,0.8502771428571428,0.0005542857142857294,0.12999999999996348,12.0,1.0,1.0569355003577636,10.0,60.0,65.0,50.0,70.0,0,SL,2026-07-14 15:15:00+00:00,-1.0,19.52,3.5216494845359865,-4.5216494845359865,TRAIN,0.69564956,0.6,True
SETUP_0405,2026-07-14 13:45:00+00:00,ETHUSD,BUY,1798.5,1783.5439285714288,1843.3682142857137,14.95607142857125,100.0,13.0,1.0,1.8148318747121144,100.0,60.0,65.0,50.0,70.0,1,TP,2026-07-14 15:45:00+00:00,3.0,346.06,0.0023138429209351476,2.9976861570790647,TRAIN,0.42469794,0.6,False
SETUP_0820,2026-07-14 14:30:00+00:00,GBPUSD,BUY,1.33783,1.3361582142857142,1.3428453571428576,0.0016717857142858339,0.27999999999983594,14.0,1.0,0.8455361360415683,10.0,60.0,65.0,50.0,70.0,1,TP,2026-07-14 15:30:00+00:00,3.0,22.48,1.3446699423199209,1.6553300576800791,TRAIN,0.76920813,0.6,True
SETUP_0689,2026-07-14 14:45:00+00:00,EURUSD,BUY,1.14056,1.1388775,1.1456075000000001,0.0016825000000000312,0.42000000000008697,14.0,1.0,0.9839297193057639,10.0,60.0,65.0,50.0,70.0,1,TP,2026-07-14 15:30:00+00:00,3.0,19.52,1.1601783060921034,1.8398216939078966,TRAIN,0.72571576,0.6,True
SETUP_0690,2026-07-14 15:00:00+00:00,EURUSD,BUY,1.14052,1.1391524999999998,1.1446225000000005,0.001367500000000188,0.260000000000149,15.0,1.0,1.115424430641822,10.0,60.0,65.0,50.0,70.0,1,TP,2026-07-14 15:30:00+00:00,3.0,19.39,1.4179159049358199,1.5820840950641801,TRAIN,0.47385812,0.6,False
SETUP_1231,2026-07-14 15:30:00+00:00,USDCAD,SELL,1.40561,1.4118603571428572,1.3868589285714286,0.006250357142857155,0.9800000000002029,15.0,1.0,3.0430320357745035,10.0,60.0,65.0,50.0,70.0,0,TIMEOUT,2026-07-15 01:30:00+00:00,-1.0,29.87,0.47789269184617933,-1.4778926918461792,TRAIN,0.14159803,0.6,False
SETUP_1368,2026-07-14 15:30:00+00:00,USDCHF,SELL,0.80675,0.8119575,0.7911274999999999,0.0052075000000000315,0.43999999999999595,15.0,1.0,3.544522023963452,10.0,60.0,65.0,50.0,70.0,0,TIMEOUT,2026-07-15 01:30:00+00:00,-1.0,26.28,0.5046567450792097,-1.5046567450792097,TRAIN,0.13462017,0.6,False
SETUP_1506,2026-07-14 15:30:00+00:00,USDJPY,SELL,161.723,162.2545357142857,160.12839285714293,0.5315357142856953,31.00000000000591,15.0,1.0,3.0812747501414295,100.0,60.0,65.0,50.0,70.0,0,SL,2026-07-14 21:30:00+00:00,-1.0,27.37,0.005149230665860561,-1.0051492306658605,TRAIN,0.15479349,0.6,False
SETUP_0208,2026-07-14 15:30:00+00:00,BTCUSD,BUY,63553.9,62694.360714285714,66132.51785714287,859.539285714287,100.0,15.0,1.0,4.249204782274871,100.0,60.0,65.0,50.0,70.0,0,TIMEOUT,2026-07-15 01:30:00+00:00,-1.0,2251.9,0.026198918856031643,-1.0261989188560316,TRAIN,0.13741775,0.6,False
SETUP_0406,2026-07-14 15:45:00+00:00,ETHUSD,BUY,1859.27,1787.9664285714287,2073.180714285714,71.30357142857133,100.0,15.0,1.0,3.9357374336344204,100.0,60.0,65.0,50.0,70.0,0,TIMEOUT,2026-07-15 01:45:00+00:00,-1.0,347.13,0.0004868339594290014,-1.000486833959429,TRAIN,0.13741775,0.6,False
SETUP_0055,2026-07-14 15:45:00+00:00,AUDUSD,BUY,0.69681,0.6936060714285714,0.7064217857142858,0.0032039285714285937,1.9500000000000073,15.0,1.0,2.316967509025271,10.0,60.0,65.0,50.0,70.0,0,TIMEOUT,2026-07-15 01:45:00+00:00,-1.0,24.09,0.7518894214691733,-1.7518894214691731,TRAIN,0.112865716,0.6,False
SETUP_1762,2026-07-14 15:45:00+00:00,XRPUSD,BUY,1.0869,1.0663035714285716,1.1486892857142852,0.020596428571428405,8.899999999999908,15.0,1.0,2.5036949453148094,44.49999999999954,60.0,65.0,50.0,70.0,0,TIMEOUT,2026-07-15 01:45:00+00:00,-1.0,490.6,2.3819663603260124,-3.3819663603260124,TRAIN,0.13209166,0.6,False
SETUP_0955,2026-07-14 15:45:00+00:00,GOLD,BUY,4076.13,4016.821785714286,4254.054642857143,59.30821428571426,100.0,15.0,1.0,1.7100225094562922,100.0,60.0,65.0,50.0,70.0,0,TIMEOUT,2026-07-15 02:45:00+00:00,-1.0,29.26,0.004933549315621183,-1.0049335493156213,TRAIN,0.2626591,0.6,False
SETUP_1369,2026-07-14 15:45:00+00:00,USDCHF,SELL,0.80796,0.8119464285714286,0.7960007142857142,0.003986428571428613,2.4600000000000177,15.0,1.0,2.5263907009844617,12.30000000000009,60.0,65.0,50.0,70.0,0,TIMEOUT,2026-07-15 01:45:00+00:00,-1.0,25.12,0.6301379681060677,-1.6301379681060677,TRAIN,0.13209166,0.6,False
SETUP_0691,2026-07-14 15:45:00+00:00,EURUSD,BUY,1.14451,1.1398025,1.1586324999999995,0.004707499999999865,2.5999999999999357,15.0,1.0,2.5511790619331434,12.999999999999678,60.0,65.0,50.0,70.0,0,TIMEOUT,2026-07-15 01:45:00+00:00,-1.0,19.73,0.4191184280403732,-1.4191184280403732,TRAIN,0.13209166,0.6,False
SETUP_1232,2026-07-14 15:45:00+00:00,USDCAD,SELL,1.40721,1.41146,1.3944600000000005,0.004249999999999865,2.0599999999999508,15.0,1.0,2.3172808391798925,10.299999999999754,60.0,65.0,50.0,70.0,0,TIMEOUT,2026-07-15 01:45:00+00:00,-1.0,29.7,0.6988235294117869,-1.6988235294117868,TRAIN,0.112865716,0.6,False
SETUP_1507,2026-07-14 15:45:00+00:00,USDJPY,SELL,161.9,162.27282142857143,160.78153571428572,0.3728214285714273,100.0,15.0,1.0,2.2604120999561594,100.0,60.0,65.0,50.0,70.0,0,SL,2026-07-14 21:30:00+00:00,-1.0,25.15,0.006745856882843207,-1.0067458568828431,TRAIN,0.14882123,0.6,False
SETUP_0821,2026-07-14 15:45:00+00:00,GBPUSD,BUY,1.34081,1.3372825,1.3513925000000004,0.0035275000000001278,1.3499999999999623,15.0,1.0,1.6516373991457047,10.0,60.0,65.0,50.0,70.0,0,SL,2026-07-14 20:15:00+00:00,-1.0,24.09,0.6829199149539087,-1.6829199149539087,TRAIN,0.20585157,0.6,False
SETUP_1082,2026-07-14 15:45:00+00:00,NZDUSD,BUY,0.58191,0.5793125,0.5897025000000001,0.0025975000000000303,1.2099999999999334,15.0,1.0,2.739147137917787,10.0,60.0,65.0,50.0,70.0,0,TIMEOUT,2026-07-15 01:45:00+00:00,-1.0,28.42,1.094128970163606,-2.094128970163606,TRAIN,0.14159803,0.6,False
SETUP_1632,2026-07-14 15:45:00+00:00,XAUUSD,BUY,4076.13,4016.821785714286,4254.054642857143,59.30821428571426,100.0,15.0,1.0,1.7100225094562922,100.0,60.0,65.0,50.0,70.0,0,TIMEOUT,2026-07-15 02:45:00+00:00,-1.0,29.26,0.004933549315621183,-1.0049335493156213,TRAIN,0.2626591,0.6,False
SETUP_0209,2026-07-14 15:45:00+00:00,BTCUSD,BUY,63955.8,62707.71607142857,67700.0517857143,1248.083928571432,100.0,15.0,1.0,2.5560627108553287,100.0,60.0,65.0,50.0,70.0,0,TIMEOUT,2026-07-15 01:45:00+00:00,-1.0,2250.0,0.018027633787219503,-1.0180276337872196,TRAIN,0.14882123,0.6,False
SETUP_0407,2026-07-14 16:00:00+00:00,ETHUSD,BUY,1856.83,1793.66,2046.3399999999995,63.169999999999845,100.0,16.0,1.0,2.6993940892790897,100.0,60.0,65.0,50.0,70.0,0,TIMEOUT,2026-07-15 02:00:00+00:00,-1.0,346.02,0.0005477600126642408,-1.0005477600126642,TRAIN,0.18480007,0.6,False
SETUP_0210,2026-07-14 16:00:00+00:00,BTCUSD,BUY,63787.9,62840.40892857143,66630.37321428572,947.4910714285725,100.0,16.0,1.0,1.570710423977995,100.0,60.0,65.0,50.0,70.0,0,TIMEOUT,2026-07-15 02:00:00+00:00,-1.0,2250.0,0.02374692562123651,-1.0237469256212366,TRAIN,0.3210077,0.6,False
SETUP_0564,2026-07-14 16:00:00+00:00,EURGBP,BUY,0.85384,0.8511385714285714,0.8619442857142859,0.0027014285714286324,0.20999999999993246,16.0,1.0,1.7760445682451254,10.0,60.0,65.0,50.0,70.0,0,TIMEOUT,2026-07-15 02:00:00+00:00,-1.0,19.34,0.7159175039661394,-1.7159175039661394,TRAIN,0.39885545,0.6,False
SETUP_1763,2026-07-14 16:30:00+00:00,XRPUSD,BUY,1.0954,1.080317857142857,1.1406464285714284,0.015082142857142822,7.200000000000095,16.0,1.0,2.6501408450704225,36.000000000000476,60.0,65.0,50.0,70.0,0,TIMEOUT,2026-07-15 02:30:00+00:00,-1.0,490.68,3.2533838503433654,-4.253383850343365,TRAIN,0.16480911,0.6,False
SETUP_0211,2026-07-14 18:00:00+00:00,BTCUSD,BUY,64202.8,63701.77321428572,65705.88035714286,501.0267857142826,100.0,18.0,1.0,1.1482789666874436,100.0,60.0,65.0,50.0,70.0,0,TIMEOUT,2026-07-15 04:00:00+00:00,-1.0,2250.0,0.04490777866880541,-1.0449077786688055,TRAIN,0.22986732,0.6,False
SETUP_0822,2026-07-14 20:15:00+00:00,GBPUSD,SELL,1.33757,1.3395964285714286,1.331490714285714,0.002026428571428651,0.7799999999997809,20.0,1.0,0.7626972344025135,10.0,60.0,65.0,50.0,70.0,0,SL,2026-07-15 03:15:00+00:00,-1.0,22.55,1.1127952062036925,-2.1127952062036925,TRAIN,0.33911705,0.6,False
SETUP_1764,2026-07-14 21:45:00+00:00,XRPUSD,BUY,1.11,1.0991321428571428,1.142603571428572,0.010867857142857318,1.4000000000000679,21.0,1.0,0.8083798246612776,10.0,60.0,65.0,50.0,70.0,0,SL,2026-07-15 05:15:00+00:00,-1.0,490.27,4.51119290174163,-5.51119290174163,TRAIN,0.35292974,0.6,False
SETUP_1765,2026-07-14 22:00:00+00:00,XRPUSD,BUY,1.1122,1.0994892857142857,1.1503321428571431,0.012710714285714353,4.2999999999999705,22.0,1.0,0.8563993375916726,21.49999999999985,60.0,65.0,50.0,70.0,0,SL,2026-07-15 05:00:00+00:00,-1.0,490.41,3.8582410789547428,-4.858241078954743,TRAIN,0.19798522,0.6,False
SETUP_1233,2026-07-14 23:45:00+00:00,USDCAD,SELL,1.40545,1.4066953571428573,1.4017139285714284,0.0012453571428572285,0.3500000000000725,23.0,1.0,0.5,10.0,60.0,65.0,50.0,70.0,0,TIMEOUT,2026-07-15 09:45:00+00:00,-1.0,32.41,2.6024663034124966,-3.6024663034124966,TRAIN,0.24998921,0.6,False
SETUP_1508,2026-07-15 00:00:00+00:00,USDJPY,SELL,162.155,162.27032142857144,161.8090357142857,0.11532142857143413,28.999999999996362,0.0,1.0,0.5,100.0,60.0,65.0,50.0,70.0,0,TIMEOUT,2026-07-15 10:00:00+00:00,-1.0,135.77,0.11773180551253694,-1.117731805512537,TRAIN,0.07347516,0.6,False
SETUP_1370,2026-07-15 00:00:00+00:00,USDCHF,SELL,0.80782,0.8096492857142857,0.8023321428571427,0.0018292857142857555,0.9100000000000774,0.0,1.0,0.5,10.0,60.0,65.0,50.0,70.0,0,TIMEOUT,2026-07-15 10:00:00+00:00,-1.0,189.17,10.341194845763141,-11.341194845763141,TRAIN,0.07347516,0.6,False
SETUP_1371,2026-07-15 00:15:00+00:00,USDCHF,SELL,0.80795,0.8094764285714285,0.8033707142857142,0.0015264285714285952,0.36999999999998145,0.0,1.0,0.5,10.0,60.0,65.0,50.0,70.0,0,SL,2026-07-15 01:00:00+00:00,-1.0,198.0,12.971455311183702,-13.971455311183702,TRAIN,0.07019307,0.6,False
SETUP_1509,2026-07-15 00:15:00+00:00,USDJPY,SELL,162.155,162.28660714285712,161.76017857142864,0.1316071428571206,60.000000000002274,0.0,1.0,0.5,100.0,60.0,65.0,50.0,70.0,0,TIMEOUT,2026-07-15 10:15:00+00:00,-1.0,132.04,0.10032890094981343,-1.1003289009498134,TRAIN,0.07159207,0.6,False
SETUP_0212,2026-07-15 00:30:00+00:00,BTCUSD,BUY,64728.4,64455.14464285714,65548.16607142857,273.255357142858,100.0,0.0,1.0,1.0194552529182879,100.0,60.0,65.0,50.0,70.0,0,TIMEOUT,2026-07-15 10:30:00+00:00,-1.0,2250.0,0.08234056318331207,-1.082340563183312,TRAIN,0.08652911,0.6,False
SETUP_0823,2026-07-15 01:15:00+00:00,GBPUSD,BUY,1.33927,1.3374028571428573,1.3448714285714278,0.001867142857142623,0.24000000000001798,1.0,1.0,0.6089531132617437,10.0,60.0,65.0,50.0,70.0,0,TIMEOUT,2026-07-15 11:15:00+00:00,-1.0,28.85,1.545141545524295,-2.545141545524295,TRAIN,0.2954485,0.6,False
SETUP_1510,2026-07-15 01:15:00+00:00,USDJPY,BUY,162.216,162.13703571428573,162.45289285714284,0.07896428571427805,36.000000000001364,1.0,1.0,0.6576870461959382,100.0,60.0,65.0,50.0,70.0,0,SL,2026-07-15 03:15:00+00:00,-1.0,31.16,0.03946087743103052,-1.0394608774310305,TRAIN,0.29103175,0.6,False
SETUP_0213,2026-07-15 01:30:00+00:00,BTCUSD,BUY,64904.8,64425.926785714284,66341.41964285716,478.87321428571886,100.0,1.0,1.0,1.314189626180313,100.0,60.0,65.0,50.0,70.0,0,TIMEOUT,2026-07-15 11:30:00+00:00,-1.0,2250.0,0.04698529658536177,-1.0469852965853619,TRAIN,0.24630609,0.6,False
SETUP_1766,2026-07-15 01:30:00+00:00,XRPUSD,BUY,1.11,1.1006464285714286,1.1380607142857146,0.009353571428571517,1.4000000000000679,1.0,1.0,1.2437023175471427,10.0,60.0,65.0,50.0,70.0,0,SL,2026-07-15 04:45:00+00:00,-1.0,490.62,5.245269186712436,-6.245269186712436,TRAIN,0.2852263,0.6,False
SETUP_0408,2026-07-15 01:30:00+00:00,ETHUSD,BUY,1885.64,1867.642142857143,1939.6335714285715,17.99785714285713,100.0,1.0,1.0,2.083546113777959,100.0,60.0,65.0,50.0,70.0,0,SL,2026-07-15 04:30:00+00:00,-1.0,346.21,0.0019236178910187736,-1.0019236178910187,TRAIN,0.2270273,0.6,False
SETUP_0956,2026-07-15 02:30:00+00:00,GOLD,BUY,4054.64,4044.8567857142857,4083.9896428571424,9.783214285714166,12.799999999997453,2.0,1.0,1.2717035176865275,63.99999999998727,60.0,65.0,50.0,70.0,0,SL,2026-07-15 04:30:00+00:00,-1.0,32.26,0.03297484758880046,-1.0329748475888005,TRAIN,0.43845794,0.6,False
SETUP_1633,2026-07-15 02:30:00+00:00,XAUUSD,BUY,4054.64,4044.8567857142857,4083.9896428571424,9.783214285714166,12.799999999997453,2.0,1.0,1.2717035176865275,63.99999999998727,60.0,65.0,50.0,70.0,0,SL,2026-07-15 04:30:00+00:00,-1.0,32.26,0.03297484758880046,-1.0329748475888005,TRAIN,0.43845794,0.6,False
SETUP_1234,2026-07-15 02:30:00+00:00,USDCAD,SELL,1.40545,1.4061071428571428,1.403478571428572,0.0006571428571426896,0.140000000000029,2.0,1.0,0.7662595260465602,10.0,60.0,65.0,50.0,70.0,0,TIMEOUT,2026-07-15 12:30:00+00:00,-1.0,31.27,4.7584782608707785,-5.7584782608707785,TRAIN,0.72008353,0.6,True
SETUP_0056,2026-07-15 02:30:00+00:00,AUDUSD,BUY,0.69754,0.6969217857142858,0.6993946428571429,0.0006182142857142914,0.15999999999993797,2.0,1.0,0.8568673370987739,10.0,60.0,65.0,50.0,70.0,0,TIMEOUT,2026-07-15 12:30:00+00:00,-1.0,25.05,4.051993067590951,-5.051993067590951,TRAIN,0.6113952,0.6,True
SETUP_0409,2026-07-15 02:45:00+00:00,ETHUSD,BUY,1890.25,1879.432857142857,1922.7014285714288,10.817142857142926,100.0,2.0,1.0,1.0721110328874586,100.0,60.0,65.0,50.0,70.0,0,SL,2026-07-15 03:15:00+00:00,-1.0,345.54,0.003194374009508696,-1.0031943740095086,TRAIN,0.50115466,0.6,False
SETUP_1083,2026-07-15 02:45:00+00:00,NZDUSD,BUY,0.58112,0.5803567857142857,0.5834096428571427,0.0007632142857142421,0.17999999999995797,2.0,1.0,1.186602870813397,10.0,60.0,65.0,50.0,70.0,0,TIMEOUT,2026-07-15 12:45:00+00:00,-1.0,28.98,3.7970987365467774,-4.797098736546777,TRAIN,0.5164274,0.6,False
SETUP_0565,2026-07-15 03:15:00+00:00,EURGBP,BUY,0.85292,0.852525,0.8541050000000001,0.0003950000000000342,0.1,3.0,1.0,1.376037959667853,10.0,60.0,65.0,50.0,70.0,0,SL,2026-07-15 09:30:00+00:00,-1.0,19.43,4.918987341771726,-5.918987341771726,TRAIN,0.47762293,0.6,False
SETUP_1511,2026-07-15 04:00:00+00:00,USDJPY,SELL,161.982,162.24860714285714,161.18217857142858,0.26660714285713993,25.999999999982037,4.0,1.0,3.458251150558843,100.0,60.0,65.0,50.0,70.0,0,SL,2026-07-15 10:15:00+00:00,-1.0,24.96,0.009362089752176929,-1.009362089752177,TRAIN,0.28085876,0.6,False
SETUP_1235,2026-07-15 04:00:00+00:00,USDCAD,SELL,1.40436,1.4055207142857142,1.4008778571428575,0.0011607142857141817,0.19999999999997797,4.0,1.0,2.5674091441969518,10.0,60.0,65.0,50.0,70.0,0,SL,2026-07-15 09:45:00+00:00,-1.0,30.42,2.6208000000002354,-3.6208000000002354,TRAIN,0.3533929,0.6,False
SETUP_0824,2026-07-15 04:00:00+00:00,GBPUSD,BUY,1.34037,1.3391078571428572,1.3441564285714287,0.0012621428571428783,0.140000000000029,4.0,1.0,2.4316787506971553,10.0,60.0,65.0,50.0,70.0,0,SL,2026-07-15 11:45:00+00:00,-1.0,23.81,1.8864742501414509,-2.886474250141451,TRAIN,0.3533929,0.6,False
SETUP_1372,2026-07-15 04:00:00+00:00,USDCHF,SELL,0.80805,0.8091746428571429,0.8046760714285714,0.0011246428571428657,0.24000000000001798,4.0,1.0,2.624405705229794,10.0,60.0,65.0,50.0,70.0,0,SL,2026-07-15 06:15:00+00:00,-1.0,25.01,2.2238170847888052,-3.2238170847888052,TRAIN,0.46211332,0.6,False
SETUP_0692,2026-07-15 04:00:00+00:00,EURUSD,BUY,1.14343,1.1423746428571429,1.1465960714285712,0.001055357142857094,0.24000000000001798,4.0,1.0,2.631653655074521,10.0,60.0,65.0,50.0,70.0,0,SL,2026-07-15 10:15:00+00:00,-1.0,19.99,1.8941455160745377,-2.8941455160745377,TRAIN,0.46211332,0.6,False
SETUP_0693,2026-07-15 04:15:00+00:00,EURUSD,BUY,1.14349,1.1424425,1.1466324999999995,0.001047499999999868,0.1,4.0,1.0,2.0964579793491045,10.0,60.0,65.0,50.0,70.0,0,SL,2026-07-15 10:15:00+00:00,-1.0,20.14,1.9226730310264954,-2.9226730310264957,TRAIN,0.4336301,0.6,False
SETUP_0566,2026-07-15 04:30:00+00:00,EURGBP,BUY,0.85314,0.8528303571428572,0.8540689285714286,0.00030964285714285555,0.12000000000000899,4.0,1.0,2.1626500586695547,10.0,60.0,65.0,50.0,70.0,0,SL,2026-07-15 09:00:00+00:00,-1.0,19.69,6.358938869665547,-7.358938869665547,TRAIN,0.4336301,0.6,False
SETUP_0957,2026-07-15 04:45:00+00:00,GOLD,SELL,4037.38,4060.4357142857143,3968.2128571428575,23.055714285714203,100.0,4.0,1.0,1.643996901626646,100.0,60.0,65.0,50.0,70.0,0,TIMEOUT,2026-07-15 14:45:00+00:00,-1.0,30.28,0.013133403556602068,-1.013133403556602,TRAIN,0.32110488,0.6,False
SETUP_1634,2026-07-15 04:45:00+00:00,XAUUSD,SELL,4037.38,4060.4357142857143,3968.2128571428575,23.055714285714203,100.0,4.0,1.0,1.643996901626646,100.0,60.0,65.0,50.0,70.0,0,TIMEOUT,2026-07-15 14:45:00+00:00,-1.0,30.28,0.013133403556602068,-1.013133403556602,TRAIN,0.32110488,0.6,False
SETUP_0057,2026-07-15 05:00:00+00:00,AUDUSD,BUY,0.69841,0.6976457142857142,0.7007028571428573,0.0007642857142857729,0.14999999999998348,5.0,1.0,1.2445179975175837,10.0,60.0,65.0,50.0,70.0,0,SL,2026-07-15 10:15:00+00:00,-1.0,24.03,3.1441121495324698,-4.14411214953247,TRAIN,0.5637332,0.6,False
SETUP_0058,2026-07-15 05:45:00+00:00,AUDUSD,BUY,0.69902,0.6978971428571429,0.7023885714285713,0.0011228571428570921,0.2500000000000835,5.0,1.0,1.1793330470874481,10.0,60.0,65.0,50.0,70.0,0,SL,2026-07-15 10:15:00+00:00,-1.0,24.09,2.1454198473283412,-3.1454198473283412,TRAIN,0.5164274,0.6,False
SETUP_1236,2026-07-15 05:45:00+00:00,USDCAD,SELL,1.40394,1.4048607142857144,1.4011778571428568,0.0009207142857143857,0.1900000000001345,5.0,1.0,1.1487854251012146,10.0,60.0,65.0,50.0,70.0,0,SL,2026-07-15 06:15:00+00:00,-1.0,30.68,3.3321955003875354,-4.332195500387535,TRAIN,0.5164274,0.6,False
SETUP_0825,2026-07-15 05:45:00+00:00,GBPUSD,BUY,1.34048,1.3396428571428571,1.3429914285714282,0.0008371428571427586,0.280000000000058,5.0,1.0,1.0413503617040278,10.0,60.0,65.0,50.0,70.0,0,SL,2026-07-15 11:00:00+00:00,-1.0,24.36,2.9098976109218446,-3.9098976109218446,TRAIN,0.5164274,0.6,False
SETUP_0694,2026-07-15 05:45:00+00:00,EURUSD,BUY,1.14392,1.1430167857142859,1.1466296428571425,0.0009032142857141601,0.31000000000003247,5.0,1.0,1.2369964062795535,10.0,60.0,65.0,50.0,70.0,0,SL,2026-07-15 09:45:00+00:00,-1.0,19.69,2.1799920917361675,-3.1799920917361675,TRAIN,0.5637332,0.6,False
SETUP_0214,2026-07-15 06:45:00+00:00,BTCUSD,BUY,64776.6,64510.91428571429,65573.65714285713,265.6857142857116,100.0,6.0,1.0,0.9345527293512432,100.0,60.0,65.0,50.0,70.0,0,SL,2026-07-15 10:15:00+00:00,-1.0,2250.0,0.08468652543284311,-1.084686525432843,TRAIN,0.58322704,0.6,False
SETUP_1512,2026-07-15 07:30:00+00:00,USDJPY,BUY,162.207,162.0947142857143,162.54385714285706,0.11228571428569012,22.00000000001978,7.0,1.0,0.6263476017107914,100.0,60.0,65.0,50.0,70.0,0,SL,2026-07-15 09:45:00+00:00,-1.0,25.22,0.022460559796442493,-1.0224605597964425,TRAIN,0.6600175,0.6,True
SETUP_1767,2026-07-15 08:45:00+00:00,XRPUSD,BUY,1.1042,1.0958999999999999,1.1291000000000007,0.008300000000000196,1.000000000000112,8.0,1.0,0.8900316455696202,10.0,60.0,65.0,50.0,70.0,0,TIMEOUT,2026-07-15 18:45:00+00:00,-1.0,490.24,5.906506024096247,-6.906506024096247,TRAIN,0.5609315,0.6,False
SETUP_1373,2026-07-15 08:45:00+00:00,USDCHF,SELL,0.8087,0.8093346428571428,0.8067960714285713,0.0006346428571428753,0.260000000000038,8.0,1.0,1.055478400701703,10.0,60.0,65.0,50.0,70.0,0,SL,2026-07-15 10:15:00+00:00,-1.0,25.24,3.97703995498019,-4.9770399549801905,TRAIN,0.4970793,0.6,False
SETUP_0826,2026-07-15 08:45:00+00:00,GBPUSD,BUY,1.3409200000000001,1.3399589285714286,1.3438032142857146,0.0009610714285714916,0.46999999999997044,8.0,1.0,1.0076585157252265,10.0,60.0,65.0,50.0,70.0,0,SL,2026-07-15 11:00:00+00:00,-1.0,24.42,2.540914158305296,-3.540914158305296,TRAIN,0.5078377,0.6,False
SETUP_0695,2026-07-15 08:45:00+00:00,EURUSD,BUY,1.1439300000000001,1.1433760714285714,1.145591785714286,0.0005539285714286635,0.1900000000001345,8.0,1.0,1.2628972348328518,10.0,60.0,65.0,50.0,70.0,0,SL,2026-07-15 09:45:00+00:00,-1.0,19.89,3.590715667310816,-4.590715667310816,TRAIN,0.527453,0.6,False
SETUP_0059,2026-07-15 08:45:00+00:00,AUDUSD,BUY,0.69858,0.6979167857142857,0.7005696428571427,0.0006632142857142531,0.1100000000000545,8.0,1.0,1.0533948582729071,10.0,60.0,65.0,50.0,70.0,0,SL,2026-07-15 10:15:00+00:00,-1.0,24.19,3.647388260635613,-4.647388260635613,TRAIN,0.4970793,0.6,False
SETUP_0215,2026-07-15 09:00:00+00:00,BTCUSD,BUY,65031.7,64562.42142857143,66439.53571428568,469.27857142856374,100.0,9.0,1.0,1.4103525881470367,100.0,60.0,65.0,50.0,70.0,0,SL,2026-07-15 10:15:00+00:00,-1.0,2250.0,0.0479459352501568,-1.0479459352501568,TRAIN,0.23930524,0.6,False
SETUP_0410,2026-07-15 09:00:00+00:00,ETHUSD,BUY,1887.16,1867.9232142857143,1944.8703571428575,19.236785714285816,100.0,9.0,1.0,1.643203323332564,100.0,60.0,65.0,50.0,70.0,0,SL,2026-07-15 10:15:00+00:00,-1.0,345.93,0.0017982733973228285,-1.0017982733973227,TRAIN,0.3044671,0.6,False
SETUP_1768,2026-07-15 09:00:00+00:00,XRPUSD,BUY,1.1074,1.096307142857143,1.140678571428571,0.011092857142857016,1.1999999999998678,9.0,1.0,1.7535816618911175,10.0,60.0,65.0,50.0,70.0,0,TIMEOUT,2026-07-15 19:00:00+00:00,-1.0,490.84,4.424829362524198,-5.424829362524198,TRAIN,0.27721167,0.6,False
SETUP_0567,2026-07-15 09:15:00+00:00,EURGBP,SELL,0.85268,0.8531360714285715,0.8513117857142855,0.00045607142857151395,0.14999999999998348,9.0,1.0,1.2394637553182948,10.0,60.0,65.0,50.0,70.0,1,TP,2026-07-15 14:45:00+00:00,3.0,19.38,4.249334377446346,-1.2493343774463463,TRAIN,0.5446088,0.6,False
SETUP_0827,2026-07-15 09:15:00+00:00,GBPUSD,BUY,1.34162,1.34069,1.3444100000000003,0.0009300000000000974,0.18999999999991246,9.0,1.0,1.0407149950347567,10.0,60.0,65.0,50.0,70.0,0,SL,2026-07-15 10:15:00+00:00,-1.0,22.9,2.4623655913975915,-3.4623655913975915,TRAIN,0.4970793,0.6,False
SETUP_1769,2026-07-15 09:15:00+00:00,XRPUSD,BUY,1.1075,1.0983892857142858,1.1348321428571422,0.009110714285714083,1.7000000000000348,9.0,1.0,1.2888722367928065,10.0,60.0,65.0,50.0,70.0,0,TIMEOUT,2026-07-15 19:15:00+00:00,-1.0,490.4,5.382673461387811,-6.382673461387811,TRAIN,0.29910293,0.6,False
SETUP_0411,2026-07-15 09:15:00+00:00,ETHUSD,BUY,1884.11,1869.5317857142857,1927.8446428571426,14.578214285714239,100.0,9.0,1.0,1.0970851503327979,100.0,60.0,65.0,50.0,70.0,0,SL,2026-07-15 10:15:00+00:00,-1.0,345.41,0.0023693574070898435,-1.0023693574070898,TRAIN,0.48180863,0.6,False
SETUP_0568,2026-07-15 10:00:00+00:00,EURGBP,SELL,0.85189,0.8530867857142856,0.8482996428571432,0.0011967857142856086,0.2300000000000635,10.0,1.0,1.9173481308411215,10.0,60.0,65.0,50.0,70.0,1,TP,2026-07-15 17:45:00+00:00,3.0,19.42,1.6226797970756435,1.3773202029243565,TRAIN,0.68659496,0.6,True
SETUP_0216,2026-07-15 11:45:00+00:00,BTCUSD,BUY,64754.7,64470.671428571426,65606.78571428571,284.028571428571,100.0,11.0,1.0,0.7780030410542321,100.0,60.0,65.0,50.0,70.0,0,TIMEOUT,2026-07-15 21:45:00+00:00,-1.0,2250.0,0.07921738255708693,-1.079217382557087,TRAIN,0.7044558,0.6,True
SETUP_0412,2026-07-15 12:15:00+00:00,ETHUSD,BUY,1881.18,1872.0335714285716,1908.6192857142855,9.146428571428487,100.0,12.0,1.0,0.8230012825994014,100.0,60.0,65.0,50.0,70.0,1,TP,2026-07-15 15:45:00+00:00,3.0,345.68,0.0037793986723936314,2.9962206013276065,TRAIN,0.7186475,0.6,True
SETUP_1770,2026-07-15 12:15:00+00:00,XRPUSD,BUY,1.1087,1.1029678571428572,1.1258964285714286,0.005732142857142852,1.6000000000000458,12.0,1.0,0.8514275944605916,10.0,60.0,65.0,50.0,70.0,1,TP,2026-07-15 16:30:00+00:00,3.0,490.41,8.555439252336457,-5.555439252336457,TRAIN,0.7730981,0.6,True
SETUP_1513,2026-07-15 13:00:00+00:00,USDJPY,BUY,162.367,162.2754285714286,162.6417142857142,0.09157142857139888,22.999999999996135,13.0,1.0,0.6868091378039793,100.0,60.0,65.0,50.0,70.0,0,SL,2026-07-15 15:30:00+00:00,-1.0,24.76,0.027039001560071173,-1.0270390015600712,TRAIN,0.7186354,0.6,True
SETUP_0569,2026-07-15 13:45:00+00:00,EURGBP,SELL,0.85186,0.8529903571428571,0.8484689285714285,0.0011303571428571413,0.21999999999999797,13.0,1.0,0.7346221441124781,10.0,60.0,65.0,50.0,70.0,1,TP,2026-07-15 17:45:00+00:00,3.0,20.07,1.775545023696685,1.224454976303315,TRAIN,0.76920813,0.6,True
SETUP_0570,2026-07-15 14:00:00+00:00,EURGBP,SELL,0.85205,0.8529450000000001,0.8493649999999997,0.0008950000000000902,0.29999999999996696,14.0,1.0,1.0119809235779922,10.0,60.0,65.0,50.0,70.0,1,TP,2026-07-15 17:30:00+00:00,3.0,20.28,2.2659217877092694,0.7340782122907306,TRAIN,0.7175842,0.6,True
SETUP_0828,2026-07-15 14:00:00+00:00,GBPUSD,BUY,1.3397000000000001,1.3377407142857143,1.3455778571428576,0.00195928571428583,0.8799999999999919,14.0,1.0,0.8377960252290849,10.0,60.0,65.0,50.0,70.0,1,TP,2026-07-15 17:30:00+00:00,3.0,23.78,1.2137076193947516,1.7862923806052484,TRAIN,0.7730981,0.6,True
SETUP_0829,2026-07-15 14:45:00+00:00,GBPUSD,BUY,1.34091,1.3391324999999998,1.3462425000000007,0.0017775000000002095,0.25999999999992696,14.0,1.0,1.5058273661503432,10.0,60.0,65.0,50.0,70.0,1,TP,2026-07-15 17:30:00+00:00,3.0,23.37,1.3147679324892967,1.6852320675107033,TRAIN,0.62065095,0.6,True
SETUP_0571,2026-07-15 14:45:00+00:00,EURGBP,SELL,0.85088,0.8522696428571429,0.8467110714285712,0.0013896428571429364,0.38000000000004697,14.0,1.0,1.9147911902756047,10.0,60.0,65.0,50.0,70.0,1,TP,2026-07-15 19:15:00+00:00,3.0,20.06,1.4435363659726752,1.5564636340273248,TRAIN,0.6236454,0.6,True
SETUP_0572,2026-07-15 15:00:00+00:00,EURGBP,SELL,0.85079,0.8522214285714286,0.8464957142857145,0.001431428571428528,0.36999999999998145,15.0,1.0,1.51123459772892,10.0,60.0,65.0,50.0,70.0,1,TP,2026-07-15 19:15:00+00:00,3.0,20.29,1.4174650698603224,1.5825349301396776,TRAIN,0.427165,0.6,False
SETUP_0830,2026-07-15 15:45:00+00:00,GBPUSD,BUY,1.34271,1.3400664285714285,1.3506407142857146,0.002643571428571523,0.7300000000001194,15.0,1.0,1.144451796656981,10.0,60.0,65.0,50.0,70.0,1,TP,2026-07-15 19:15:00+00:00,3.0,22.82,0.8632261550931873,2.1367738449068128,TRAIN,0.47283024,0.6,False
SETUP_1635,2026-07-15 15:45:00+00:00,XAUUSD,BUY,4067.73,4033.7096428571426,4169.791071428572,34.02035714285739,100.0,15.0,1.0,1.4648217748306323,100.0,60.0,65.0,50.0,70.0,0,SL,2026-07-15 19:15:00+00:00,-1.0,31.88,0.009370859884312894,-1.009370859884313,TRAIN,0.24838065,0.6,False
SETUP_0696,2026-07-15 15:45:00+00:00,EURUSD,BUY,1.14274,1.1403967857142856,1.1497696428571436,0.00234321428571449,0.9600000000000719,15.0,1.0,1.5168723893556109,10.0,60.0,65.0,50.0,70.0,0,TIMEOUT,2026-07-16 01:45:00+00:00,-1.0,19.46,0.8304831580551022,-1.8304831580551022,TRAIN,0.28243527,0.6,False
SETUP_1237,2026-07-15 15:45:00+00:00,USDCAD,SELL,1.4052,1.4076146428571428,1.3979560714285717,0.002414642857142768,1.0300000000000864,15.0,1.0,1.5402262891704468,10.0,60.0,65.0,50.0,70.0,0,TIMEOUT,2026-07-16 01:45:00+00:00,-1.0,28.9,1.1968643691762015,-2.1968643691762013,TRAIN,0.28243527,0.6,False
SETUP_0958,2026-07-15 15:45:00+00:00,GOLD,BUY,4067.73,4033.7096428571426,4169.791071428572,34.02035714285739,100.0,15.0,1.0,1.4648217748306323,100.0,60.0,65.0,50.0,70.0,0,SL,2026-07-15 19:15:00+00:00,-1.0,31.88,0.009370859884312894,-1.009370859884313,TRAIN,0.24838065,0.6,False
SETUP_1374,2026-07-15 15:45:00+00:00,USDCHF,SELL,0.8089,0.8115971428571428,0.8008085714285714,0.0026971428571428424,1.4299999999999313,15.0,1.0,1.6505837820546996,10.0,60.0,65.0,50.0,70.0,0,TIMEOUT,2026-07-16 01:45:00+00:00,-1.0,25.68,0.9521186440678018,-1.9521186440678018,TRAIN,0.20585157,0.6,False
SETUP_1514,2026-07-15 15:45:00+00:00,USDJPY,SELL,162.154,162.40242857142857,161.40871428571427,0.2484285714285761,99.00000000001796,15.0,1.0,1.7038227220994844,100.0,60.0,65.0,50.0,70.0,0,TIMEOUT,2026-07-16 01:45:00+00:00,-1.0,24.77,0.009970672800459848,-1.0099706728004598,TRAIN,0.22511457,0.6,False
SETUP_0060,2026-07-15 15:45:00+00:00,AUDUSD,BUY,0.69948,0.6979375,0.7041075,0.0015425000000000022,0.7300000000000084,15.0,1.0,1.3027051533927763,10.0,60.0,65.0,50.0,70.0,0,TIMEOUT,2026-07-16 01:45:00+00:00,-1.0,23.84,1.5455429497568862,-2.545542949756886,TRAIN,0.30286106,0.6,False
SETUP_0413,2026-07-15 15:45:00+00:00,ETHUSD,BUY,1925.47,1874.5535714285716,2078.2192857142854,50.91642857142847,100.0,15.0,1.0,3.8119733924611974,100.0,60.0,65.0,50.0,70.0,0,TIMEOUT,2026-07-16 01:45:00+00:00,-1.0,346.84,0.0006811946747471361,-1.0006811946747471,TRAIN,0.13741775,0.6,False
SETUP_1771,2026-07-15 15:45:00+00:00,XRPUSD,BUY,1.1186,1.1019571428571429,1.1685285714285716,0.01664285714285718,3.6000000000000476,15.0,1.0,2.656875834445928,18.000000000000238,60.0,65.0,50.0,70.0,0,TIMEOUT,2026-07-16 01:45:00+00:00,-1.0,490.9,2.9496137339055726,-3.9496137339055726,TRAIN,0.16480911,0.6,False
SETUP_1084,2026-07-15 15:45:00+00:00,NZDUSD,BUY,0.58303,0.5813521428571428,0.5880635714285719,0.0016778571428572864,0.7400000000000739,15.0,1.0,1.3926128590971272,10.0,60.0,65.0,50.0,70.0,0,TIMEOUT,2026-07-16 01:45:00+00:00,-1.0,28.23,1.6825031928478764,-2.6825031928478764,TRAIN,0.21576193,0.6,False
SETUP_0217,2026-07-15 16:00:00+00:00,BTCUSD,BUY,65369.6,64583.23928571429,67728.68214285711,786.3607142857072,100.0,16.0,1.0,2.5341819896275344,100.0,60.0,65.0,50.0,70.0,0,TIMEOUT,2026-07-16 02:00:00+00:00,-1.0,2250.0,0.02861282308646094,-1.0286128230864608,TRAIN,0.14882123,0.6,False
SETUP_0831,2026-07-15 16:00:00+00:00,GBPUSD,BUY,1.34262,1.3402682142857143,1.3496753571428568,0.0023517857142856258,0.39999999999995595,16.0,1.0,1.374943719045475,10.0,60.0,65.0,50.0,70.0,1,TP,2026-07-15 18:45:00+00:00,3.0,23.1,0.982232346241495,2.017767653758505,TRAIN,0.46904,0.6,False
SETUP_1772,2026-07-15 16:00:00+00:00,XRPUSD,BUY,1.1209,1.1031071428571428,1.1742785714285715,0.017792857142857166,6.699999999999928,16.0,1.0,2.6144393241167436,33.499999999999645,60.0,65.0,50.0,70.0,0,TIMEOUT,2026-07-16 02:00:00+00:00,-1.0,490.75,2.7581292653552754,-3.7581292653552754,TRAIN,0.16480911,0.6,False
SETUP_0414,2026-07-15 16:00:00+00:00,ETHUSD,BUY,1937.07,1878.7357142857145,2112.0728571428563,58.33428571428544,100.0,16.0,1.0,3.450503807399431,100.0,60.0,65.0,50.0,70.0,0,TIMEOUT,2026-07-16 02:00:00+00:00,-1.0,346.77,0.0005944531517852798,-1.0005944531517852,TRAIN,0.13741775,0.6,False
SETUP_1375,2026-07-15 16:00:00+00:00,USDCHF,SELL,0.80898,0.8112546428571429,0.8021560714285715,0.00227464285714285,0.39999999999995595,16.0,1.0,1.5522107243650047,10.0,60.0,65.0,50.0,70.0,0,TIMEOUT,2026-07-16 02:00:00+00:00,-1.0,25.14,1.105228450306174,-2.105228450306174,TRAIN,0.35177404,0.6,False
SETUP_0573,2026-07-15 16:45:00+00:00,EURGBP,SELL,0.85028,0.8513575000000001,0.8470474999999998,0.0010775000000000645,0.140000000000029,16.0,1.0,1.538310509007019,10.0,60.0,65.0,50.0,70.0,1,TP,2026-07-15 18:45:00+00:00,3.0,20.35,1.8886310904871262,1.1113689095128738,TRAIN,0.5774359,0.6,False
SETUP_0832,2026-07-15 17:00:00+00:00,GBPUSD,BUY,1.34416,1.3417532142857143,1.3513803571428573,0.002406785714285764,0.43999999999999595,17.0,1.0,1.2415331898956092,10.0,60.0,65.0,50.0,70.0,1,TP,2026-07-15 19:45:00+00:00,3.0,23.13,0.9610327941830933,2.0389672058169066,TRAIN,0.5040893,0.6,False
SETUP_0697,2026-07-15 17:00:00+00:00,EURUSD,BUY,1.14308,1.1419753571428573,1.1463939285714286,0.0011046428571428457,0.20999999999982144,17.0,1.0,1.174414824447334,10.0,60.0,65.0,50.0,70.0,1,TP,2026-07-15 20:30:00+00:00,3.0,19.32,1.7489815712900278,1.2510184287099722,TRAIN,0.5458545,0.6,False
SETUP_0574,2026-07-15 17:45:00+00:00,EURGBP,SELL,0.84844,0.8507339285714286,0.8415582142857141,0.0022939285714286273,0.7400000000000739,17.0,1.0,2.0096593580373554,10.0,60.0,65.0,50.0,70.0,0,TIMEOUT,2026-07-16 03:45:00+00:00,-1.0,20.28,0.8840728631480402,-1.8840728631480403,TRAIN,0.15126741,0.6,False
SETUP_0833,2026-07-15 17:45:00+00:00,GBPUSD,BUY,1.3477299999999999,1.3434185714285714,1.3606642857142854,0.004311428571428522,1.8000000000000238,17.0,1.0,1.4789317507418398,10.0,60.0,65.0,50.0,70.0,0,TIMEOUT,2026-07-16 03:45:00+00:00,-1.0,23.11,0.5360172299536179,-1.536017229953618,TRAIN,0.21576193,0.6,False
SETUP_0575,2026-07-15 18:00:00+00:00,EURGBP,SELL,0.84867,0.8505196428571428,0.8431210714285718,0.0018496428571427304,0.5199999999999649,18.0,1.0,1.1032756102649697,10.0,60.0,65.0,50.0,70.0,0,TIMEOUT,2026-07-16 04:00:00+00:00,-1.0,20.23,1.0937246572698183,-2.093724657269818,TRAIN,0.23763305,0.6,False
SETUP_0834,2026-07-15 18:00:00+00:00,GBPUSD,BUY,1.34722,1.3438039285714285,1.3574682142857148,0.0034160714285715876,0.6699999999999484,18.0,1.0,1.2049424005945744,10.0,60.0,65.0,50.0,70.0,0,TIMEOUT,2026-07-16 04:00:00+00:00,-1.0,23.53,0.6888029273392257,-1.6888029273392258,TRAIN,0.22820427,0.6,False
SETUP_1376,2026-07-15 18:00:00+00:00,USDCHF,SELL,0.80708,0.8084610714285714,0.802936785714286,0.0013810714285713566,0.27999999999994696,18.0,1.0,1.155333749220212,10.0,60.0,65.0,50.0,70.0,0,TIMEOUT,2026-07-16 04:00:00+00:00,-1.0,25.28,1.8304628911301706,-2.8304628911301704,TRAIN,0.22893128,0.6,False
SETUP_0576,2026-07-15 18:30:00+00:00,EURGBP,SELL,0.84751,0.8490664285714286,0.8428407142857143,0.0015564285714285697,0.34999999999996145,18.0,1.0,1.1361587015329127,10.0,60.0,65.0,50.0,70.0,0,TIMEOUT,2026-07-16 04:30:00+00:00,-1.0,20.23,1.2997705369435535,-2.2997705369435533,TRAIN,0.23838077,0.6,False
SETUP_0577,2026-07-15 18:45:00+00:00,EURGBP,SELL,0.84724,0.8489557142857144,0.8420928571428569,0.001715714285714376,0.40999999999991044,18.0,1.0,0.9756843554060254,10.0,60.0,65.0,50.0,70.0,0,TIMEOUT,2026-07-16 04:45:00+00:00,-1.0,20.17,1.1756036636135936,-2.1756036636135936,TRAIN,0.24580854,0.6,False
SETUP_0578,2026-07-15 19:00:00+00:00,EURGBP,SELL,0.84717,0.8483328571428571,0.8436814285714286,0.0011628571428571322,0.22999999999995246,19.0,1.0,0.9198264478400302,10.0,60.0,65.0,50.0,70.0,0,TIMEOUT,2026-07-16 05:00:00+00:00,-1.0,20.2,1.7371007371007532,-2.737100737100753,TRAIN,0.19930291,0.6,False
SETUP_1636,2026-07-15 19:15:00+00:00,XAUUSD,SELL,4034.74,4055.548214285714,3972.315357142857,20.808214285714257,54.400000000000546,19.0,1.0,1.1242594100832017,100.0,60.0,65.0,50.0,70.0,0,SL,2026-07-15 20:30:00+00:00,-1.0,32.2,0.015474658016236742,-1.0154746580162368,TRAIN,0.1851345,0.6,False
SETUP_0959,2026-07-15 19:15:00+00:00,GOLD,SELL,4034.74,4055.548214285714,3972.315357142857,20.808214285714257,54.400000000000546,19.0,1.0,1.1242594100832017,100.0,60.0,65.0,50.0,70.0,0,SL,2026-07-15 20:30:00+00:00,-1.0,32.2,0.015474658016236742,-1.0154746580162368,TRAIN,0.1851345,0.6,False
SETUP_0835,2026-07-15 19:30:00+00:00,GBPUSD,BUY,1.3508200000000001,1.3486971428571428,1.357188571428572,0.002122857142857315,0.6800000000000139,19.0,1.0,0.8130933171273498,10.0,60.0,65.0,50.0,70.0,0,TIMEOUT,2026-07-16 05:30:00+00:00,-1.0,23.53,1.1084118438760877,-2.1084118438760875,TRAIN,0.33911705,0.6,False
SETUP_0579,2026-07-15 19:30:00+00:00,EURGBP,SELL,0.84639,0.8475221428571429,0.8429935714285712,0.0011321428571429148,0.260000000000038,19.0,1.0,0.791025872987154,10.0,60.0,65.0,50.0,70.0,0,SL,2026-07-16 03:30:00+00:00,-1.0,20.16,1.7806940063090575,-2.7806940063090577,TRAIN,0.34791228,0.6,False
SETUP_0836,2026-07-15 20:00:00+00:00,GBPUSD,BUY,1.35321,1.3499335714285714,1.363039285714286,0.0032764285714286245,1.2000000000000899,20.0,1.0,0.9515407398071712,10.0,60.0,65.0,50.0,70.0,0,TIMEOUT,2026-07-16 06:00:00+00:00,-1.0,24.14,0.7367778504469034,-1.7367778504469034,TRAIN,0.19864577,0.6,False
SETUP_0580,2026-07-15 20:00:00+00:00,EURGBP,SELL,0.84594,0.8469475,0.8429175000000002,0.001007499999999939,0.21999999999999797,20.0,1.0,0.9136212624584719,10.0,60.0,65.0,50.0,70.0,0,SL,2026-07-15 21:30:00+00:00,-1.0,20.24,2.008933002481511,-3.008933002481511,TRAIN,0.19930291,0.6,False
SETUP_0698,2026-07-15 20:00:00+00:00,EURUSD,BUY,1.14485,1.1430025,1.1503925,0.001847500000000002,0.28999999999990145,20.0,1.0,0.9101623886851754,10.0,60.0,65.0,50.0,70.0,0,TIMEOUT,2026-07-16 06:00:00+00:00,-1.0,19.48,1.0543978349120422,-2.0543978349120424,TRAIN,0.19930291,0.6,False
SETUP_0699,2026-07-15 20:15:00+00:00,EURUSD,BUY,1.14548,1.1430410714285715,1.1527967857142858,0.002438928571428578,0.5599999999998939,20.0,1.0,0.6833071278825995,10.0,60.0,65.0,50.0,70.0,0,TIMEOUT,2026-07-16 06:15:00+00:00,-1.0,19.49,0.7991213940547642,-1.7991213940547643,TRAIN,0.2483649,0.6,False
SETUP_1377,2026-07-15 20:15:00+00:00,USDCHF,SELL,0.80569,0.8075017857142858,0.8002546428571428,0.0018117857142857519,0.34000000000000696,20.0,1.0,0.6583165585625885,10.0,60.0,65.0,50.0,70.0,0,TIMEOUT,2026-07-16 06:15:00+00:00,-1.0,26.17,1.4444313029765128,-2.444431302976513,TRAIN,0.2557172,0.6,False
SETUP_0061,2026-07-15 20:15:00+00:00,AUDUSD,BUY,0.70015,0.6985507142857142,0.7049478571428575,0.001599285714285803,0.34000000000000696,20.0,1.0,0.5381711140973955,10.0,60.0,65.0,50.0,70.0,0,SL,2026-07-16 05:00:00+00:00,-1.0,23.82,1.489414917373745,-2.489414917373745,TRAIN,0.2557172,0.6,False
SETUP_1238,2026-07-15 20:15:00+00:00,USDCAD,SELL,1.40395,1.4057453571428573,1.3985639285714282,0.001795357142857279,0.38000000000004697,20.0,1.0,0.7087712770905031,10.0,60.0,65.0,50.0,70.0,0,TIMEOUT,2026-07-16 06:15:00+00:00,-1.0,28.51,1.5879848816390283,-2.587984881639028,TRAIN,0.26349822,0.6,False
SETUP_1085,2026-07-15 20:15:00+00:00,NZDUSD,BUY,0.58443,0.5830110714285714,0.5886867857142857,0.001418928571428557,0.19000000000002348,20.0,1.0,0.6662351242344271,10.0,60.0,65.0,50.0,70.0,0,TIMEOUT,2026-07-16 06:15:00+00:00,-1.0,28.44,2.004329222250209,-3.004329222250209,TRAIN,0.27525878,0.6,False
SETUP_0700,2026-07-15 20:30:00+00:00,EURUSD,BUY,1.14696,1.143745357142857,1.1566039285714287,0.003214642857142902,0.5399999999999849,20.0,1.0,1.181763647270546,10.0,60.0,65.0,50.0,70.0,0,TIMEOUT,2026-07-16 06:30:00+00:00,-1.0,19.6,0.609710032218634,-1.609710032218634,TRAIN,0.19037762,0.6,False
SETUP_1378,2026-07-15 20:30:00+00:00,USDCHF,SELL,0.80478,0.8072442857142857,0.797387142857143,0.0024642857142856966,0.2300000000000635,20.0,1.0,1.0894464661942156,10.0,60.0,65.0,50.0,70.0,0,TIMEOUT,2026-07-16 06:30:00+00:00,-1.0,25.79,1.0465507246376886,-2.0465507246376884,TRAIN,0.19930291,0.6,False
SETUP_1637,2026-07-15 20:30:00+00:00,XAUUSD,BUY,4062.16,4027.8407142857145,4165.117857142855,34.31928571428534,80.10000000000218,20.0,1.0,0.960820895522388,100.0,60.0,65.0,50.0,70.0,0,SL,2026-07-16 05:30:00+00:00,-1.0,31.95,0.009309634316398627,-1.0093096343163985,TRAIN,0.19721653,0.6,False
SETUP_0960,2026-07-15 20:30:00+00:00,GOLD,BUY,4062.16,4027.8407142857145,4165.117857142855,34.31928571428534,80.10000000000218,20.0,1.0,0.960820895522388,100.0,60.0,65.0,50.0,70.0,0,SL,2026-07-16 05:30:00+00:00,-1.0,31.95,0.009309634316398627,-1.0093096343163985,TRAIN,0.19721653,0.6,False
SETUP_1086,2026-07-15 20:30:00+00:00,NZDUSD,BUY,0.58546,0.5833610714285715,0.5917567857142854,0.00209892857142846,0.31999999999998696,20.0,1.0,1.1154808723632463,10.0,60.0,65.0,50.0,70.0,0,SL,2026-07-16 05:00:00+00:00,-1.0,28.35,1.350689127105738,-2.350689127105738,TRAIN,0.19930291,0.6,False
SETUP_0062,2026-07-15 20:30:00+00:00,AUDUSD,BUY,0.70122,0.6989407142857142,0.7080578571428571,0.002279285714285706,0.31000000000003247,20.0,1.0,0.8397249404919332,10.0,60.0,65.0,50.0,70.0,0,SL,2026-07-16 04:30:00+00:00,-1.0,24.01,1.053400188028835,-2.053400188028835,TRAIN,0.34791228,0.6,False
SETUP_1515,2026-07-15 20:45:00+00:00,USDJPY,SELL,161.976,162.15235714285714,161.44692857142857,0.17635714285714243,25.000000000005684,20.0,1.0,0.9151738672286618,100.0,60.0,65.0,50.0,70.0,0,SL,2026-07-15 22:30:00+00:00,-1.0,24.58,0.013937626569461355,-1.0139376265694613,TRAIN,0.20284386,0.6,False
SETUP_1379,2026-07-15 20:45:00+00:00,USDCHF,SELL,0.80424,0.8065342857142856,0.7973571428571429,0.002294285714285693,0.6599999999999939,20.0,1.0,0.9834669144693539,10.0,60.0,65.0,50.0,70.0,0,TIMEOUT,2026-07-16 06:45:00+00:00,-1.0,26.0,1.1332503113325136,-2.133250311332514,TRAIN,0.19864577,0.6,False
SETUP_0701,2026-07-15 20:45:00+00:00,EURUSD,BUY,1.14724,1.1443157142857143,1.1560128571428572,0.0029242857142857126,1.0999999999998789,20.0,1.0,0.9507833730331802,10.0,60.0,65.0,50.0,70.0,0,TIMEOUT,2026-07-16 06:45:00+00:00,-1.0,19.63,0.6712750366389842,-1.6712750366389844,TRAIN,0.19864577,0.6,False
SETUP_0961,2026-07-15 20:45:00+00:00,GOLD,BUY,4062.19,4028.1664285714287,4164.260714285714,34.02357142857136,100.0,20.0,1.0,0.9247942955449514,100.0,60.0,65.0,50.0,70.0,0,SL,2026-07-16 05:30:00+00:00,-1.0,32.41,0.009525748955556041,-1.009525748955556,TRAIN,0.21351112,0.6,False
SETUP_1087,2026-07-15 20:45:00+00:00,NZDUSD,BUY,0.58561,0.5836103571428571,0.5916089285714284,0.001999642857142825,0.7599999999999829,20.0,1.0,0.8422356401919802,10.0,60.0,65.0,50.0,70.0,0,SL,2026-07-16 04:30:00+00:00,-1.0,28.35,1.417753170208989,-2.417753170208989,TRAIN,0.33911705,0.6,False
SETUP_0063,2026-07-15 20:45:00+00:00,AUDUSD,BUY,0.70134,0.6993396428571428,0.7073410714285715,0.0020003571428571787,0.8599999999999719,20.0,1.0,0.6902300766922308,10.0,60.0,65.0,50.0,70.0,0,SL,2026-07-16 00:00:00+00:00,-1.0,24.02,1.2007855740046205,-2.2007855740046205,TRAIN,0.2483649,0.6,False
SETUP_1239,2026-07-15 20:45:00+00:00,USDCAD,SELL,1.40306,1.4046942857142857,1.3981571428571429,0.0016342857142856992,0.460000000000127,20.0,1.0,0.7981072555205048,10.0,60.0,65.0,50.0,70.0,0,SL,2026-07-16 04:45:00+00:00,-1.0,28.51,1.7444930069930231,-2.7444930069930233,TRAIN,0.33911705,0.6,False
SETUP_1638,2026-07-15 20:45:00+00:00,XAUUSD,BUY,4062.19,4028.1664285714287,4164.260714285714,34.02357142857136,100.0,20.0,1.0,0.9247942955449514,100.0,60.0,65.0,50.0,70.0,0,SL,2026-07-16 05:30:00+00:00,-1.0,32.41,0.009525748955556041,-1.009525748955556,TRAIN,0.21351112,0.6,False
SETUP_1380,2026-07-15 21:00:00+00:00,USDCHF,SELL,0.80409,0.8060264285714286,0.7982807142857141,0.0019364285714286167,0.39000000000000146,21.0,1.0,0.8066232998225902,10.0,60.0,65.0,50.0,70.0,0,SL,2026-07-16 05:15:00+00:00,-1.0,25.9,1.337513832534089,-2.337513832534089,TRAIN,0.3571525,0.6,False
SETUP_1516,2026-07-15 22:30:00+00:00,USDJPY,BUY,162.235,161.95957142857142,163.0612857142858,0.27542857142859134,37.00000000000614,22.0,1.0,1.3989286721172822,100.0,60.0,65.0,50.0,70.0,0,TIMEOUT,2026-07-16 08:30:00+00:00,-1.0,24.88,0.009033195020746235,-1.0090331950207463,TRAIN,0.10578629,0.6,False
SETUP_1517,2026-07-15 22:45:00+00:00,USDJPY,BUY,162.218,161.9725357142857,162.95439285714286,0.24546428571429146,92.99999999998931,22.0,1.0,1.0467224138939244,100.0,60.0,65.0,50.0,70.0,0,TIMEOUT,2026-07-16 08:45:00+00:00,-1.0,24.53,0.009993307143896173,-1.0099933071438962,TRAIN,0.19533935,0.6,False
SETUP_0581,2026-07-15 23:00:00+00:00,EURGBP,SELL,0.8467,0.8476128571428572,0.8439614285714285,0.0009128571428571597,0.19999999999997797,23.0,1.0,0.5,10.0,60.0,65.0,50.0,70.0,0,SL,2026-07-16 03:45:00+00:00,-1.0,20.22,2.2150234741783628,-3.2150234741783628,TRAIN,0.26925144,0.6,False
SETUP_0582,2026-07-15 23:15:00+00:00,EURGBP,SELL,0.84666,0.8473475,0.8445974999999998,0.0006875000000000631,0.140000000000029,23.0,1.0,0.5,10.0,60.0,65.0,50.0,70.0,0,SL,2026-07-16 03:30:00+00:00,-1.0,20.17,2.9338181818179128,-3.9338181818179128,TRAIN,0.4091624,0.6,False
SETUP_1773,2026-07-15 23:30:00+00:00,XRPUSD,BUY,1.1105,1.1045178571428573,1.1284464285714282,0.005982142857142714,1.6000000000000458,23.0,1.0,0.6236350400388255,10.0,60.0,65.0,50.0,70.0,0,SL,2026-07-16 04:15:00+00:00,-1.0,490.44,8.198400000000197,-9.198400000000197,TRAIN,0.25414485,0.6,False
SETUP_1240,2026-07-16 00:00:00+00:00,USDCAD,SELL,1.40311,1.4046553571428573,1.3984739285714285,0.0015453571428571955,0.2500000000000835,0.0,1.0,0.5,10.0,60.0,65.0,50.0,70.0,0,SL,2026-07-16 04:45:00+00:00,-1.0,149.8,9.693552114628744,-10.693552114628744,TRAIN,0.073021576,0.6,False
SETUP_1518,2026-07-16 00:00:00+00:00,USDJPY,SELL,162.138,162.24910714285716,161.80467857142855,0.11110714285715062,25.000000000005684,0.0,1.0,0.5,100.0,60.0,65.0,50.0,70.0,0,TIMEOUT,2026-07-16 10:00:00+00:00,-1.0,171.65,0.154490517518472,-1.154490517518472,TRAIN,0.07347516,0.6,False
SETUP_1381,2026-07-16 00:00:00+00:00,USDCHF,SELL,0.80411,0.8056957142857143,0.7993528571428571,0.0015857142857143014,0.24000000000001798,0.0,1.0,0.5,10.0,60.0,65.0,50.0,70.0,0,SL,2026-07-16 05:00:00+00:00,-1.0,146.24,9.222342342342252,-10.222342342342252,TRAIN,0.073021576,0.6,False
SETUP_1241,2026-07-16 00:15:00+00:00,USDCAD,SELL,1.40307,1.4044182142857142,1.3990253571428575,0.0013482142857141888,0.31999999999987594,0.0,1.0,0.5,10.0,60.0,65.0,50.0,70.0,0,SL,2026-07-16 04:30:00+00:00,-1.0,151.0,11.200000000000806,-12.200000000000806,TRAIN,0.073021576,0.6,False
SETUP_1382,2026-07-16 00:15:00+00:00,USDCHF,SELL,0.80409,0.80554,0.7997399999999998,0.0014500000000000624,0.29999999999996696,0.0,1.0,0.5,10.0,60.0,65.0,50.0,70.0,0,SL,2026-07-16 04:45:00+00:00,-1.0,146.41,10.09724137930991,-11.09724137930991,TRAIN,0.073021576,0.6,False
SETUP_0064,2026-07-16 01:15:00+00:00,AUDUSD,BUY,0.70052,0.6997142857142857,0.7029371428571429,0.0008057142857142985,0.14999999999998348,1.0,1.0,0.5,10.0,60.0,65.0,50.0,70.0,0,SL,2026-07-16 03:45:00+00:00,-1.0,26.27,3.26046099290775,-4.26046099290775,TRAIN,0.2954485,0.6,False
SETUP_0837,2026-07-16 01:15:00+00:00,GBPUSD,BUY,1.35404,1.3521189285714286,1.359803214285714,0.0019210714285713415,0.29999999999996696,1.0,1.0,0.5,10.0,60.0,65.0,50.0,70.0,0,SL,2026-07-16 05:00:00+00:00,-1.0,30.78,1.6022308979364923,-2.6022308979364923,TRAIN,0.2954485,0.6,False
SETUP_1088,2026-07-16 01:15:00+00:00,NZDUSD,BUY,0.58503,0.5840528571428572,0.5879614285714287,0.0009771428571428986,0.39000000000000146,1.0,1.0,0.5,10.0,60.0,65.0,50.0,70.0,0,SL,2026-07-16 03:45:00+00:00,-1.0,30.81,3.1530701754384625,-4.1530701754384625,TRAIN,0.28666866,0.6,False
SETUP_0702,2026-07-16 01:15:00+00:00,EURUSD,BUY,1.14662,1.1458100000000002,1.1490499999999992,0.0008099999999997554,0.140000000000029,1.0,1.0,0.5,10.0,60.0,65.0,50.0,70.0,0,TIMEOUT,2026-07-16 11:15:00+00:00,-1.0,22.25,2.7469135802477433,-3.7469135802477433,TRAIN,0.4428832,0.6,False
SETUP_0065,2026-07-16 02:30:00+00:00,AUDUSD,BUY,0.70086,0.7002428571428572,0.7027114285714287,0.0006171428571428716,0.12999999999996348,2.0,1.0,0.5736894164193868,10.0,60.0,65.0,50.0,70.0,0,SL,2026-07-16 03:30:00+00:00,-1.0,24.63,3.9909722222221284,-4.990972222222128,TRAIN,0.6585166,0.6,True
SETUP_1639,2026-07-16 04:00:00+00:00,XAUUSD,SELL,4045.12,4063.9575,3988.6074999999996,18.83750000000009,36.900000000000546,4.0,1.0,2.2165671404404215,100.0,60.0,65.0,50.0,70.0,0,TIMEOUT,2026-07-16 14:00:00+00:00,-1.0,33.18,0.017613802256137935,-1.0176138022561378,TRAIN,0.22561856,0.6,False
SETUP_0962,2026-07-16 04:00:00+00:00,GOLD,SELL,4045.12,4063.9575,3988.6074999999996,18.83750000000009,36.900000000000546,4.0,1.0,2.2165671404404215,100.0,60.0,65.0,50.0,70.0,0,TIMEOUT,2026-07-16 14:00:00+00:00,-1.0,33.18,0.017613802256137935,-1.0176138022561378,TRAIN,0.22561856,0.6,False
SETUP_0963,2026-07-16 05:15:00+00:00,GOLD,SELL,4034.46,4047.431785714286,3995.544642857142,12.971785714285943,23.299999999999272,5.0,1.0,1.2202671291445364,100.0,60.0,65.0,50.0,70.0,0,TIMEOUT,2026-07-16 15:15:00+00:00,-1.0,32.57,0.02510833952809625,-1.0251083395280962,TRAIN,0.47559243,0.6,False
SETUP_1640,2026-07-16 05:15:00+00:00,XAUUSD,SELL,4034.46,4047.431785714286,3995.544642857142,12.971785714285943,23.299999999999272,5.0,1.0,1.2202671291445364,100.0,60.0,65.0,50.0,70.0,0,TIMEOUT,2026-07-16 15:15:00+00:00,-1.0,32.57,0.02510833952809625,-1.0251083395280962,TRAIN,0.47559243,0.6,False
SETUP_0583,2026-07-16 06:15:00+00:00,EURGBP,SELL,0.84721,0.8476789285714286,0.8458032142857144,0.0004689285714285507,0.21000000000004349,6.0,1.0,0.9589262613195343,10.0,60.0,65.0,50.0,70.0,0,SL,2026-07-16 11:00:00+00:00,-1.0,20.98,4.474028941355872,-5.474028941355872,TRAIN,0.5782705,0.6,False
SETUP_1242,2026-07-16 06:15:00+00:00,USDCAD,SELL,1.40445,1.4053514285714286,1.4017457142857142,0.0009014285714286085,0.11999999999989797,6.0,1.0,0.7601351351351352,10.0,60.0,65.0,50.0,70.0,1,TP,2026-07-16 16:00:00+00:00,3.0,30.58,3.3923930269412232,-0.39239302694122324,TRAIN,0.72008353,0.6,True
SETUP_1089,2026-07-16 06:15:00+00:00,NZDUSD,BUY,0.58471,0.5835467857142856,0.5881996428571429,0.001163214285714309,0.17000000000000348,6.0,1.0,0.7582436959971786,10.0,60.0,65.0,50.0,70.0,0,TIMEOUT,2026-07-16 16:15:00+00:00,-1.0,28.24,2.4277556033158865,-3.4277556033158865,TRAIN,0.72008353,0.6,True
SETUP_1383,2026-07-16 06:15:00+00:00,USDCHF,SELL,0.80553,0.8065192857142857,0.8025621428571429,0.0009892857142856926,0.19999999999997797,6.0,1.0,0.9468659519524218,10.0,60.0,65.0,50.0,70.0,0,SL,2026-07-16 11:00:00+00:00,-1.0,26.47,2.67566787003616,-3.67566787003616,TRAIN,0.5782705,0.6,False
SETUP_0838,2026-07-16 06:15:00+00:00,GBPUSD,BUY,1.35334,1.3517489285714286,1.3581132142857142,0.0015910714285714,0.600000000000156,6.0,1.0,1.1051147805074506,10.0,60.0,65.0,50.0,70.0,0,SL,2026-07-16 12:00:00+00:00,-1.0,25.15,1.5806958473625423,-2.5806958473625423,TRAIN,0.5115603,0.6,False
SETUP_0218,2026-07-16 08:15:00+00:00,BTCUSD,BUY,64922.3,64512.985714285714,66150.24285714288,409.3142857142884,100.0,8.0,1.0,1.122215876641919,100.0,60.0,65.0,50.0,70.0,0,SL,2026-07-16 10:15:00+00:00,-1.0,2250.0,0.05496998464330551,-1.0549699846433056,TRAIN,0.48180863,0.6,False
SETUP_0839,2026-07-16 08:15:00+00:00,GBPUSD,BUY,1.35357,1.352832142857143,1.3557835714285706,0.0007378571428569014,0.1500000000000945,8.0,1.0,0.7217439091408683,10.0,60.0,65.0,50.0,70.0,0,SL,2026-07-16 08:45:00+00:00,-1.0,25.53,3.460019361085353,-4.460019361085353,TRAIN,0.72008353,0.6,True
SETUP_1774,2026-07-16 08:15:00+00:00,XRPUSD,BUY,1.1146,1.1085857142857143,1.1326428571428573,0.00601428571428575,0.9000000000001229,8.0,1.0,1.0034482758620689,10.0,60.0,65.0,50.0,70.0,0,SL,2026-07-16 10:30:00+00:00,-1.0,490.19,8.150427553444132,-9.150427553444132,TRAIN,0.5078377,0.6,False
SETUP_1090,2026-07-16 08:30:00+00:00,NZDUSD,BUY,0.58517,0.5843867857142857,0.5875196428571428,0.0007832142857142621,0.140000000000029,8.0,1.0,1.156079091291544,10.0,60.0,65.0,50.0,70.0,0,SL,2026-07-16 16:00:00+00:00,-1.0,28.2,3.6005471956225437,-4.600547195622544,TRAIN,0.4970793,0.6,False
SETUP_0219,2026-07-16 08:30:00+00:00,BTCUSD,BUY,64900.5,64538.93928571429,65985.18214285714,361.5607142857116,100.0,8.0,1.0,1.2265224815025613,100.0,60.0,65.0,50.0,70.0,0,SL,2026-07-16 10:15:00+00:00,-1.0,2250.0,0.062230212274169,-1.062230212274169,TRAIN,0.44602245,0.6,False
SETUP_1243,2026-07-16 10:00:00+00:00,USDCAD,SELL,1.40425,1.4048007142857142,1.4025978571428575,0.0005507142857141822,0.19999999999997797,10.0,1.0,1.1943114206936583,10.0,60.0,65.0,50.0,70.0,1,TP,2026-07-16 15:00:00+00:00,3.0,30.93,5.6163424124524175,-2.6163424124524175,TRAIN,0.7571087,0.6,True
SETUP_1519,2026-07-16 10:15:00+00:00,USDJPY,SELL,162.08,162.17353571428572,161.7993928571429,0.09353571428570717,18.999999999977035,10.0,1.0,1.8157002233435353,94.99999999988518,60.0,65.0,50.0,70.0,0,SL,2026-07-16 12:30:00+00:00,-1.0,25.14,0.02687743413516814,-1.026877434135168,TRAIN,0.6089785,0.6,True
SETUP_0220,2026-07-16 10:30:00+00:00,BTCUSD,SELL,64216.7,64834.11214285714,62364.46357142856,617.4121428571452,100.0,10.0,1.0,1.8792927078766624,100.0,60.0,65.0,50.0,70.0,0,SL,2026-07-16 17:15:00+00:00,-1.0,2250.0,0.036442431948096585,-1.0364424319480965,TRAIN,0.4207015,0.6,False
SETUP_0221,2026-07-16 10:45:00+00:00,BTCUSD,SELL,64220.0,64718.05142857143,62725.84571428571,498.05142857143073,100.0,10.0,1.0,1.4553723706651507,100.0,60.0,65.0,50.0,70.0,0,SL,2026-07-16 17:15:00+00:00,-1.0,2250.0,0.04517605754999464,-1.0451760575499947,TRAIN,0.34292832,0.6,False
SETUP_1244,2026-07-16 13:00:00+00:00,USDCAD,SELL,1.40369,1.404850357142857,1.4002089285714294,0.0011603571428568937,0.21000000000004349,13.0,1.0,0.9395192556216077,10.0,60.0,65.0,50.0,70.0,0,SL,2026-07-16 19:45:00+00:00,-1.0,30.29,2.6104032009854787,-3.6104032009854787,TRAIN,0.7175842,0.6,True
SETUP_1245,2026-07-16 13:15:00+00:00,USDCAD,SELL,1.4035199999999999,1.404463214285714,1.4006903571428573,0.0009432142857142001,0.17999999999984695,13.0,1.0,0.7361883814206236,10.0,60.0,65.0,50.0,70.0,0,SL,2026-07-16 19:15:00+00:00,-1.0,30.68,3.2527073078382354,-4.252707307838236,TRAIN,0.76920813,0.6,True
SETUP_0066,2026-07-16 13:15:00+00:00,AUDUSD,BUY,0.70017,0.6994089285714286,0.7024532142857142,0.0007610714285714026,0.10999999999994348,13.0,1.0,0.6584455255119358,10.0,60.0,65.0,50.0,70.0,0,SL,2026-07-16 14:45:00+00:00,-1.0,23.84,3.132426091037179,-4.132426091037178,TRAIN,0.7052317,0.6,True
SETUP_1246,2026-07-16 15:15:00+00:00,USDCAD,SELL,1.40213,1.40392,1.3967600000000002,0.0017899999999999583,0.26999999999999247,15.0,1.0,1.6961256918407428,10.0,60.0,65.0,50.0,70.0,0,SL,2026-07-16 18:30:00+00:00,-1.0,29.35,1.639664804469312,-2.6396648044693123,TRAIN,0.32047006,0.6,False
SETUP_0584,2026-07-16 15:15:00+00:00,EURGBP,SELL,0.84864,0.8493242857142858,0.8465871428571425,0.0006842857142858039,0.17000000000000348,15.0,1.0,1.2965199253485564,10.0,60.0,65.0,50.0,70.0,0,TIMEOUT,2026-07-17 01:15:00+00:00,-1.0,20.61,3.0118997912313383,-4.011899791231338,TRAIN,0.31235638,0.6,False
SETUP_0415,2026-07-16 15:45:00+00:00,ETHUSD,SELL,1870.93,1883.8921428571427,1832.043571428572,12.96214285714268,100.0,15.0,1.0,1.0094952523738132,100.0,60.0,65.0,50.0,70.0,0,SL,2026-07-16 16:30:00+00:00,-1.0,346.02,0.002669466027442589,-1.0026694660274427,TRAIN,0.47517848,0.6,False
SETUP_1520,2026-07-16 15:45:00+00:00,USDJPY,BUY,162.283,162.13324999999998,162.73225000000002,0.1497500000000116,44.00000000001114,15.0,1.0,1.1803812015983592,100.0,60.0,65.0,50.0,70.0,0,TIMEOUT,2026-07-17 01:45:00+00:00,-1.0,25.24,0.016854757929881833,-1.016854757929882,TRAIN,0.43813732,0.6,False
SETUP_0585,2026-07-16 15:45:00+00:00,EURGBP,SELL,0.84802,0.8489253571428571,0.8453039285714287,0.0009053571428571106,0.14999999999998348,15.0,1.0,1.4236379568063502,10.0,60.0,65.0,50.0,70.0,0,SL,2026-07-16 18:45:00+00:00,-1.0,20.44,2.2576725838265106,-3.2576725838265106,TRAIN,0.27595815,0.6,False
SETUP_1641,2026-07-16 15:45:00+00:00,XAUUSD,SELL,3992.26,4037.2925,3857.162500000001,45.0324999999998,37.99999999999727,15.0,1.0,1.621261442335001,100.0,60.0,65.0,50.0,70.0,0,TIMEOUT,2026-07-17 02:45:00+00:00,-1.0,32.6,0.0072392161216899235,-1.0072392161216899,TRAIN,0.20871566,0.6,False
SETUP_0964,2026-07-16 15:45:00+00:00,GOLD,SELL,3992.26,4037.2925,3857.162500000001,45.0324999999998,37.99999999999727,15.0,1.0,1.621261442335001,100.0,60.0,65.0,50.0,70.0,0,TIMEOUT,2026-07-17 02:45:00+00:00,-1.0,32.6,0.0072392161216899235,-1.0072392161216899,TRAIN,0.20871566,0.6,False
SETUP_1775,2026-07-16 15:45:00+00:00,XRPUSD,SELL,1.0991,1.1079571428571429,1.0725285714285713,0.008857142857142897,2.4999999999999467,15.0,1.0,1.1713810316139768,12.499999999999734,60.0,65.0,50.0,70.0,0,SL,2026-07-16 16:30:00+00:00,-1.0,490.43,5.537112903225782,-6.537112903225782,TRAIN,0.4596965,0.6,False
SETUP_1384,2026-07-16 15:45:00+00:00,USDCHF,BUY,0.80806,0.8064546428571429,0.8128760714285714,0.0016053571428571445,0.31000000000003247,15.0,1.0,1.6707968500468087,10.0,60.0,65.0,50.0,70.0,0,TIMEOUT,2026-07-17 01:45:00+00:00,-1.0,25.52,1.589677419354837,-2.589677419354837,TRAIN,0.32047006,0.6,False
SETUP_0965,2026-07-16 16:00:00+00:00,GOLD,SELL,3992.09,4035.362857142857,3862.271428571429,43.27285714285699,38.799999999996544,16.0,1.0,1.729956914758807,100.0,60.0,65.0,50.0,70.0,0,TIMEOUT,2026-07-17 03:00:00+00:00,-1.0,32.57,0.00752665808325908,-1.0075266580832591,TRAIN,0.20871566,0.6,False
SETUP_1642,2026-07-16 16:00:00+00:00,XAUUSD,SELL,3992.09,4035.362857142857,3862.271428571429,43.27285714285699,38.799999999996544,16.0,1.0,1.729956914758807,100.0,60.0,65.0,50.0,70.0,0,TIMEOUT,2026-07-17 03:00:00+00:00,-1.0,32.57,0.00752665808325908,-1.0075266580832591,TRAIN,0.20871566,0.6,False
SETUP_1091,2026-07-16 16:15:00+00:00,NZDUSD,BUY,0.58528,0.5841717857142857,0.5886046428571429,0.0011082142857142818,0.19000000000002348,16.0,1.0,1.1757974538692604,10.0,60.0,65.0,50.0,70.0,0,SL,2026-07-16 18:45:00+00:00,-1.0,28.04,2.530196583951024,-3.530196583951024,TRAIN,0.47646552,0.6,False
SETUP_0067,2026-07-16 16:15:00+00:00,AUDUSD,BUY,0.70077,0.6992532142857142,0.7053203571428575,0.0015167857142858177,0.21000000000004349,16.0,1.0,1.2733074085153055,10.0,60.0,65.0,50.0,70.0,0,SL,2026-07-16 19:15:00+00:00,-1.0,23.77,1.5671297386389327,-2.5671297386389327,TRAIN,0.42788333,0.6,False
SETUP_1776,2026-07-16 16:30:00+00:00,XRPUSD,BUY,1.104,1.097257142857143,1.1242285714285716,0.0067428571428571615,2.0999999999999908,16.0,1.0,2.2121971595655805,10.499999999999954,60.0,65.0,50.0,70.0,0,SL,2026-07-16 20:45:00+00:00,-1.0,490.6,7.2758474576270995,-8.2758474576271,TRAIN,0.112865716,0.6,False
SETUP_1521,2026-07-16 17:00:00+00:00,USDJPY,BUY,162.358,162.17114285714285,162.91857142857145,0.18685714285714994,36.000000000001364,17.0,1.0,1.249359609276273,100.0,60.0,65.0,50.0,70.0,0,TIMEOUT,2026-07-17 03:00:00+00:00,-1.0,24.47,0.013095565749234978,-1.0130955657492349,TRAIN,0.46480823,0.6,False
SETUP_0222,2026-07-16 17:15:00+00:00,BTCUSD,BUY,64755.8,63995.98035714286,67035.25892857145,759.8196428571464,100.0,17.0,1.0,1.7253415777401016,100.0,60.0,65.0,50.0,70.0,0,SL,2026-07-16 20:45:00+00:00,-1.0,2250.0,0.029612290510670863,-1.0296122905106708,TRAIN,0.2626591,0.6,False
SETUP_0223,2026-07-16 18:00:00+00:00,BTCUSD,SELL,64354.2,64946.78035714286,62576.45892857141,592.5803571428623,100.0,18.0,1.0,1.4606545961002786,100.0,60.0,65.0,50.0,70.0,0,TIMEOUT,2026-07-17 04:00:00+00:00,-1.0,2250.0,0.03796953396917202,-1.037969533969172,TRAIN,0.14227267,0.6,False
SETUP_0224,2026-07-16 18:30:00+00:00,BTCUSD,BUY,64718.8,64171.59821428572,66360.40535714285,547.2017857142855,100.0,18.0,1.0,1.120115542004333,100.0,60.0,65.0,50.0,70.0,0,SL,2026-07-16 20:00:00+00:00,-1.0,2250.0,0.041118286868581405,-1.0411182868685813,TRAIN,0.23934348,0.6,False
SETUP_1777,2026-07-16 18:30:00+00:00,XRPUSD,BUY,1.1134,1.101017857142857,1.1505464285714286,0.012382142857142897,2.0999999999999908,18.0,1.0,1.1504108610217934,10.499999999999954,60.0,65.0,50.0,70.0,0,SL,2026-07-16 20:00:00+00:00,-1.0,490.6,3.962157484857213,-4.962157484857213,TRAIN,0.22820427,0.6,False
SETUP_0703,2026-07-16 19:15:00+00:00,EURUSD,SELL,1.14351,1.1451971428571428,1.1384485714285717,0.001687142857142776,0.26999999999999247,19.0,1.0,0.9048429746078893,10.0,60.0,65.0,50.0,70.0,0,TIMEOUT,2026-07-17 05:15:00+00:00,-1.0,19.39,1.1492802709568717,-2.1492802709568717,TRAIN,0.19930291,0.6,False
SETUP_0840,2026-07-16 19:15:00+00:00,GBPUSD,SELL,1.34671,1.3493525,1.3387825000000004,0.002642499999999881,0.5700000000001815,19.0,1.0,0.8640013209766972,10.0,60.0,65.0,50.0,70.0,0,TIMEOUT,2026-07-17 05:15:00+00:00,-1.0,23.3,0.8817407757805505,-1.8817407757805507,TRAIN,0.19315171,0.6,False
SETUP_1385,2026-07-16 19:15:00+00:00,USDCHF,BUY,0.8091,0.8072685714285714,0.8145942857142858,0.001831428571428595,0.29000000000001247,19.0,1.0,0.9610532954903815,10.0,60.0,65.0,50.0,70.0,0,TIMEOUT,2026-07-17 05:15:00+00:00,-1.0,25.44,1.3890795631825097,-2.3890795631825097,TRAIN,0.19930291,0.6,False
SETUP_1643,2026-07-16 19:15:00+00:00,XAUUSD,SELL,3987.38,4020.232857142857,3888.8214285714294,32.85285714285692,100.0,19.0,1.0,1.089198790573334,100.0,60.0,65.0,50.0,70.0,0,TIMEOUT,2026-07-17 06:15:00+00:00,-1.0,32.46,0.009880419185111169,-1.0098804191851112,TRAIN,0.20014927,0.6,False
SETUP_1522,2026-07-16 19:15:00+00:00,USDJPY,BUY,162.51,162.36996428571427,162.93010714285714,0.14003571428571604,26.00000000001046,19.0,1.0,1.140777480756224,100.0,60.0,65.0,50.0,70.0,0,SL,2026-07-16 21:00:00+00:00,-1.0,24.57,0.017545524100994424,-1.0175455241009945,TRAIN,0.19864577,0.6,False
SETUP_0966,2026-07-16 19:15:00+00:00,GOLD,SELL,3987.38,4020.232857142857,3888.8214285714294,32.85285714285692,100.0,19.0,1.0,1.089198790573334,100.0,60.0,65.0,50.0,70.0,0,TIMEOUT,2026-07-17 06:15:00+00:00,-1.0,32.46,0.009880419185111169,-1.0098804191851112,TRAIN,0.20014927,0.6,False
SETUP_0704,2026-07-16 19:30:00+00:00,EURUSD,SELL,1.1436,1.1449389285714286,1.1395832142857139,0.0013389285714286991,0.21000000000004349,19.0,1.0,0.5,10.0,60.0,65.0,50.0,70.0,0,TIMEOUT,2026-07-17 05:30:00+00:00,-1.0,19.23,1.4362229927979426,-2.4362229927979424,TRAIN,0.33404183,0.6,False
SETUP_1386,2026-07-16 19:30:00+00:00,USDCHF,BUY,0.80912,0.8075121428571428,0.8139435714285714,0.0016078571428571609,0.6099999999999994,19.0,1.0,0.6129845572013867,10.0,60.0,65.0,50.0,70.0,0,SL,2026-07-17 00:00:00+00:00,-1.0,25.4,1.5797423367392094,-2.5797423367392094,TRAIN,0.2483649,0.6,False
SETUP_1778,2026-07-16 20:15:00+00:00,XRPUSD,SELL,1.0996,1.1097571428571429,1.069128571428571,0.010157142857142976,3.5000000000000586,20.0,1.0,1.0438933277991076,17.50000000000029,60.0,65.0,50.0,70.0,0,TIMEOUT,2026-07-17 06:15:00+00:00,-1.0,490.78,4.83187060478194,-5.83187060478194,TRAIN,0.19864577,0.6,False
SETUP_0225,2026-07-16 20:15:00+00:00,BTCUSD,SELL,64211.3,64669.453571428574,62836.83928571429,458.153571428571,100.0,20.0,1.0,0.9295600082627556,100.0,60.0,65.0,50.0,70.0,0,TIMEOUT,2026-07-17 06:15:00+00:00,-1.0,2250.0,0.049110170482449006,-1.049110170482449,TRAIN,0.21351112,0.6,False
SETUP_1779,2026-07-16 21:00:00+00:00,XRPUSD,SELL,1.092,1.1071357142857143,1.0465928571428573,0.015135714285714252,6.599999999999939,21.0,1.0,0.8711360899237254,32.999999999999694,60.0,65.0,50.0,70.0,0,TIMEOUT,2026-07-17 07:00:00+00:00,-1.0,490.48,3.240547428032098,-4.240547428032098,TRAIN,0.20284386,0.6,False
SETUP_0068,2026-07-16 23:00:00+00:00,AUDUSD,BUY,0.69936,0.6989142857142857,0.7006971428571428,0.0004457142857142715,0.12000000000000899,23.0,1.0,0.5,10.0,60.0,65.0,50.0,70.0,0,SL,2026-07-17 00:00:00+00:00,-1.0,24.42,5.4788461538463284,-6.4788461538463284,TRAIN,0.4091624,0.6,False
SETUP_0841,2026-07-16 23:00:00+00:00,GBPUSD,BUY,1.34738,1.3463842857142858,1.3503671428571427,0.000995714285714211,0.23999999999979593,23.0,1.0,0.5454012888107791,10.0,60.0,65.0,50.0,70.0,0,SL,2026-07-17 04:45:00+00:00,-1.0,23.89,2.399282639885403,-3.399282639885403,TRAIN,0.24998921,0.6,False
SETUP_1247,2026-07-16 23:45:00+00:00,USDCAD,SELL,1.40393,1.4053235714285714,1.3997492857142853,0.0013935714285715495,0.660000000000105,23.0,1.0,0.5,10.0,60.0,65.0,50.0,70.0,0,TIMEOUT,2026-07-17 09:45:00+00:00,-1.0,32.02,2.297693490517484,-3.297693490517484,TRAIN,0.24274792,0.6,False
SETUP_1248,2026-07-17 00:00:00+00:00,USDCAD,SELL,1.4037600000000001,1.4051142857142858,1.3996971428571432,0.0013542857142856413,0.18999999999991246,0.0,1.0,0.5,10.0,60.0,65.0,50.0,70.0,0,TIMEOUT,2026-07-17 10:00:00+00:00,-1.0,146.11,10.78871308016936,-11.78871308016936,TRAIN,0.073021576,0.6,False
SETUP_1387,2026-07-17 00:00:00+00:00,USDCHF,SELL,0.80751,0.8089653571428571,0.8031439285714285,0.001455357142857161,0.17000000000000348,0.0,1.0,0.5,10.0,60.0,65.0,50.0,70.0,0,SL,2026-07-17 04:45:00+00:00,-1.0,173.19,11.900171779140956,-12.900171779140956,TRAIN,0.073021576,0.6,False
SETUP_1249,2026-07-17 00:15:00+00:00,USDCAD,SELL,1.4037,1.4044160714285714,1.4015517857142856,0.0007160714285714409,0.11999999999989797,0.0,1.0,0.5,10.0,60.0,65.0,50.0,70.0,0,TIMEOUT,2026-07-17 10:15:00+00:00,-1.0,149.9,20.933665835411112,-21.933665835411112,TRAIN,0.12993003,0.6,False
SETUP_0069,2026-07-17 00:30:00+00:00,AUDUSD,BUY,0.69959,0.6982625,0.7035725000000002,0.001327500000000037,0.23999999999990695,0.0,1.0,0.5,10.0,60.0,65.0,50.0,70.0,0,SL,2026-07-17 04:45:00+00:00,-1.0,77.75,5.856873822975356,-6.856873822975356,TRAIN,0.073021576,0.6,False
SETUP_0842,2026-07-17 01:15:00+00:00,GBPUSD,BUY,1.3474300000000001,1.3465200000000002,1.35016,0.0009099999999999664,0.14999999999987246,1.0,1.0,0.5,10.0,60.0,65.0,50.0,70.0,0,SL,2026-07-17 04:45:00+00:00,-1.0,29.73,3.267032967033088,-4.267032967033089,TRAIN,0.2954485,0.6,False
SETUP_0416,2026-07-17 01:30:00+00:00,ETHUSD,SELL,1870.21,1882.1371428571429,1834.4285714285716,11.927142857142826,100.0,1.0,1.0,0.9106408584896198,100.0,60.0,65.0,50.0,70.0,1,TP,2026-07-17 08:30:00+00:00,3.0,345.47,0.0028965025751587093,2.9971034974248414,TRAIN,0.5695813,0.6,False
SETUP_1780,2026-07-17 01:30:00+00:00,XRPUSD,SELL,1.0898,1.0978857142857144,1.0655428571428573,0.008085714285714252,2.3999999999999577,1.0,1.0,0.9380982769623485,11.999999999999789,60.0,65.0,50.0,70.0,0,TIMEOUT,2026-07-17 11:30:00+00:00,-1.0,490.27,6.063409893992959,-7.063409893992959,TRAIN,0.29523408,0.6,False
SETUP_0226,2026-07-17 02:30:00+00:00,BTCUSD,SELL,63825.0,64044.575000000004,63166.27499999999,219.57500000000437,100.0,2.0,1.0,1.273676360924683,100.0,60.0,65.0,50.0,70.0,0,SL,2026-07-17 04:00:00+00:00,-1.0,2250.0,0.10247068199931482,-1.1024706819993149,TRAIN,0.42692447,0.6,False
SETUP_1250,2026-07-17 02:30:00+00:00,USDCAD,SELL,1.40368,1.4042246428571428,1.4020460714285718,0.0005446428571427298,0.20999999999982144,2.0,1.0,0.6946793287368284,10.0,60.0,65.0,50.0,70.0,0,TIMEOUT,2026-07-17 12:30:00+00:00,-1.0,31.95,5.866229508198093,-6.866229508198093,TRAIN,0.6585166,0.6,True
SETUP_0417,2026-07-17 02:30:00+00:00,ETHUSD,SELL,1861.65,1871.6107142857145,1831.7678571428569,9.960714285714403,100.0,2.0,1.0,1.3689907672715695,100.0,60.0,65.0,50.0,70.0,1,TP,2026-07-17 08:30:00+00:00,3.0,345.64,0.003470032269630651,2.9965299677303694,TRAIN,0.45008275,0.6,False
SETUP_1523,2026-07-17 03:00:00+00:00,USDJPY,BUY,162.381,162.2885,162.6585,0.09250000000000114,27.999999999991587,3.0,1.0,2.524360885016623,100.0,60.0,65.0,50.0,70.0,0,SL,2026-07-17 09:45:00+00:00,-1.0,25.16,0.027199999999999665,-1.0271999999999997,TRAIN,0.2472319,0.6,False
SETUP_0843,2026-07-17 03:30:00+00:00,GBPUSD,SELL,1.34688,1.3479221428571428,1.3437535714285718,0.0010421428571427693,0.140000000000029,3.0,1.0,2.0805369127516777,10.0,60.0,65.0,50.0,70.0,0,SL,2026-07-17 10:00:00+00:00,-1.0,25.45,2.4420836189172723,-3.4420836189172723,TRAIN,0.4336301,0.6,False
SETUP_0844,2026-07-17 04:00:00+00:00,GBPUSD,BUY,1.34752,1.3466660714285714,1.350081785714286,0.0008539285714286304,0.2900000000001235,4.0,1.0,2.6711610486891386,10.0,60.0,65.0,50.0,70.0,0,SL,2026-07-17 04:45:00+00:00,-1.0,25.66,3.0049351735673375,-4.004935173567338,TRAIN,0.46211332,0.6,False
SETUP_1251,2026-07-17 04:00:00+00:00,USDCAD,SELL,1.4031799999999999,1.4039903571428571,1.400748928571428,0.0008103571428572653,0.12999999999996348,4.0,1.0,2.102671426812754,10.0,60.0,65.0,50.0,70.0,0,TIMEOUT,2026-07-17 14:00:00+00:00,-1.0,29.97,3.6983693256935797,-4.69836932569358,TRAIN,0.4336301,0.6,False
SETUP_0070,2026-07-17 04:00:00+00:00,AUDUSD,BUY,0.69971,0.6988514285714286,0.7022857142857145,0.0008585714285714863,0.15999999999993797,4.0,1.0,3.195156031672101,10.0,60.0,65.0,50.0,70.0,0,SL,2026-07-17 04:45:00+00:00,-1.0,24.02,2.7976705490846707,-3.7976705490846707,TRAIN,0.47951496,0.6,False
SETUP_0418,2026-07-17 04:45:00+00:00,ETHUSD,SELL,1849.49,1871.3935714285715,1783.7792857142856,21.903571428571468,100.0,4.0,1.0,1.7814744801512288,100.0,60.0,65.0,50.0,70.0,0,TIMEOUT,2026-07-17 14:45:00+00:00,-1.0,346.06,0.001579924995923689,-1.0015799249959236,TRAIN,0.32110488,0.6,False
SETUP_0845,2026-07-17 04:45:00+00:00,GBPUSD,SELL,1.3464800000000001,1.347945,1.3420850000000006,0.0014649999999998276,0.280000000000058,4.0,1.0,2.302088977183794,10.0,60.0,65.0,50.0,70.0,0,SL,2026-07-17 10:00:00+00:00,-1.0,24.97,1.70443686006846,-2.7044368600684603,TRAIN,0.3533929,0.6,False
SETUP_0586,2026-07-17 04:45:00+00:00,EURGBP,BUY,0.84939,0.8490203571428571,0.8504989285714287,0.00036964285714291556,0.1,4.0,1.0,2.1939586645468996,10.0,60.0,65.0,50.0,70.0,1,TP,2026-07-17 11:00:00+00:00,3.0,20.35,5.5053140096609665,-2.5053140096609665,TRAIN,0.4336301,0.6,False
SETUP_0071,2026-07-17 04:45:00+00:00,AUDUSD,SELL,0.6982,0.7001371428571429,0.6923885714285715,0.0019371428571428595,0.45000000000006146,4.0,1.0,2.6642240251243132,10.0,60.0,65.0,50.0,70.0,0,TIMEOUT,2026-07-17 14:45:00+00:00,-1.0,24.06,1.2420353982300871,-2.242035398230087,TRAIN,0.39477363,0.6,False
SETUP_1781,2026-07-17 04:45:00+00:00,XRPUSD,SELL,1.0854,1.094407142857143,1.058378571428571,0.009007142857142991,2.8000000000001357,4.0,1.0,1.649763353617309,14.000000000000679,60.0,65.0,50.0,70.0,0,TIMEOUT,2026-07-17 14:45:00+00:00,-1.0,490.45,5.445122918318713,-6.445122918318713,TRAIN,0.33143297,0.6,False
SETUP_0227,2026-07-17 04:45:00+00:00,BTCUSD,SELL,63530.7,64086.58571428571,61863.04285714285,555.885714285716,100.0,4.0,1.0,1.8777943368107304,100.0,60.0,65.0,50.0,70.0,0,TIMEOUT,2026-07-17 14:45:00+00:00,-1.0,2250.0,0.04047594572368409,-1.040475945723684,TRAIN,0.32110488,0.6,False
SETUP_0846,2026-07-17 05:00:00+00:00,GBPUSD,SELL,1.34671,1.3475682142857142,1.3441353571428578,0.0008582142857140873,0.17000000000000348,5.0,1.0,2.0010917030567685,10.0,60.0,65.0,50.0,70.0,0,SL,2026-07-17 10:00:00+00:00,-1.0,25.04,2.917686225552069,-3.917686225552069,TRAIN,0.4336301,0.6,False
SETUP_0228,2026-07-17 05:00:00+00:00,BTCUSD,SELL,63604.3,64049.82142857143,62267.73571428573,445.5214285714246,100.0,5.0,1.0,1.4127454206427552,100.0,60.0,65.0,50.0,70.0,0,TIMEOUT,2026-07-17 15:00:00+00:00,-1.0,2250.0,0.05050262132653597,-1.050502621326536,TRAIN,0.25368088,0.6,False
SETUP_0072,2026-07-17 05:00:00+00:00,AUDUSD,SELL,0.69837,0.6999275,0.6936975000000001,0.0015574999999999894,0.6599999999999939,5.0,1.0,2.0718449661257283,10.0,60.0,65.0,50.0,70.0,0,TIMEOUT,2026-07-17 15:00:00+00:00,-1.0,24.03,1.5428571428571534,-2.5428571428571534,TRAIN,0.29298744,0.6,False
SETUP_1252,2026-07-17 07:00:00+00:00,USDCAD,SELL,1.40347,1.4041242857142857,1.4015071428571428,0.0006542857142857184,0.12999999999996348,7.0,1.0,0.9640453525738192,10.0,60.0,65.0,50.0,70.0,1,TP,2026-07-17 16:15:00+00:00,3.0,30.97,4.733406113537089,-1.7334061135370886,TRAIN,0.5782705,0.6,False
SETUP_0967,2026-07-17 07:00:00+00:00,GOLD,SELL,3988.67,4006.1192857142855,3936.3221428571437,17.449285714285452,42.899999999999636,7.0,1.0,0.8444723337316153,100.0,60.0,65.0,50.0,70.0,0,SL,2026-07-17 09:30:00+00:00,-1.0,32.22,0.018464939211593055,-1.018464939211593,TRAIN,0.6482624,0.6,True
SETUP_1644,2026-07-17 07:00:00+00:00,XAUUSD,SELL,3988.67,4006.1192857142855,3936.3221428571437,17.449285714285452,42.899999999999636,7.0,1.0,0.8444723337316153,100.0,60.0,65.0,50.0,70.0,0,SL,2026-07-17 09:30:00+00:00,-1.0,32.22,0.018464939211593055,-1.018464939211593,TRAIN,0.6482624,0.6,True
SETUP_1092,2026-07-17 07:30:00+00:00,NZDUSD,SELL,0.58326,0.5840657142857143,0.5808428571428571,0.0008057142857142985,0.19000000000002348,7.0,1.0,0.837713269184119,10.0,60.0,65.0,50.0,70.0,0,SL,2026-07-17 09:15:00+00:00,-1.0,28.12,3.4900709219857604,-4.49007092198576,TRAIN,0.67360085,0.6,True
SETUP_0847,2026-07-17 07:30:00+00:00,GBPUSD,SELL,1.34577,1.346635357142857,1.3431739285714284,0.0008653571428571816,0.19999999999997797,7.0,1.0,0.9754607473780673,10.0,60.0,65.0,50.0,70.0,0,SL,2026-07-17 09:00:00+00:00,-1.0,24.15,2.790755262071687,-3.790755262071687,TRAIN,0.53201956,0.6,False
SETUP_0587,2026-07-17 07:30:00+00:00,EURGBP,BUY,0.84964,0.8493225,0.8505924999999999,0.0003174999999999706,0.1,7.0,1.0,0.8649936912939857,10.0,60.0,65.0,50.0,70.0,1,TP,2026-07-17 11:30:00+00:00,3.0,20.92,6.588976377953367,-3.588976377953367,TRAIN,0.6113952,0.6,True
SETUP_0419,2026-07-17 08:30:00+00:00,ETHUSD,SELL,1830.67,1851.4685714285713,1768.2742857142864,20.798571428571222,100.0,8.0,1.0,1.4572069101938547,100.0,60.0,65.0,50.0,70.0,0,TIMEOUT,2026-07-17 18:30:00+00:00,-1.0,345.75,0.0016623737894086298,-1.0016623737894086,TRAIN,0.23930524,0.6,False
SETUP_1782,2026-07-17 08:30:00+00:00,XRPUSD,SELL,1.0819,1.0896000000000001,1.0588,0.00770000000000004,2.3999999999999577,8.0,1.0,1.2032435260266805,11.999999999999789,60.0,65.0,50.0,70.0,0,TIMEOUT,2026-07-17 18:30:00+00:00,-1.0,490.68,6.3724675324675,-7.3724675324675,TRAIN,0.4922089,0.6,False
SETUP_0229,2026-07-17 08:30:00+00:00,BTCUSD,SELL,62964.2,63548.510714285716,61211.26785714284,584.3107142857189,100.0,8.0,1.0,1.2302070645554202,100.0,60.0,65.0,50.0,70.0,0,TIMEOUT,2026-07-17 18:30:00+00:00,-1.0,2250.0,0.03850690985104519,-1.038506909851045,TRAIN,0.44602245,0.6,False
SETUP_0420,2026-07-17 08:45:00+00:00,ETHUSD,SELL,1822.34,1850.4117857142855,1738.124642857143,28.071785714285625,100.0,8.0,1.0,1.3293366349537339,100.0,60.0,65.0,50.0,70.0,0,TIMEOUT,2026-07-17 18:45:00+00:00,-1.0,345.88,0.0012321268177249694,-1.0012321268177249,TRAIN,0.32753542,0.6,False
SETUP_0230,2026-07-17 08:45:00+00:00,BTCUSD,SELL,62827.8,63504.17142857143,60798.68571428571,676.3714285714304,100.0,8.0,1.0,1.156104474589998,100.0,60.0,65.0,50.0,70.0,0,SL,2026-07-17 17:00:00+00:00,-1.0,2250.0,0.03326574578633878,-1.0332657457863388,TRAIN,0.48180863,0.6,False
SETUP_1783,2026-07-17 08:45:00+00:00,XRPUSD,SELL,1.0781,1.089332142857143,1.0444035714285713,0.011232142857142913,1.1999999999998678,8.0,1.0,1.3560195926785255,10.0,60.0,65.0,50.0,70.0,0,TIMEOUT,2026-07-17 18:45:00+00:00,-1.0,490.64,4.368178060413333,-5.368178060413333,TRAIN,0.38626847,0.6,False
SETUP_0705,2026-07-17 09:15:00+00:00,EURUSD,BUY,1.14476,1.1436417857142858,1.1481146428571427,0.0011182142857142363,0.24000000000001798,9.0,1.0,1.4163866632204702,10.0,60.0,65.0,50.0,70.0,0,SL,2026-07-17 11:15:00+00:00,-1.0,19.62,1.7545832002555872,-2.7545832002555874,TRAIN,0.26685295,0.6,False
SETUP_1388,2026-07-17 09:15:00+00:00,USDCHF,SELL,0.80771,0.8088357142857142,0.8043328571428575,0.0011257142857141744,0.17000000000000348,9.0,1.0,1.018305885440588,10.0,60.0,65.0,50.0,70.0,0,TIMEOUT,2026-07-17 19:15:00+00:00,-1.0,25.49,2.2643401015230666,-3.2643401015230666,TRAIN,0.51270664,0.6,False
SETUP_1389,2026-07-17 09:30:00+00:00,USDCHF,SELL,0.80772,0.808795,0.8044949999999998,0.0010750000000000481,0.2700000000001035,9.0,1.0,1.2033113877843689,10.0,60.0,65.0,50.0,70.0,0,TIMEOUT,2026-07-17 19:30:00+00:00,-1.0,25.5,2.372093023255708,-3.372093023255708,TRAIN,0.4970793,0.6,False
SETUP_0848,2026-07-17 09:30:00+00:00,GBPUSD,BUY,1.34708,1.3455825,1.3515725000000005,0.0014975000000001515,0.2900000000001235,9.0,1.0,1.2279828838690419,10.0,60.0,65.0,50.0,70.0,0,SL,2026-07-17 11:00:00+00:00,-1.0,23.72,1.5839732888145308,-2.583973288814531,TRAIN,0.46116835,0.6,False
SETUP_0706,2026-07-17 09:30:00+00:00,EURUSD,BUY,1.14486,1.1436621428571427,1.1484535714285717,0.0011978571428572504,0.19999999999997797,9.0,1.0,1.6291763149189546,10.0,60.0,65.0,50.0,70.0,0,SL,2026-07-17 11:15:00+00:00,-1.0,19.54,1.6312462731065918,-2.6312462731065915,TRAIN,0.4147236,0.6,False
SETUP_1093,2026-07-17 09:30:00+00:00,NZDUSD,BUY,0.58398,0.5831575,0.5864475000000002,0.0008225000000000593,0.19000000000002348,9.0,1.0,1.3354700854700854,10.0,60.0,65.0,50.0,70.0,0,SL,2026-07-17 11:30:00+00:00,-1.0,28.32,3.443161094224676,-4.443161094224676,TRAIN,0.298414,0.6,False
SETUP_1524,2026-07-17 10:00:00+00:00,USDJPY,SELL,162.164,162.4172142857143,161.40435714285707,0.25321428571430715,68.00000000001205,10.0,1.0,2.8222313409018374,100.0,60.0,65.0,50.0,70.0,0,SL,2026-07-17 12:00:00+00:00,-1.0,25.5,0.010070521861776299,-1.0100705218617763,TRAIN,0.3854356,0.6,False
SETUP_0588,2026-07-17 11:00:00+00:00,EURGBP,BUY,0.85034,0.8495189285714285,0.8528032142857144,0.0008210714285714626,0.160000000000049,11.0,1.0,1.2672968899849295,10.0,60.0,65.0,50.0,70.0,0,TIMEOUT,2026-07-17 21:00:00+00:00,-1.0,20.18,2.4577642453239523,-3.4577642453239523,TRAIN,0.77876735,0.6,True
SETUP_0707,2026-07-17 11:15:00+00:00,EURUSD,SELL,1.14392,1.14509,1.1404100000000004,0.0011699999999998933,0.3799999999998249,11.0,1.0,1.7588959545393046,10.0,60.0,65.0,50.0,70.0,0,TIMEOUT,2026-07-17 21:15:00+00:00,-1.0,19.46,1.663247863248015,-2.663247863248015,TRAIN,0.69197553,0.6,True
SETUP_1525,2026-07-17 11:15:00+00:00,USDJPY,BUY,162.402,162.15789285714288,163.1343214285713,0.24410714285710355,44.00000000001114,11.0,1.0,1.715129151291513,100.0,60.0,65.0,50.0,70.0,0,TIMEOUT,2026-07-17 21:15:00+00:00,-1.0,25.12,0.01029056327725111,-1.0102905632772512,TRAIN,0.3852527,0.6,False
SETUP_0073,2026-07-17 11:15:00+00:00,AUDUSD,SELL,0.69752,0.6988689285714286,0.6934732142857144,0.0013489285714285426,0.21999999999999797,11.0,1.0,1.840030763314747,10.0,60.0,65.0,50.0,70.0,0,TIMEOUT,2026-07-17 21:15:00+00:00,-1.0,23.89,1.7710352131321534,-2.771035213132153,TRAIN,0.68659496,0.6,True
SETUP_1094,2026-07-17 11:15:00+00:00,NZDUSD,SELL,0.58333,0.584465,0.579925,0.0011349999999999971,0.220000000000109,11.0,1.0,1.8665001387732445,10.0,60.0,65.0,50.0,70.0,0,SL,2026-07-17 18:15:00+00:00,-1.0,28.25,2.488986784140976,-3.488986784140976,TRAIN,0.68659496,0.6,True
SETUP_0074,2026-07-17 11:30:00+00:00,AUDUSD,SELL,0.69733,0.6989096428571429,0.6925910714285715,0.001579642857142849,0.180000000000069,11.0,1.0,1.4763014763014763,10.0,60.0,65.0,50.0,70.0,0,TIMEOUT,2026-07-17 21:30:00+00:00,-1.0,23.86,1.5104680081392798,-2.51046800813928,TRAIN,0.5294836,0.6,False
SETUP_1095,2026-07-17 11:30:00+00:00,NZDUSD,SELL,0.5832,0.5845007142857143,0.5792978571428574,0.0013007142857142107,0.19000000000002348,11.0,1.0,1.466921707011411,10.0,60.0,65.0,50.0,70.0,0,SL,2026-07-17 18:30:00+00:00,-1.0,28.27,2.1734211971445516,-3.1734211971445516,TRAIN,0.5294836,0.6,False
SETUP_0589,2026-07-17 11:45:00+00:00,EURGBP,BUY,0.851,0.8499246428571428,0.8542260714285717,0.001075357142857225,0.2500000000000835,11.0,1.0,1.3327780091628487,10.0,60.0,65.0,50.0,70.0,0,SL,2026-07-17 20:00:00+00:00,-1.0,20.45,1.9016937894385793,-2.9016937894385793,TRAIN,0.56803983,0.6,False
SETUP_1096,2026-07-17 12:00:00+00:00,NZDUSD,SELL,0.58271,0.5836139285714286,0.5799982142857141,0.0009039285714286249,0.17000000000000348,12.0,1.0,1.2012763561283863,10.0,60.0,65.0,50.0,70.0,0,SL,2026-07-17 16:45:00+00:00,-1.0,28.32,3.132990912682549,-4.1329909126825495,TRAIN,0.6936439,0.6,True
SETUP_0708,2026-07-17 13:30:00+00:00,EURUSD,SELL,1.14316,1.1441975,1.1400474999999999,0.0010375000000000245,0.180000000000069,13.0,1.0,0.8476308288065402,10.0,60.0,65.0,50.0,70.0,0,SL,2026-07-17 17:45:00+00:00,-1.0,19.49,1.8785542168674254,-2.8785542168674256,TRAIN,0.76920813,0.6,True
SETUP_1784,2026-07-17 14:15:00+00:00,XRPUSD,SELL,1.0825,1.0868749999999998,1.0693750000000006,0.004374999999999796,1.2000000000000899,14.0,1.0,0.943561069369212,10.0,60.0,65.0,50.0,70.0,1,TP,2026-07-17 16:30:00+00:00,3.0,490.21,11.204800000000523,-8.204800000000523,TRAIN,0.72202975,0.6,True
SETUP_1253,2026-07-17 14:45:00+00:00,USDCAD,SELL,1.40249,1.4038014285714284,1.3985557142857148,0.001311428571428408,0.4799999999998139,14.0,1.0,0.9607124148768988,10.0,60.0,65.0,50.0,70.0,0,TIMEOUT,2026-07-20 00:45:00+00:00,-1.0,29.16,2.223529411764983,-3.223529411764983,TRAIN,0.7167479,0.6,True
SETUP_1785,2026-07-17 15:15:00+00:00,XRPUSD,SELL,1.0787,1.0849214285714286,1.0600357142857142,0.0062214285714286,1.5000000000000568,15.0,1.0,0.8490059108006449,10.0,60.0,65.0,50.0,70.0,0,SL,2026-07-17 19:30:00+00:00,-1.0,490.24,7.879862227324878,-8.879862227324878,TRAIN,0.5422167,0.6,False
SETUP_0421,2026-07-17 15:15:00+00:00,ETHUSD,SELL,1832.18,1843.3067857142858,1798.799642857143,11.126785714285688,100.0,15.0,1.0,0.851380042462845,100.0,60.0,65.0,50.0,70.0,0,SL,2026-07-17 20:00:00+00:00,-1.0,345.42,0.003104400577756387,-1.0031044005777563,TRAIN,0.5582331,0.6,False
SETUP_0422,2026-07-17 15:45:00+00:00,ETHUSD,SELL,1826.76,1837.7157142857143,1793.892857142857,10.955714285714294,100.0,15.0,1.0,0.9903713892709766,100.0,60.0,65.0,50.0,70.0,0,SL,2026-07-17 19:45:00+00:00,-1.0,345.25,0.003151323510236013,-1.003151323510236,TRAIN,0.47517848,0.6,False
SETUP_1645,2026-07-17 15:45:00+00:00,XAUUSD,SELL,3966.11,3995.7453571428573,3877.2039285714286,29.635357142857174,100.0,15.0,1.0,1.2291814151048845,100.0,60.0,65.0,50.0,70.0,0,SL,2026-07-17 16:30:00+00:00,-1.0,31.0,0.010460477952252968,-1.010460477952253,TRAIN,0.4265103,0.6,False
SETUP_0968,2026-07-17 15:45:00+00:00,GOLD,SELL,3966.11,3995.7453571428573,3877.2039285714286,29.635357142857174,100.0,15.0,1.0,1.2291814151048845,100.0,60.0,65.0,50.0,70.0,0,SL,2026-07-17 16:30:00+00:00,-1.0,31.0,0.010460477952252968,-1.010460477952253,TRAIN,0.4265103,0.6,False
SETUP_1526,2026-07-17 15:45:00+00:00,USDJPY,BUY,162.398,162.26664285714287,162.79207142857138,0.13135714285712652,16.999999999995907,15.0,1.0,1.254294911208362,84.99999999997954,60.0,65.0,50.0,70.0,0,TIMEOUT,2026-07-20 01:45:00+00:00,-1.0,24.04,0.01830125067971951,-1.0183012506797195,TRAIN,0.48654336,0.6,False
SETUP_1786,2026-07-17 16:00:00+00:00,XRPUSD,SELL,1.0712,1.080560714285714,1.0431178571428574,0.009360714285714167,0.9999999999998899,16.0,1.0,2.2917386795713792,10.0,60.0,65.0,50.0,70.0,0,SL,2026-07-17 17:00:00+00:00,-1.0,490.51,5.2400915681038445,-6.2400915681038445,TRAIN,0.112865716,0.6,False
SETUP_1787,2026-07-17 16:15:00+00:00,XRPUSD,SELL,1.0713,1.0793821428571428,1.0470535714285711,0.008082142857142927,2.5999999999999357,16.0,1.0,1.494272525217986,12.999999999999678,60.0,65.0,50.0,70.0,0,SL,2026-07-17 17:00:00+00:00,-1.0,490.33,6.066831639416652,-7.066831639416652,TRAIN,0.24762322,0.6,False
SETUP_1254,2026-07-17 16:15:00+00:00,USDCAD,SELL,1.40145,1.4031125,1.3964625000000004,0.0016624999999999002,0.21999999999988695,16.0,1.0,1.3624479519705626,10.0,60.0,65.0,50.0,70.0,0,TIMEOUT,2026-07-20 02:15:00+00:00,-1.0,29.13,1.7521804511279249,-2.752180451127925,TRAIN,0.45897183,0.6,False
SETUP_0423,2026-07-17 16:15:00+00:00,ETHUSD,SELL,1814.53,1832.2889285714286,1761.253214285714,17.75892857142867,100.0,16.0,1.0,1.800823661549981,100.0,60.0,65.0,50.0,70.0,0,SL,2026-07-17 17:00:00+00:00,-1.0,345.58,0.0019459507290095419,-1.0019459507290096,TRAIN,0.2626591,0.6,False
SETUP_0231,2026-07-17 16:15:00+00:00,BTCUSD,SELL,62842.4,63210.58928571428,61737.83214285716,368.18928571428114,100.0,16.0,1.0,1.5661542504270134,100.0,60.0,65.0,50.0,70.0,0,SL,2026-07-17 17:00:00+00:00,-1.0,2250.0,0.06110987166927025,-1.0611098716692702,TRAIN,0.3210077,0.6,False
SETUP_1255,2026-07-17 17:00:00+00:00,USDCAD,SELL,1.40103,1.4022999999999999,1.3972200000000004,0.0012699999999998823,0.19999999999997797,17.0,1.0,1.371871935882679,10.0,60.0,65.0,50.0,70.0,0,TIMEOUT,2026-07-20 03:00:00+00:00,-1.0,29.13,2.2937007874017876,-3.2937007874017876,TRAIN,0.47470945,0.6,False
SETUP_1097,2026-07-17 17:45:00+00:00,NZDUSD,BUY,0.58415,0.5830585714285714,0.5874242857142855,0.001091428571428521,0.29999999999996696,17.0,1.0,1.0417286743258527,10.0,60.0,65.0,50.0,70.0,0,SL,2026-07-20 00:00:00+00:00,-1.0,28.01,2.566361256544621,-3.566361256544621,TRAIN,0.47385812,0.6,False
SETUP_1788,2026-07-17 18:15:00+00:00,XRPUSD,SELL,1.0758,1.084425,1.0499250000000004,0.008624999999999883,2.9999999999998916,18.0,1.0,1.247302546396202,14.999999999999458,60.0,65.0,50.0,70.0,0,SL,2026-07-17 19:30:00+00:00,-1.0,490.4,5.685797101449353,-6.685797101449353,TRAIN,0.24773031,0.6,False
SETUP_1527,2026-07-17 19:15:00+00:00,USDJPY,BUY,162.458,162.36089285714286,162.74932142857142,0.09710714285714062,24.00000000000091,19.0,1.0,0.877070949791324,100.0,60.0,65.0,50.0,70.0,0,SL,2026-07-17 23:00:00+00:00,-1.0,23.63,0.02433394630378872,-1.0243339463037888,TRAIN,0.20284386,0.6,False
SETUP_1256,2026-07-17 19:15:00+00:00,USDCAD,SELL,1.4005,1.4023014285714288,1.3950957142857139,0.0018014285714287315,0.5700000000001815,19.0,1.0,0.7152061855670103,10.0,60.0,65.0,50.0,70.0,0,TIMEOUT,2026-07-20 05:15:00+00:00,-1.0,29.28,1.6253766851703553,-2.6253766851703553,TRAIN,0.3059407,0.6,False
SETUP_0590,2026-07-17 20:00:00+00:00,EURGBP,SELL,0.84972,0.8506357142857143,0.8469728571428573,0.000915714285714242,0.21999999999999797,20.0,1.0,0.6054732567261987,10.0,60.0,65.0,50.0,70.0,0,TIMEOUT,2026-07-20 06:00:00+00:00,-1.0,20.23,2.2092043681748326,-3.2092043681748326,TRAIN,0.2557172,0.6,False
SETUP_0232,2026-07-17 20:15:00+00:00,BTCUSD,BUY,64019.1,63337.68214285714,66063.35357142857,681.4178571428565,100.0,20.0,1.0,0.7890743550834598,100.0,60.0,65.0,50.0,70.0,0,TIMEOUT,2026-07-18 06:15:00+00:00,-1.0,2250.0,0.03301938709728144,-1.0330193870972815,TRAIN,0.3787384,0.6,False
SETUP_0969,2026-07-17 22:45:00+00:00,GOLD,BUY,4015.29,3999.3182142857145,4063.2053571428564,15.971785714285488,26.50000000000091,22.0,1.0,0.9746836626857575,100.0,60.0,65.0,50.0,70.0,0,SL,2026-07-20 01:00:00+00:00,-1.0,30.35,0.019002258446814968,-1.019002258446815,TRAIN,0.19386321,0.6,False
SETUP_1646,2026-07-17 22:45:00+00:00,XAUUSD,BUY,4015.29,3999.3182142857145,4063.2053571428564,15.971785714285488,26.50000000000091,22.0,1.0,0.9746836626857575,100.0,60.0,65.0,50.0,70.0,0,SL,2026-07-20 01:00:00+00:00,-1.0,30.35,0.019002258446814968,-1.019002258446815,TRAIN,0.19386321,0.6,False
SETUP_0970,2026-07-17 23:00:00+00:00,GOLD,BUY,4012.05,4002.0639285714283,4042.008214285716,9.986071428571904,18.49999999999909,23.0,1.0,0.542967752078134,92.49999999999545,60.0,65.0,50.0,70.0,0,SL,2026-07-20 01:00:00+00:00,-1.0,31.56,0.03160401988483809,-1.0316040198848382,TRAIN,0.25414485,0.6,False
SETUP_1647,2026-07-17 23:00:00+00:00,XAUUSD,BUY,4012.05,4002.0639285714283,4042.008214285716,9.986071428571904,18.49999999999909,23.0,1.0,0.542967752078134,92.49999999999545,60.0,65.0,50.0,70.0,0,SL,2026-07-20 01:00:00+00:00,-1.0,31.56,0.03160401988483809,-1.0316040198848382,TRAIN,0.25414485,0.6,False
SETUP_0849,2026-07-17 23:30:00+00:00,GBPUSD,SELL,1.34527,1.34606,1.3428999999999998,0.0007900000000000684,0.15999999999993797,23.0,1.0,0.5,10.0,60.0,65.0,50.0,70.0,0,SL,2026-07-20 05:30:00+00:00,-1.0,26.17,3.3126582278478147,-4.312658227847814,TRAIN,0.26925144,0.6,False
SETUP_0075,2026-07-17 23:30:00+00:00,AUDUSD,SELL,0.69791,0.6984728571428571,0.6962214285714288,0.0005628571428570872,0.140000000000029,23.0,1.0,0.5,10.0,60.0,65.0,50.0,70.0,1,TP,2026-07-20 00:00:00+00:00,3.0,25.56,4.5411167512694846,-1.5411167512694846,TRAIN,0.4091624,0.6,False
SETUP_1789,2026-07-18 04:00:00+00:00,XRPUSD,SELL,1.0859,1.088575,1.0778750000000001,0.002674999999999983,0.7999999999999119,4.0,1.0,0.8760139049826188,10.0,60.0,65.0,50.0,70.0,0,SL,2026-07-18 05:15:00+00:00,-1.0,490.09,18.32112149532722,-19.32112149532722,TRAIN,0.5649593,0.6,False
SETUP_0233,2026-07-18 07:00:00+00:00,BTCUSD,BUY,63984.6,63903.21785714286,64228.746428571416,81.38214285713912,100.0,7.0,1.0,0.8991180899118091,100.0,60.0,65.0,50.0,70.0,1,TP,2026-07-18 15:45:00+00:00,3.0,2250.0,0.2764734278316711,2.723526572168329,TRAIN,0.58322704,0.6,False
SETUP_1790,2026-07-18 12:15:00+00:00,XRPUSD,SELL,1.0832,1.088442857142857,1.0674714285714286,0.005242857142857105,0.9000000000001229,12.0,1.0,1.2093275488069415,10.0,60.0,65.0,50.0,70.0,0,SL,2026-07-18 15:00:00+00:00,-1.0,490.34,9.352534059945572,-10.352534059945572,TRAIN,0.692767,0.6,True
SETUP_1791,2026-07-18 12:30:00+00:00,XRPUSD,SELL,1.082,1.0880071428571427,1.063978571428572,0.0060071428571426555,1.9000000000000128,12.0,1.0,1.1574697173620458,10.0,60.0,65.0,50.0,70.0,0,SL,2026-07-18 15:00:00+00:00,-1.0,490.16,8.159619500594804,-9.159619500594804,TRAIN,0.692767,0.6,True
SETUP_0234,2026-07-18 13:00:00+00:00,BTCUSD,BUY,63984.7,63914.203571428574,64196.18928571427,70.49642857142317,100.0,13.0,1.0,0.9141981613891725,100.0,60.0,65.0,50.0,70.0,1,TP,2026-07-18 15:45:00+00:00,3.0,2250.0,0.3191651046152532,2.6808348953847467,TRAIN,0.6607026,0.6,True
SETUP_0235,2026-07-18 15:00:00+00:00,BTCUSD,BUY,64120.0,63991.5375,64505.387500000004,128.46250000000146,100.0,15.0,1.0,1.5878916622411046,100.0,60.0,65.0,50.0,70.0,0,SL,2026-07-18 16:00:00+00:00,-1.0,2250.0,0.17514838960786022,-1.1751483896078603,TRAIN,0.3210077,0.6,False
SETUP_0236,2026-07-18 15:45:00+00:00,BTCUSD,BUY,64197.3,64017.50178571429,64736.69464285715,179.7982142857145,100.0,15.0,1.0,1.4472744584622708,100.0,60.0,65.0,50.0,70.0,0,SL,2026-07-18 16:00:00+00:00,-1.0,2250.0,0.1251402862335752,-1.125140286233575,TRAIN,0.24838065,0.6,False
SETUP_0424,2026-07-18 16:15:00+00:00,ETHUSD,SELL,1839.72,1847.4242857142856,1816.6071428571433,7.704285714285561,100.0,16.0,1.0,1.5925147985487873,100.0,60.0,65.0,50.0,70.0,0,SL,2026-07-18 20:30:00+00:00,-1.0,345.39,0.004483089189690428,-1.0044830891896905,TRAIN,0.3210077,0.6,False
SETUP_1792,2026-07-18 16:15:00+00:00,XRPUSD,SELL,1.083,1.0889214285714286,1.065235714285714,0.005921428571428633,1.5000000000000568,16.0,1.0,1.3274768179599805,10.0,60.0,65.0,50.0,70.0,0,SL,2026-07-18 20:30:00+00:00,-1.0,490.4,8.28178528347398,-9.28178528347398,TRAIN,0.30286106,0.6,False
SETUP_0237,2026-07-18 20:00:00+00:00,BTCUSD,BUY,64309.4,64083.30714285714,64987.67857142858,226.09285714285943,100.0,20.0,1.0,1.0291079812206574,100.0,60.0,65.0,50.0,70.0,0,TIMEOUT,2026-07-19 06:00:00+00:00,-1.0,2250.0,0.0995166334944545,-1.0995166334944546,TRAIN,0.20014927,0.6,False
SETUP_1793,2026-07-18 20:45:00+00:00,XRPUSD,BUY,1.091,1.0841999999999998,1.1114000000000004,0.006800000000000139,1.3999999999998458,20.0,1.0,1.3073651220058204,10.0,60.0,65.0,50.0,70.0,0,TIMEOUT,2026-07-19 06:45:00+00:00,-1.0,490.3,7.210294117646912,-8.210294117646912,TRAIN,0.12712961,0.6,False
SETUP_0238,2026-07-18 23:15:00+00:00,BTCUSD,BUY,64634.3,64463.514285714286,65146.657142857155,170.7857142857174,100.0,23.0,1.0,1.1712511091393079,100.0,60.0,65.0,50.0,70.0,0,TIMEOUT,2026-07-19 09:15:00+00:00,-1.0,2250.0,0.1317440401505622,-1.1317440401505623,TRAIN,0.18717669,0.6,False
SETUP_1794,2026-07-19 05:15:00+00:00,XRPUSD,BUY,1.0937000000000001,1.0898964285714285,1.1051107142857148,0.0038035714285715727,0.9999999999998899,5.0,1.0,1.113383321972279,10.0,60.0,65.0,50.0,70.0,0,SL,2026-07-19 15:00:00+00:00,-1.0,490.21,12.888150234741296,-13.888150234741296,TRAIN,0.5115603,0.6,False
SETUP_0425,2026-07-19 05:15:00+00:00,ETHUSD,BUY,1866.18,1855.2289285714285,1899.0332142857148,10.951071428571595,100.0,5.0,1.0,1.3079283061521074,100.0,60.0,65.0,50.0,70.0,0,TIMEOUT,2026-07-19 15:15:00+00:00,-1.0,345.45,0.0031544858624400264,-1.00315448586244,TRAIN,0.34480885,0.6,False
SETUP_0426,2026-07-19 13:45:00+00:00,ETHUSD,BUY,1870.78,1862.4657142857143,1895.722857142857,8.314285714285688,100.0,13.0,1.0,1.7814892136395268,100.0,60.0,65.0,50.0,70.0,0,SL,2026-07-19 20:00:00+00:00,-1.0,345.57,0.0041563402061855804,-1.0041563402061855,TRAIN,0.42469794,0.6,False
SETUP_1795,2026-07-19 13:45:00+00:00,XRPUSD,BUY,1.0956,1.0917714285714286,1.1070857142857138,0.0038285714285712924,0.700000000000145,13.0,1.0,1.3491686460807601,10.0,60.0,65.0,50.0,70.0,0,SL,2026-07-19 15:00:00+00:00,-1.0,490.26,12.805298507463142,-13.805298507463142,TRAIN,0.58937305,0.6,False
SETUP_1796,2026-07-19 17:45:00+00:00,XRPUSD,BUY,1.0963,1.088732142857143,1.119003571428571,0.007567857142857015,1.2999999999998568,17.0,1.0,1.7445132245357342,10.0,60.0,65.0,50.0,70.0,0,SL,2026-07-19 20:00:00+00:00,-1.0,490.41,6.480169891458345,-7.480169891458345,TRAIN,0.20585157,0.6,False
SETUP_1797,2026-07-19 21:15:00+00:00,XRPUSD,SELL,1.0879,1.094760714285714,1.067317857142858,0.006860714285713998,1.9000000000000128,21.0,1.0,1.2709710218607015,10.0,60.0,65.0,50.0,70.0,0,SL,2026-07-19 23:00:00+00:00,-1.0,490.45,7.148672566371981,-8.148672566371982,TRAIN,0.15367164,0.6,False
SETUP_0427,2026-07-19 21:15:00+00:00,ETHUSD,SELL,1856.34,1871.1367857142857,1811.9496428571426,14.796785714285761,100.0,21.0,1.0,1.265852239674229,100.0,60.0,65.0,50.0,70.0,0,SL,2026-07-20 01:15:00+00:00,-1.0,345.69,0.0023362506335835413,-1.0023362506335836,TRAIN,0.19791074,0.6,False
SETUP_1798,2026-07-19 23:15:00+00:00,XRPUSD,BUY,1.0941,1.0891857142857144,1.108842857142857,0.004914285714285649,1.3999999999998458,23.0,1.0,0.7556037599421547,10.0,60.0,65.0,50.0,70.0,0,SL,2026-07-20 08:00:00+00:00,-1.0,490.15,9.973982558139669,-10.973982558139669,TRAIN,0.34603667,0.6,False
SETUP_0591,2026-07-20 00:00:00+00:00,EURGBP,SELL,0.84873,0.8502171428571429,0.8442685714285713,0.001487142857142909,0.9400000000000519,0.0,1.0,0.5,10.0,60.0,65.0,50.0,70.0,0,TIMEOUT,2026-07-20 10:00:00+00:00,-1.0,173.9,11.693563880883358,-12.693563880883358,TRAIN,0.07347516,0.6,False
SETUP_1098,2026-07-20 00:00:00+00:00,NZDUSD,SELL,0.58293,0.5842282142857144,0.5790353571428567,0.0012982142857144163,0.9899999999999354,0.0,1.0,0.5,10.0,60.0,65.0,50.0,70.0,0,SL,2026-07-20 03:15:00+00:00,-1.0,68.58,5.282640990370858,-6.282640990370858,TRAIN,0.07347516,0.6,False
SETUP_1257,2026-07-20 00:00:00+00:00,USDCAD,SELL,1.4010099999999999,1.4020042857142856,1.3980271428571427,0.0009942857142857253,0.36999999999998145,0.0,1.0,0.5,10.0,60.0,65.0,50.0,70.0,0,SL,2026-07-20 01:00:00+00:00,-1.0,151.0,15.186781609195235,-16.186781609195236,TRAIN,0.07019307,0.6,False
SETUP_0709,2026-07-20 00:00:00+00:00,EURUSD,SELL,1.14239,1.1439,1.1378600000000003,0.0015099999999999003,0.9799999999999809,0.0,1.0,0.5,10.0,60.0,65.0,50.0,70.0,0,SL,2026-07-20 05:30:00+00:00,-1.0,88.81,5.881456953642773,-6.881456953642773,TRAIN,0.07347516,0.6,False
SETUP_0076,2026-07-20 00:00:00+00:00,AUDUSD,SELL,0.69639,0.6981964285714285,0.6909707142857143,0.0018064285714285422,1.4000000000000679,0.0,1.0,0.5,10.0,60.0,65.0,50.0,70.0,0,SL,2026-07-20 03:15:00+00:00,-1.0,58.6,3.243969948596336,-4.243969948596336,TRAIN,0.07347516,0.6,False
SETUP_1099,2026-07-20 00:15:00+00:00,NZDUSD,SELL,0.58283,0.5842949999999999,0.5784350000000001,0.0014649999999999386,1.0399999999999299,0.0,1.0,0.5,10.0,60.0,65.0,50.0,70.0,0,SL,2026-07-20 05:00:00+00:00,-1.0,90.0,6.143344709897869,-7.143344709897869,TRAIN,0.07347516,0.6,False
SETUP_0077,2026-07-20 00:15:00+00:00,AUDUSD,SELL,0.6963,0.6982732142857143,0.6903803571428572,0.0019732142857142865,1.4600000000000168,0.0,1.0,0.5,10.0,60.0,65.0,50.0,70.0,0,SL,2026-07-20 03:15:00+00:00,-1.0,68.31,3.461864253393664,-4.461864253393664,TRAIN,0.07347516,0.6,False
SETUP_0710,2026-07-20 00:15:00+00:00,EURUSD,SELL,1.14254,1.1439235714285714,1.1383892857142854,0.001383571428571484,0.9399999999999409,0.0,1.0,0.5,10.0,60.0,65.0,50.0,70.0,0,SL,2026-07-20 05:30:00+00:00,-1.0,100.4,7.256582343830376,-8.256582343830376,TRAIN,0.07347516,0.6,False
SETUP_0592,2026-07-20 00:15:00+00:00,EURGBP,SELL,0.84897,0.8502721428571429,0.8450635714285712,0.0013021428571429183,0.1,0.0,1.0,2.4451219512195124,10.0,60.0,65.0,50.0,70.0,0,TIMEOUT,2026-07-20 10:15:00+00:00,-1.0,120.08,9.22172243554537,-10.22172243554537,TRAIN,0.1660053,0.6,False
SETUP_1258,2026-07-20 00:15:00+00:00,USDCAD,SELL,1.401,1.402125,1.397625,0.0011250000000000426,0.5700000000001815,0.0,1.0,0.5,10.0,60.0,65.0,50.0,70.0,0,SL,2026-07-20 01:15:00+00:00,-1.0,151.0,13.422222222221714,-14.422222222221714,TRAIN,0.06942607,0.6,False
SETUP_1799,2026-07-20 00:30:00+00:00,XRPUSD,SELL,1.0903,1.0957464285714287,1.0739607142857142,0.00544642857142863,0.8999999999999009,0.0,1.0,1.0398354217318122,10.0,60.0,65.0,50.0,70.0,0,SL,2026-07-20 01:00:00+00:00,-1.0,490.46,9.005167213114657,-10.005167213114657,TRAIN,0.059117656,0.6,False
SETUP_1800,2026-07-20 00:45:00+00:00,XRPUSD,SELL,1.0907,1.0952285714285714,1.0771142857142857,0.004528571428571437,1.4000000000000679,0.0,1.0,0.9886638171343616,10.0,60.0,65.0,50.0,70.0,0,SL,2026-07-20 01:00:00+00:00,-1.0,490.64,10.834321766561494,-11.834321766561494,TRAIN,0.059117656,0.6,False
SETUP_1648,2026-07-20 01:00:00+00:00,XAUUSD,SELL,3996.23,4016.5239285714288,3935.3482142857138,20.29392857142875,19.00000000000091,1.0,1.0,0.8174465975991586,95.00000000000455,60.0,65.0,50.0,70.0,0,SL,2026-07-20 04:00:00+00:00,-1.0,158.98,0.07833870087816483,-1.0783387008781649,TRAIN,0.31241158,0.6,False
SETUP_0971,2026-07-20 01:00:00+00:00,GOLD,SELL,3996.23,4016.5239285714288,3935.3482142857138,20.29392857142875,19.00000000000091,1.0,1.0,0.8174465975991586,95.00000000000455,60.0,65.0,50.0,70.0,0,SL,2026-07-20 04:00:00+00:00,-1.0,158.98,0.07833870087816483,-1.0783387008781649,TRAIN,0.31241158,0.6,False
SETUP_1801,2026-07-20 01:15:00+00:00,XRPUSD,BUY,1.0957,1.0881535714285713,1.1183392857142858,0.0075464285714286206,4.0999999999999925,1.0,1.0,1.7805039787798407,20.499999999999964,60.0,65.0,50.0,70.0,0,SL,2026-07-20 08:00:00+00:00,-1.0,490.65,6.501751064836682,-7.501751064836682,TRAIN,0.16378437,0.6,False
SETUP_0428,2026-07-20 01:15:00+00:00,ETHUSD,BUY,1869.63,1854.6992857142857,1914.4221428571434,14.93071428571443,100.0,1.0,1.0,2.1962712558901862,100.0,60.0,65.0,50.0,70.0,0,SL,2026-07-20 08:00:00+00:00,-1.0,345.95,0.0023170358321771773,-1.0023170358321771,TRAIN,0.2270273,0.6,False
SETUP_0239,2026-07-20 01:15:00+00:00,BTCUSD,BUY,64757.2,64287.34285714286,66166.7714285714,469.85714285713766,100.0,1.0,1.0,2.030159173415247,100.0,60.0,65.0,50.0,70.0,0,SL,2026-07-20 08:00:00+00:00,-1.0,2250.0,0.0478868957129832,-1.0478868957129832,TRAIN,0.2270273,0.6,False
SETUP_0972,2026-07-20 01:15:00+00:00,GOLD,SELL,3994.59,4021.5271428571427,3913.7785714285724,26.93714285714259,100.0,1.0,1.0,0.672755905511811,100.0,60.0,65.0,50.0,70.0,0,SL,2026-07-20 05:45:00+00:00,-1.0,116.26,0.043159736953755204,-1.0431597369537553,TRAIN,0.5714709,0.6,False
SETUP_1528,2026-07-20 01:15:00+00:00,USDJPY,BUY,162.505,162.28167857142856,163.1749642857143,0.22332142857143822,45.99999999999227,1.0,1.0,0.9847308488612837,100.0,60.0,65.0,50.0,70.0,0,TIMEOUT,2026-07-20 11:15:00+00:00,-1.0,29.67,0.01328578282424379,-1.0132857828242439,TRAIN,0.24755765,0.6,False
SETUP_1649,2026-07-20 01:15:00+00:00,XAUUSD,SELL,3994.59,4021.5271428571427,3913.7785714285724,26.93714285714259,100.0,1.0,1.0,0.672755905511811,100.0,60.0,65.0,50.0,70.0,0,SL,2026-07-20 05:45:00+00:00,-1.0,116.26,0.043159736953755204,-1.0431597369537553,TRAIN,0.5714709,0.6,False
SETUP_1100,2026-07-20 02:15:00+00:00,NZDUSD,BUY,0.58377,0.5828707142857142,0.5864678571428573,0.0008992857142857691,0.1500000000000945,2.0,1.0,0.897863818424566,10.0,60.0,65.0,50.0,70.0,0,TIMEOUT,2026-07-20 12:15:00+00:00,-1.0,29.27,3.254805401111795,-4.2548054011117955,TRAIN,0.5782705,0.6,False
SETUP_1259,2026-07-20 03:15:00+00:00,USDCAD,SELL,1.4013200000000001,1.4021289285714285,1.3988932142857151,0.0008089285714283356,0.11999999999989797,3.0,1.0,1.70416573847182,10.0,60.0,65.0,50.0,70.0,0,SL,2026-07-20 11:15:00+00:00,-1.0,30.43,3.7617660044161076,-4.761766004416108,TRAIN,0.4336301,0.6,False
SETUP_0078,2026-07-20 03:15:00+00:00,AUDUSD,BUY,0.69834,0.6971646428571429,0.7018660714285713,0.001175357142857103,0.31999999999998696,3.0,1.0,2.259521005104044,10.0,60.0,65.0,50.0,70.0,0,TIMEOUT,2026-07-20 13:15:00+00:00,-1.0,24.15,2.054694621695603,-3.054694621695603,TRAIN,0.3533929,0.6,False
SETUP_1101,2026-07-20 03:15:00+00:00,NZDUSD,BUY,0.58422,0.5833235714285714,0.5869092857142857,0.0008964285714285758,0.1300000000000745,3.0,1.0,2.220580994583949,10.0,60.0,65.0,50.0,70.0,0,TIMEOUT,2026-07-20 13:15:00+00:00,-1.0,28.28,3.1547410358565586,-4.154741035856558,TRAIN,0.3533929,0.6,False
SETUP_1529,2026-07-20 03:45:00+00:00,USDJPY,SELL,162.328,162.52189285714286,161.74632142857143,0.1938928571428562,32.99999999998704,3.0,1.0,2.3680391108395082,100.0,60.0,65.0,50.0,70.0,0,TIMEOUT,2026-07-20 13:45:00+00:00,-1.0,25.42,0.013110333394732061,-1.013110333394732,TRAIN,0.22561856,0.6,False
SETUP_1530,2026-07-20 04:00:00+00:00,USDJPY,SELL,162.338,162.48442857142857,161.89871428571428,0.14642857142857224,55.00000000000682,4.0,1.0,2.182925061603131,100.0,60.0,65.0,50.0,70.0,0,TIMEOUT,2026-07-20 14:00:00+00:00,-1.0,25.31,0.01728487804878039,-1.0172848780487804,TRAIN,0.28984925,0.6,False
SETUP_1102,2026-07-20 05:15:00+00:00,NZDUSD,BUY,0.5851,0.5836942857142857,0.5893171428571427,0.0014057142857142324,0.47999999999992493,5.0,1.0,0.9030288422913152,10.0,60.0,65.0,50.0,70.0,0,TIMEOUT,2026-07-20 15:15:00+00:00,-1.0,28.09,1.9982723577236532,-2.9982723577236534,TRAIN,0.5649593,0.6,False
SETUP_0850,2026-07-20 05:15:00+00:00,GBPUSD,BUY,1.3458,1.3446150000000001,1.349355,0.0011849999999999916,0.17000000000000348,5.0,1.0,1.0875670155731427,10.0,60.0,65.0,50.0,70.0,0,TIMEOUT,2026-07-20 15:15:00+00:00,-1.0,25.01,2.110548523206766,-3.110548523206766,TRAIN,0.5164274,0.6,False
SETUP_0973,2026-07-20 05:45:00+00:00,GOLD,BUY,4021.9,3998.9085714285716,4090.8742857142856,22.991428571428514,51.599999999998545,5.0,1.0,1.3133681064291158,100.0,60.0,65.0,50.0,70.0,0,TIMEOUT,2026-07-20 15:45:00+00:00,-1.0,32.7,0.014222691686342772,-1.0142226916863428,TRAIN,0.31230733,0.6,False
SETUP_1650,2026-07-20 05:45:00+00:00,XAUUSD,BUY,4021.9,3998.9085714285716,4090.8742857142856,22.991428571428514,51.599999999998545,5.0,1.0,1.3133681064291158,100.0,60.0,65.0,50.0,70.0,0,TIMEOUT,2026-07-20 15:45:00+00:00,-1.0,32.7,0.014222691686342772,-1.0142226916863428,TRAIN,0.31230733,0.6,False
SETUP_0593,2026-07-20 06:00:00+00:00,EURGBP,BUY,0.84992,0.8496878571428571,0.8506164285714287,0.00023214285714290295,0.1,6.0,1.0,0.7833163784333672,10.0,60.0,65.0,50.0,70.0,0,SL,2026-07-20 08:15:00+00:00,-1.0,20.38,8.77907692307519,-9.77907692307519,TRAIN,0.72008353,0.6,True
SETUP_1103,2026-07-20 06:45:00+00:00,NZDUSD,BUY,0.58566,0.585024642857143,0.587566071428571,0.0006353571428570071,0.140000000000029,6.0,1.0,0.5,10.0,60.0,65.0,50.0,70.0,0,SL,2026-07-20 08:30:00+00:00,-1.0,28.24,4.444744238337094,-5.444744238337094,TRAIN,0.6585166,0.6,True
SETUP_0079,2026-07-20 07:30:00+00:00,AUDUSD,BUY,0.69976,0.6990571428571428,0.7018685714285717,0.0007028571428572272,0.140000000000029,7.0,1.0,0.5078351712130006,10.0,60.0,65.0,50.0,70.0,0,SL,2026-07-20 08:00:00+00:00,-1.0,24.13,3.4331300813004013,-4.433130081300401,TRAIN,0.6585166,0.6,True
SETUP_0851,2026-07-20 07:30:00+00:00,GBPUSD,BUY,1.34652,1.3457750000000002,1.3487549999999993,0.0007449999999997736,0.24000000000001798,7.0,1.0,0.5464236460546423,10.0,60.0,65.0,50.0,70.0,0,SL,2026-07-20 09:30:00+00:00,-1.0,25.5,3.422818791947349,-4.422818791947349,TRAIN,0.6585166,0.6,True
SETUP_0240,2026-07-20 08:00:00+00:00,BTCUSD,SELL,64235.3,64919.549999999996,62182.550000000025,684.2499999999927,100.0,8.0,1.0,1.2169475800216483,100.0,60.0,65.0,50.0,70.0,0,SL,2026-07-20 14:30:00+00:00,-1.0,2250.0,0.03288271830471354,-1.0328827183047136,TRAIN,0.48180863,0.6,False
SETUP_0429,2026-07-20 08:15:00+00:00,ETHUSD,SELL,1857.44,1880.297142857143,1788.8685714285714,22.85714285714289,100.0,8.0,1.0,1.357788944723618,100.0,60.0,65.0,50.0,70.0,0,SL,2026-07-20 14:30:00+00:00,-1.0,345.95,0.001513531249999998,-1.00151353125,TRAIN,0.41804484,0.6,False
SETUP_0241,2026-07-20 08:15:00+00:00,BTCUSD,SELL,64174.9,64836.41785714286,62190.346428571436,661.5178571428551,100.0,8.0,1.0,1.62967421563464,100.0,60.0,65.0,50.0,70.0,0,SL,2026-07-20 14:30:00+00:00,-1.0,2250.0,0.03401268727223657,-1.0340126872722366,TRAIN,0.3044671,0.6,False
SETUP_1802,2026-07-20 08:15:00+00:00,XRPUSD,SELL,1.0875,1.0996857142857142,1.0509428571428572,0.012185714285714244,3.7000000000000366,8.0,1.0,1.067828050649246,18.500000000000185,60.0,65.0,50.0,70.0,0,SL,2026-07-20 14:30:00+00:00,-1.0,490.62,4.0261899179367076,-5.0261899179367076,TRAIN,0.4922089,0.6,False
SETUP_0594,2026-07-20 08:30:00+00:00,EURGBP,SELL,0.84942,0.849855,0.8481149999999997,0.0004350000000000742,0.12000000000000899,8.0,1.0,0.6284530386740331,10.0,60.0,65.0,50.0,70.0,0,SL,2026-07-20 18:00:00+00:00,-1.0,20.15,4.632183908045186,-5.632183908045186,TRAIN,0.6585166,0.6,True
SETUP_0242,2026-07-20 09:45:00+00:00,BTCUSD,SELL,63906.7,64320.510714285716,62665.26785714284,413.81071428571886,100.0,9.0,1.0,0.9497162043328803,100.0,60.0,65.0,50.0,70.0,0,SL,2026-07-20 11:00:00+00:00,-1.0,2250.0,0.05437268592437821,-1.0543726859243783,TRAIN,0.5441712,0.6,False
SETUP_0430,2026-07-20 09:45:00+00:00,ETHUSD,SELL,1847.82,1862.1764285714287,1804.7507142857137,14.35642857142875,100.0,9.0,1.0,0.7517097157067767,100.0,60.0,65.0,50.0,70.0,0,SL,2026-07-20 10:45:00+00:00,-1.0,345.64,0.0024075625653017262,-1.0024075625653017,TRAIN,0.7241683,0.6,True
SETUP_1104,2026-07-20 10:30:00+00:00,NZDUSD,BUY,0.58604,0.5844360714285715,0.5908517857142856,0.0016039285714285478,0.3500000000000725,10.0,1.0,2.4041655444833467,10.0,60.0,65.0,50.0,70.0,0,SL,2026-07-20 17:30:00+00:00,-1.0,28.32,1.7656646626586767,-2.7656646626586765,TRAIN,0.6099604,0.6,True
SETUP_0711,2026-07-20 10:30:00+00:00,EURUSD,BUY,1.14469,1.1431307142857143,1.149367857142857,0.001559285714285652,0.24000000000001798,10.0,1.0,2.742935906271537,10.0,60.0,65.0,50.0,70.0,0,SL,2026-07-20 12:15:00+00:00,-1.0,19.45,1.2473660100779245,-2.2473660100779247,TRAIN,0.6558846,0.6,True
SETUP_0080,2026-07-20 10:30:00+00:00,AUDUSD,BUY,0.70028,0.6985921428571429,0.7053435714285714,0.0016878571428571298,0.34999999999996145,10.0,1.0,1.8566755138571693,10.0,60.0,65.0,50.0,70.0,0,TIMEOUT,2026-07-20 20:30:00+00:00,-1.0,23.91,1.4165890816758469,-2.4165890816758466,TRAIN,0.68659496,0.6,True
SETUP_0852,2026-07-20 10:30:00+00:00,GBPUSD,BUY,1.34782,1.3453714285714284,1.3551657142857148,0.0024485714285715776,0.31000000000003247,10.0,1.0,1.7383801628090183,10.0,60.0,65.0,50.0,70.0,0,SL,2026-07-20 15:15:00+00:00,-1.0,23.86,0.9744457409567668,-1.9744457409567668,TRAIN,0.68659496,0.6,True
SETUP_0853,2026-07-20 10:45:00+00:00,GBPUSD,BUY,1.34751,1.3456957142857142,1.3529528571428573,0.0018142857142857682,0.3500000000000725,10.0,1.0,1.4304272517321017,10.0,60.0,65.0,50.0,70.0,0,SL,2026-07-20 12:15:00+00:00,-1.0,23.71,1.3068503937007487,-2.3068503937007487,TRAIN,0.5294836,0.6,False
SETUP_0081,2026-07-20 10:45:00+00:00,AUDUSD,BUY,0.69991,0.6985867857142857,0.7038796428571431,0.001323214285714358,0.29000000000001247,10.0,1.0,1.483480242249805,10.0,60.0,65.0,50.0,70.0,0,TIMEOUT,2026-07-20 20:45:00+00:00,-1.0,23.76,1.7956275303642744,-2.7956275303642744,TRAIN,0.5294836,0.6,False
SETUP_1390,2026-07-20 10:45:00+00:00,USDCHF,SELL,0.80631,0.8077732142857144,0.8019203571428568,0.001463214285714387,0.5900000000000905,10.0,1.0,1.8755401901469317,10.0,60.0,65.0,50.0,70.0,0,SL,2026-07-20 12:15:00+00:00,-1.0,25.24,1.7249694898705175,-2.7249694898705172,TRAIN,0.5424934,0.6,False
SETUP_1651,2026-07-20 10:45:00+00:00,XAUUSD,BUY,4017.24,3999.178571428571,4071.424285714286,18.061428571428678,71.29999999999654,10.0,1.0,1.053302981315914,100.0,60.0,65.0,50.0,70.0,0,SL,2026-07-20 17:00:00+00:00,-1.0,31.78,0.01759550739539656,-1.0175955073953966,TRAIN,0.6114185,0.6,True
SETUP_0974,2026-07-20 10:45:00+00:00,GOLD,BUY,4017.24,3999.178571428571,4071.424285714286,18.061428571428678,71.29999999999654,10.0,1.0,1.053302981315914,100.0,60.0,65.0,50.0,70.0,0,SL,2026-07-20 17:00:00+00:00,-1.0,31.78,0.01759550739539656,-1.0175955073953966,TRAIN,0.6114185,0.6,True
SETUP_0243,2026-07-20 11:45:00+00:00,BTCUSD,SELL,64042.9,64437.475,62859.17500000001,394.5749999999971,100.0,11.0,1.0,0.7570752611373985,100.0,60.0,65.0,50.0,70.0,0,SL,2026-07-20 14:30:00+00:00,-1.0,2250.0,0.05702337958563053,-1.0570233795856305,TRAIN,0.7044558,0.6,True
SETUP_0712,2026-07-20 12:15:00+00:00,EURUSD,SELL,1.14298,1.1443367857142859,1.1389096428571428,0.0013567857142857687,0.22999999999995246,12.0,1.0,0.9587676781090234,10.0,60.0,65.0,50.0,70.0,0,TIMEOUT,2026-07-20 22:15:00+00:00,-1.0,19.51,1.4379573571992055,-2.4379573571992053,TRAIN,0.7175842,0.6,True
SETUP_1391,2026-07-20 12:15:00+00:00,USDCHF,BUY,0.80787,0.8061807142857144,0.8129378571428568,0.0016892857142856155,0.32999999999994145,12.0,1.0,1.1008174386920981,10.0,60.0,65.0,50.0,70.0,0,TIMEOUT,2026-07-20 22:15:00+00:00,-1.0,25.58,1.5142494714588624,-2.5142494714588626,TRAIN,0.70474344,0.6,True
SETUP_0854,2026-07-20 12:15:00+00:00,GBPUSD,SELL,1.34569,1.3474503571428573,1.3404089285714282,0.0017603571428572717,0.46999999999997044,12.0,1.0,0.7845749109194445,10.0,60.0,65.0,50.0,70.0,0,SL,2026-07-20 14:30:00+00:00,-1.0,23.84,1.3542706431323823,-2.3542706431323825,TRAIN,0.7622115,0.6,True
SETUP_1392,2026-07-20 12:30:00+00:00,USDCHF,BUY,0.8077,0.8065792857142857,0.8110621428571427,0.0011207142857142527,0.24000000000001798,12.0,1.0,0.9544083732481816,10.0,60.0,65.0,50.0,70.0,0,TIMEOUT,2026-07-20 22:30:00+00:00,-1.0,25.58,2.2824729126833048,-3.2824729126833048,TRAIN,0.7175842,0.6,True
SETUP_0595,2026-07-20 12:45:00+00:00,EURGBP,SELL,0.8489,0.8495710714285715,0.8468867857142856,0.0006710714285714792,0.2300000000000635,12.0,1.0,1.0570613409415122,10.0,60.0,65.0,50.0,70.0,0,SL,2026-07-20 18:00:00+00:00,-1.0,20.2,3.010111761575079,-4.010111761575079,TRAIN,0.70474344,0.6,True
SETUP_1260,2026-07-20 12:45:00+00:00,USDCAD,BUY,1.40292,1.4019646428571428,1.4057860714285713,0.000955357142857105,0.2500000000000835,12.0,1.0,1.1411671355406479,10.0,60.0,65.0,50.0,70.0,0,SL,2026-07-20 14:15:00+00:00,-1.0,30.15,3.1558878504674146,-4.155887850467415,TRAIN,0.70474344,0.6,True
SETUP_0082,2026-07-20 13:15:00+00:00,AUDUSD,BUY,0.70046,0.699345,0.7038049999999999,0.0011149999999999771,0.24999999999997247,13.0,1.0,0.6029619181946404,10.0,60.0,65.0,50.0,70.0,0,TIMEOUT,2026-07-20 23:15:00+00:00,-1.0,23.8,2.1345291479821067,-3.1345291479821067,TRAIN,0.714157,0.6,True
SETUP_1261,2026-07-20 13:15:00+00:00,USDCAD,SELL,1.40219,1.4036282142857142,1.3978753571428577,0.0014382142857141123,0.460000000000127,13.0,1.0,0.9144079885877318,10.0,60.0,65.0,50.0,70.0,0,SL,2026-07-20 15:15:00+00:00,-1.0,30.0,2.085920039732062,-3.085920039732062,TRAIN,0.7096133,0.6,True
SETUP_0083,2026-07-20 13:30:00+00:00,AUDUSD,BUY,0.70059,0.6994378571428571,0.7040464285714289,0.0011521428571429349,0.25999999999992696,13.0,1.0,0.5560870605118392,10.0,60.0,65.0,50.0,70.0,0,TIMEOUT,2026-07-20 23:30:00+00:00,-1.0,24.07,2.0891506509608018,-3.0891506509608018,TRAIN,0.714157,0.6,True
SETUP_1803,2026-07-20 13:30:00+00:00,XRPUSD,BUY,1.0924,1.0858214285714285,1.1121357142857147,0.006578571428571545,1.5000000000000568,13.0,1.0,0.7874707259953161,10.0,60.0,65.0,50.0,70.0,0,SL,2026-07-20 17:15:00+00:00,-1.0,490.33,7.45344191096621,-8.453441910966209,TRAIN,0.7730981,0.6,True
SETUP_1105,2026-07-20 13:30:00+00:00,NZDUSD,BUY,0.58528,0.5843907142857143,0.5879478571428571,0.0008892857142857036,0.1300000000000745,13.0,1.0,0.6918631891300954,10.0,60.0,65.0,50.0,70.0,0,SL,2026-07-20 17:30:00+00:00,-1.0,28.32,3.1845783132530507,-4.18457831325305,TRAIN,0.7052317,0.6,True
SETUP_0431,2026-07-20 14:15:00+00:00,ETHUSD,BUY,1872.62,1864.075,1898.2549999999994,8.544999999999845,100.0,14.0,1.0,0.7127284923696127,100.0,60.0,65.0,50.0,70.0,0,SL,2026-07-20 16:45:00+00:00,-1.0,345.35,0.004041544763019383,-1.0040415447630193,TRAIN,0.7186475,0.6,True
SETUP_1106,2026-07-20 14:30:00+00:00,NZDUSD,BUY,0.58589,0.5848307142857143,0.5890678571428571,0.001059285714285707,0.1300000000000745,14.0,1.0,2.595015805337058,10.0,60.0,65.0,50.0,70.0,0,SL,2026-07-20 15:30:00+00:00,-1.0,28.37,2.6782198246797218,-3.6782198246797218,TRAIN,0.44805986,0.6,False
SETUP_1531,2026-07-20 14:45:00+00:00,USDJPY,SELL,162.337,162.4329285714286,162.04921428571419,0.09592857142860112,46.999999999997044,14.0,1.0,1.2418083782662797,100.0,60.0,65.0,50.0,70.0,0,SL,2026-07-20 16:45:00+00:00,-1.0,24.09,0.025112434847348892,-1.0251124348473488,TRAIN,0.6222768,0.6,True
SETUP_0432,2026-07-20 14:45:00+00:00,ETHUSD,BUY,1891.95,1867.442857142857,1965.471428571429,24.50714285714298,100.0,14.0,1.0,1.5315950199671131,100.0,60.0,65.0,50.0,70.0,0,SL,2026-07-20 16:15:00+00:00,-1.0,345.75,0.0014108131740017417,-1.0014108131740018,TRAIN,0.43149078,0.6,False
SETUP_1262,2026-07-20 14:45:00+00:00,USDCAD,BUY,1.4034499999999999,1.401552142857143,1.4091435714285707,0.0018978571428569513,0.320000000000098,14.0,1.0,1.3224911749873927,10.0,60.0,65.0,50.0,70.0,0,TIMEOUT,2026-07-21 00:45:00+00:00,-1.0,29.02,1.529092961987358,-2.5290929619873577,TRAIN,0.4885461,0.6,False
SETUP_1804,2026-07-20 14:45:00+00:00,XRPUSD,BUY,1.1036,1.0899964285714285,1.144410714285714,0.013603571428571382,8.099999999999996,14.0,1.0,1.3978021978021977,40.49999999999998,60.0,65.0,50.0,70.0,0,SL,2026-07-20 16:45:00+00:00,-1.0,490.46,3.6053767393016662,-4.605376739301667,TRAIN,0.42920244,0.6,False
SETUP_0244,2026-07-20 14:45:00+00:00,BTCUSD,BUY,64995.5,64219.81785714286,67322.54642857143,775.682142857142,100.0,14.0,1.0,1.489063678482922,100.0,60.0,65.0,50.0,70.0,0,SL,2026-07-20 16:45:00+00:00,-1.0,2250.0,0.029006726798071775,-1.0290067267980718,TRAIN,0.34662798,0.6,False
SETUP_0713,2026-07-20 15:00:00+00:00,EURUSD,SELL,1.14213,1.1442025,1.1359125000000003,0.0020724999999999216,0.32999999999994145,15.0,1.0,1.5999163442434383,10.0,60.0,65.0,50.0,70.0,0,TIMEOUT,2026-07-21 01:00:00+00:00,-1.0,19.51,0.9413751507841129,-1.941375150784113,TRAIN,0.32047006,0.6,False
SETUP_0855,2026-07-20 15:00:00+00:00,GBPUSD,SELL,1.34575,1.3480614285714285,1.3388157142857144,0.00231142857142852,0.3500000000000725,15.0,1.0,1.4268884866247162,10.0,60.0,65.0,50.0,70.0,0,TIMEOUT,2026-07-21 01:00:00+00:00,-1.0,23.37,1.0110630407911227,-2.0110630407911225,TRAIN,0.26350433,0.6,False
SETUP_0856,2026-07-20 15:15:00+00:00,GBPUSD,SELL,1.34516,1.3471192857142857,1.3392821428571424,0.00195928571428583,0.25999999999992696,15.0,1.0,1.1473754076126164,10.0,60.0,65.0,50.0,70.0,0,TIMEOUT,2026-07-21 01:15:00+00:00,-1.0,23.47,1.1978855267954087,-2.1978855267954085,TRAIN,0.47385812,0.6,False
SETUP_1393,2026-07-20 15:15:00+00:00,USDCHF,BUY,0.80902,0.8069539285714287,0.8152182142857138,0.0020660714285712922,0.8899999999999464,15.0,1.0,1.305238126692648,10.0,60.0,65.0,50.0,70.0,0,TIMEOUT,2026-07-21 01:15:00+00:00,-1.0,25.58,1.238098530682882,-2.238098530682882,TRAIN,0.30286106,0.6,False
SETUP_1532,2026-07-20 15:15:00+00:00,USDJPY,BUY,162.393,162.2845357142857,162.71839285714287,0.10846428571429101,32.00000000001069,15.0,1.0,0.9096837300293447,100.0,60.0,65.0,50.0,70.0,0,TIMEOUT,2026-07-21 01:15:00+00:00,-1.0,25.07,0.023113598946327488,-1.0231135989463276,TRAIN,0.4576564,0.6,False
SETUP_0714,2026-07-20 15:15:00+00:00,EURUSD,SELL,1.1418300000000001,1.1436667857142857,1.1363196428571434,0.0018367857142855826,0.5800000000000249,15.0,1.0,1.2588438761071223,10.0,60.0,65.0,50.0,70.0,0,TIMEOUT,2026-07-21 01:15:00+00:00,-1.0,19.42,1.0572817421739045,-2.0572817421739042,TRAIN,0.4693315,0.6,False
SETUP_1263,2026-07-20 15:30:00+00:00,USDCAD,BUY,1.40452,1.4024303571428571,1.4107889285714286,0.0020896428571428594,0.220000000000109,15.0,1.0,1.7569067227381578,10.0,60.0,65.0,50.0,70.0,0,TIMEOUT,2026-07-21 01:30:00+00:00,-1.0,29.02,1.3887540591351892,-2.3887540591351892,TRAIN,0.32047006,0.6,False
SETUP_0596,2026-07-20 16:15:00+00:00,EURGBP,SELL,0.84846,0.8493167857142857,0.8458896428571429,0.0008567857142857127,0.2300000000000635,16.0,1.0,1.0619676945668135,10.0,60.0,65.0,50.0,70.0,0,SL,2026-07-20 18:00:00+00:00,-1.0,20.41,2.3821592330137604,-3.3821592330137604,TRAIN,0.47385812,0.6,False
SETUP_0433,2026-07-20 17:00:00+00:00,ETHUSD,SELL,1859.68,1883.4907142857144,1788.2478571428571,23.81071428571431,100.0,17.0,1.0,2.017256768818804,100.0,60.0,65.0,50.0,70.0,0,SL,2026-07-20 18:00:00+00:00,-1.0,345.55,0.0014512374381280922,-1.0014512374381281,TRAIN,0.19674343,0.6,False
SETUP_1533,2026-07-20 17:00:00+00:00,USDJPY,BUY,162.522,162.3489642857143,163.0411071428571,0.17303571428570308,38.000000000010914,17.0,1.0,1.6871256849169602,100.0,60.0,65.0,50.0,70.0,0,TIMEOUT,2026-07-21 03:00:00+00:00,-1.0,24.16,0.013962435500516901,-1.0139624355005168,TRAIN,0.20871566,0.6,False
SETUP_1805,2026-07-20 17:00:00+00:00,XRPUSD,SELL,1.0879,1.1010035714285715,1.0485892857142858,0.013103571428571437,4.1999999999999815,17.0,1.0,1.9849482596425212,20.999999999999908,60.0,65.0,50.0,70.0,0,SL,2026-07-20 18:00:00+00:00,-1.0,490.45,3.7428727173616765,-4.742872717361676,TRAIN,0.17573899,0.6,False
SETUP_1534,2026-07-20 17:15:00+00:00,USDJPY,BUY,162.533,162.34710714285714,163.09067857142853,0.18589285714284642,39.99999999999204,17.0,1.0,1.138581114602282,100.0,60.0,65.0,50.0,70.0,0,TIMEOUT,2026-07-21 03:15:00+00:00,-1.0,24.37,0.013109702209414783,-1.0131097022094149,TRAIN,0.45116946,0.6,False
SETUP_1394,2026-07-20 17:45:00+00:00,USDCHF,BUY,0.81023,0.8090267857142857,0.813839642857143,0.001203214285714349,0.260000000000038,17.0,1.0,1.4265382088898622,10.0,60.0,65.0,50.0,70.0,0,SL,2026-07-21 00:00:00+00:00,-1.0,25.22,2.096052241020964,-3.096052241020964,TRAIN,0.26350433,0.6,False
SETUP_0857,2026-07-20 17:45:00+00:00,GBPUSD,SELL,1.34381,1.3457046428571429,1.3381260714285712,0.0018946428571429141,0.5899999999998684,17.0,1.0,1.1797230260438196,10.0,60.0,65.0,50.0,70.0,0,TIMEOUT,2026-07-21 03:45:00+00:00,-1.0,23.14,1.2213383600376635,-2.2213383600376635,TRAIN,0.4596965,0.6,False
SETUP_0715,2026-07-20 17:45:00+00:00,EURUSD,SELL,1.14057,1.141980357142857,1.1363389285714292,0.0014103571428569772,0.220000000000109,17.0,1.0,1.204636858291933,10.0,60.0,65.0,50.0,70.0,0,TIMEOUT,2026-07-21 03:45:00+00:00,-1.0,19.21,1.3620663459105171,-2.362066345910517,TRAIN,0.46072075,0.6,False
SETUP_1264,2026-07-20 18:00:00+00:00,USDCAD,BUY,1.4060000000000001,1.4034932142857142,1.413520357142858,0.002506785714285975,0.45000000000006146,18.0,1.0,1.5677892165416156,10.0,60.0,65.0,50.0,70.0,0,TIMEOUT,2026-07-21 04:00:00+00:00,-1.0,28.27,1.1277389941585947,-2.1277389941585945,TRAIN,0.20666768,0.6,False
SETUP_0434,2026-07-20 18:15:00+00:00,ETHUSD,BUY,1883.76,1856.5417857142857,1965.414642857143,27.21821428571434,100.0,18.0,1.0,1.1890145395799676,100.0,60.0,65.0,50.0,70.0,0,TIMEOUT,2026-07-21 04:15:00+00:00,-1.0,345.78,0.0012703992861922795,-1.0012703992861922,TRAIN,0.22986732,0.6,False
SETUP_0858,2026-07-20 18:15:00+00:00,GBPUSD,SELL,1.34193,1.3445267857142857,1.334139642857143,0.0025967857142856765,1.2399999999999078,18.0,1.0,0.9885856568794221,10.0,60.0,65.0,50.0,70.0,0,TIMEOUT,2026-07-21 04:15:00+00:00,-1.0,23.73,0.9138220327327874,-1.9138220327327873,TRAIN,0.23763305,0.6,False
SETUP_0245,2026-07-20 18:15:00+00:00,BTCUSD,BUY,64943.9,64163.735714285714,67284.39285714287,780.164285714287,100.0,18.0,1.0,1.1298625138463543,100.0,60.0,65.0,50.0,70.0,0,TIMEOUT,2026-07-21 04:15:00+00:00,-1.0,2250.0,0.028840079470441163,-1.028840079470441,TRAIN,0.23934348,0.6,False
SETUP_0597,2026-07-20 18:15:00+00:00,EURGBP,BUY,0.85004,0.8482607142857143,0.8553778571428573,0.001779285714285761,1.0299999999999754,18.0,1.0,1.237614507384558,10.0,60.0,65.0,50.0,70.0,0,TIMEOUT,2026-07-21 04:15:00+00:00,-1.0,20.57,1.1560818948213267,-2.1560818948213267,TRAIN,0.24773031,0.6,False
SETUP_1806,2026-07-20 18:15:00+00:00,XRPUSD,BUY,1.102,1.0866571428571428,1.148028571428572,0.015342857142857325,8.399999999999963,18.0,1.0,1.015581002440398,41.999999999999815,60.0,65.0,50.0,70.0,0,TIMEOUT,2026-07-21 04:15:00+00:00,-1.0,490.38,3.1961452513966107,-4.196145251396611,TRAIN,0.23763305,0.6,False
SETUP_0246,2026-07-20 18:45:00+00:00,BTCUSD,BUY,65592.7,64727.421428571426,68188.53571428571,865.278571428571,100.0,18.0,1.0,1.3255266493631919,100.0,60.0,65.0,50.0,70.0,0,TIMEOUT,2026-07-21 04:45:00+00:00,-1.0,2250.0,0.02600318642220921,-1.0260031864222092,TRAIN,0.17258427,0.6,False
SETUP_0435,2026-07-20 18:45:00+00:00,ETHUSD,BUY,1900.87,1875.5460714285714,1976.8417857142854,25.323928571428496,100.0,18.0,1.0,1.4391766492323266,100.0,60.0,65.0,50.0,70.0,0,TIMEOUT,2026-07-21 04:45:00+00:00,-1.0,345.95,0.0013660992567729603,-1.001366099256773,TRAIN,0.14227267,0.6,False
SETUP_0247,2026-07-20 19:00:00+00:00,BTCUSD,BUY,65554.4,64648.375,68272.47499999998,906.0249999999942,100.0,19.0,1.0,0.89179548156956,100.0,60.0,65.0,50.0,70.0,0,TIMEOUT,2026-07-21 05:00:00+00:00,-1.0,2250.0,0.024833751828040224,-1.0248337518280402,TRAIN,0.21351112,0.6,False
SETUP_0716,2026-07-20 19:45:00+00:00,EURUSD,SELL,1.14106,1.1418735714285715,1.1386192857142854,0.0008135714285715245,0.15999999999993797,19.0,1.0,0.7221876346918251,10.0,60.0,65.0,50.0,70.0,0,TIMEOUT,2026-07-21 05:45:00+00:00,-1.0,19.42,2.387006145741598,-3.387006145741598,TRAIN,0.37098747,0.6,False
SETUP_1807,2026-07-20 21:00:00+00:00,XRPUSD,BUY,1.1177,1.1060642857142857,1.1526071428571425,0.011635714285714194,2.9000000000001247,21.0,1.0,0.7594473419343032,14.500000000000624,60.0,65.0,50.0,70.0,0,SL,2026-07-21 01:30:00+00:00,-1.0,490.56,4.215985267035024,-5.215985267035024,TRAIN,0.35292974,0.6,False
SETUP_0436,2026-07-20 21:00:00+00:00,ETHUSD,BUY,1913.37,1889.6214285714286,1984.6157142857137,23.748571428571267,100.0,21.0,1.0,0.8096957194430118,100.0,60.0,65.0,50.0,70.0,0,SL,2026-07-20 22:15:00+00:00,-1.0,346.19,0.0014577297882579503,-1.0014577297882579,TRAIN,0.3787384,0.6,False
SETUP_1107,2026-07-20 21:45:00+00:00,NZDUSD,SELL,0.58415,0.5848325,0.5821024999999999,0.0006825000000000303,0.20999999999993246,21.0,1.0,0.5769230769230769,10.0,60.0,65.0,50.0,70.0,0,SL,2026-07-21 02:00:00+00:00,-1.0,28.13,4.121611721611538,-5.121611721611538,TRAIN,0.33404183,0.6,False
SETUP_1535,2026-07-20 21:45:00+00:00,USDJPY,BUY,162.492,162.39107142857142,162.7947857142857,0.10092857142856815,13.00000000000523,21.0,1.0,0.8957854031034314,65.00000000002615,60.0,65.0,50.0,70.0,0,SL,2026-07-21 00:00:00+00:00,-1.0,24.14,0.02391790516631359,-1.0239179051663136,TRAIN,0.20284386,0.6,False
SETUP_0859,2026-07-20 23:15:00+00:00,GBPUSD,SELL,1.34296,1.3439914285714285,1.3398657142857142,0.001031428571428572,0.25999999999992696,23.0,1.0,0.5,10.0,60.0,65.0,50.0,70.0,0,SL,2026-07-21 08:00:00+00:00,-1.0,24.06,2.332686980609417,-3.332686980609417,TRAIN,0.24998921,0.6,False
SETUP_0598,2026-07-21 00:00:00+00:00,EURGBP,SELL,0.84935,0.8499089285714285,0.8476732142857146,0.0005589285714284742,0.29000000000001247,0.0,1.0,0.5,10.0,60.0,65.0,50.0,70.0,0,SL,2026-07-21 01:00:00+00:00,-1.0,145.47,26.02658146965309,-27.02658146965309,TRAIN,0.073021576,0.6,False
SETUP_1108,2026-07-21 00:00:00+00:00,NZDUSD,SELL,0.58346,0.5839953571428572,0.5818539285714283,0.0005353571428572401,0.10999999999994348,0.0,1.0,0.5,10.0,60.0,65.0,50.0,70.0,0,SL,2026-07-21 01:45:00+00:00,-1.0,89.72,16.758905937288485,-17.758905937288485,TRAIN,0.12993003,0.6,False
SETUP_0860,2026-07-21 00:00:00+00:00,GBPUSD,SELL,1.34239,1.3432507142857144,1.3398078571428567,0.0008607142857144368,0.25999999999992696,0.0,1.0,0.5,10.0,60.0,65.0,50.0,70.0,0,SL,2026-07-21 03:45:00+00:00,-1.0,166.8,19.379253112029794,-20.379253112029794,TRAIN,0.073021576,0.6,False
SETUP_1265,2026-07-21 00:15:00+00:00,USDCAD,BUY,1.40804,1.4064060714285715,1.4129417857142852,0.0016339285714284113,0.4700000000001925,0.0,1.0,0.5,10.0,60.0,65.0,50.0,70.0,0,SL,2026-07-21 09:45:00+00:00,-1.0,77.98,4.7725464480879,-5.7725464480879,TRAIN,0.06942607,0.6,False
SETUP_0861,2026-07-21 00:15:00+00:00,GBPUSD,SELL,1.34201,1.3432275,1.3383574999999996,0.0012175000000000935,0.14999999999987246,0.0,1.0,0.5,10.0,60.0,65.0,50.0,70.0,0,SL,2026-07-21 03:45:00+00:00,-1.0,118.57,9.738809034906849,-10.738809034906849,TRAIN,0.073021576,0.6,False
SETUP_0599,2026-07-21 00:30:00+00:00,EURGBP,BUY,0.84979,0.8487153571428572,0.8530139285714287,0.0010746428571428712,0.29000000000001247,0.0,1.0,0.5,10.0,60.0,65.0,50.0,70.0,0,TIMEOUT,2026-07-21 10:30:00+00:00,-1.0,56.81,5.286407444333597,-6.286407444333597,TRAIN,0.073021576,0.6,False
SETUP_0600,2026-07-21 01:15:00+00:00,EURGBP,BUY,0.84998,0.8492142857142857,0.8522771428571427,0.0007657142857142585,0.1300000000000745,1.0,1.0,0.5358076319916362,10.0,60.0,65.0,50.0,70.0,0,SL,2026-07-21 09:00:00+00:00,-1.0,22.99,3.002425373134435,-4.002425373134435,TRAIN,0.4428832,0.6,False
SETUP_1109,2026-07-21 02:00:00+00:00,NZDUSD,BUY,0.58483,0.5831167857142857,0.5899696428571427,0.0017132142857142485,0.6399999999999739,2.0,1.0,1.5003219575016096,10.0,60.0,65.0,50.0,70.0,0,TIMEOUT,2026-07-21 12:00:00+00:00,-1.0,29.31,1.7108192620388114,-2.7108192620388114,TRAIN,0.23898634,0.6,False
SETUP_1808,2026-07-21 02:15:00+00:00,XRPUSD,BUY,1.1113,1.1050857142857144,1.1299428571428565,0.006214285714285506,1.2000000000000899,2.0,1.0,0.7904599659284497,10.0,60.0,65.0,50.0,70.0,1,TP,2026-07-21 08:00:00+00:00,3.0,490.18,7.8879540229887715,-4.8879540229887715,TRAIN,0.7214284,0.6,True
SETUP_0437,2026-07-21 02:15:00+00:00,ETHUSD,BUY,1901.55,1891.1139285714285,1932.8582142857144,10.436071428571495,100.0,2.0,1.0,0.7377570489718042,100.0,60.0,65.0,50.0,70.0,1,TP,2026-07-21 08:45:00+00:00,3.0,345.37,0.0033093870846308956,2.996690612915369,TRAIN,0.7241683,0.6,True
SETUP_0084,2026-07-21 02:15:00+00:00,AUDUSD,BUY,0.69968,0.6990221428571428,0.7016535714285714,0.0006578571428571545,0.22999999999995246,2.0,1.0,0.6557776694295466,10.0,60.0,65.0,50.0,70.0,1,TP,2026-07-21 09:45:00+00:00,3.0,25.02,3.803257328990161,-0.8032573289901608,TRAIN,0.6585166,0.6,True
SETUP_0248,2026-07-21 03:30:00+00:00,BTCUSD,BUY,65480.2,65081.482142857145,66676.35357142855,398.71785714285215,100.0,3.0,1.0,1.5186403508771928,100.0,60.0,65.0,50.0,70.0,0,TIMEOUT,2026-07-21 13:30:00+00:00,-1.0,2250.0,0.05643088112790175,-1.0564308811279017,TRAIN,0.32718313,0.6,False
SETUP_1536,2026-07-21 03:30:00+00:00,USDJPY,BUY,162.498,162.42042857142857,162.73071428571424,0.0775714285714173,15.00000000001478,3.0,1.0,1.3622724544908982,75.0000000000739,60.0,65.0,50.0,70.0,0,SL,2026-07-21 04:15:00+00:00,-1.0,25.64,0.033053406998163185,-1.0330534069981632,TRAIN,0.47178686,0.6,False
SETUP_0438,2026-07-21 03:30:00+00:00,ETHUSD,BUY,1912.85,1896.5667857142857,1961.6996428571424,16.283214285714166,100.0,3.0,1.0,1.7449664429530203,100.0,60.0,65.0,50.0,70.0,0,TIMEOUT,2026-07-21 13:30:00+00:00,-1.0,345.7,0.0021230452043076945,-1.0021230452043077,TRAIN,0.32110488,0.6,False
SETUP_0717,2026-07-21 03:30:00+00:00,EURUSD,SELL,1.14132,1.1418421428571428,1.1397535714285711,0.0005221428571429154,0.1,3.0,1.0,1.2100415387393895,10.0,60.0,65.0,50.0,70.0,0,SL,2026-07-21 08:30:00+00:00,-1.0,19.82,3.795896032831314,-4.795896032831314,TRAIN,0.5164274,0.6,False
SETUP_0975,2026-07-21 03:45:00+00:00,GOLD,BUY,4024.85,4004.5735714285715,4085.679285714285,20.27642857142837,34.20000000000073,3.0,1.0,1.566125625669068,100.0,60.0,65.0,50.0,70.0,0,TIMEOUT,2026-07-21 13:45:00+00:00,-1.0,33.29,0.016418078697995723,-1.0164180786979957,TRAIN,0.2955935,0.6,False
SETUP_1652,2026-07-21 03:45:00+00:00,XAUUSD,BUY,4024.85,4004.5735714285715,4085.679285714285,20.27642857142837,34.20000000000073,3.0,1.0,1.566125625669068,100.0,60.0,65.0,50.0,70.0,0,TIMEOUT,2026-07-21 13:45:00+00:00,-1.0,33.29,0.016418078697995723,-1.0164180786979957,TRAIN,0.2955935,0.6,False
SETUP_0439,2026-07-21 03:45:00+00:00,ETHUSD,BUY,1913.25,1897.242857142857,1961.271428571429,16.00714285714298,100.0,3.0,1.0,1.2745747735807378,100.0,60.0,65.0,50.0,70.0,0,TIMEOUT,2026-07-21 13:45:00+00:00,-1.0,345.91,0.0021609727800089083,-1.002160972780009,TRAIN,0.41399792,0.6,False
SETUP_0249,2026-07-21 03:45:00+00:00,BTCUSD,BUY,65556.6,65075.28571428571,67000.5428571429,481.3142857142957,100.0,3.0,1.0,1.1742059672762273,100.0,60.0,65.0,50.0,70.0,0,TIMEOUT,2026-07-21 13:45:00+00:00,-1.0,2250.0,0.04674700225572739,-1.0467470022557275,TRAIN,0.50115466,0.6,False
SETUP_1809,2026-07-21 05:45:00+00:00,XRPUSD,BUY,1.1167,1.107975,1.1428750000000003,0.008725000000000094,1.2999999999998568,5.0,1.0,1.0503996085467298,10.0,60.0,65.0,50.0,70.0,0,TIMEOUT,2026-07-21 15:45:00+00:00,-1.0,490.42,5.620859598853808,-6.620859598853808,TRAIN,0.5115603,0.6,False
SETUP_0440,2026-07-21 06:00:00+00:00,ETHUSD,BUY,1923.39,1902.1321428571428,1987.1635714285721,21.257857142857347,100.0,6.0,1.0,1.6671558555914294,100.0,60.0,65.0,50.0,70.0,0,TIMEOUT,2026-07-21 16:00:00+00:00,-1.0,345.97,0.0016274923557675998,-1.0016274923557675,TRAIN,0.32110488,0.6,False
SETUP_1810,2026-07-21 06:00:00+00:00,XRPUSD,BUY,1.1193,1.1087785714285714,1.1508642857142857,0.01052142857142857,2.3999999999999577,6.0,1.0,1.408083441981747,11.999999999999789,60.0,65.0,50.0,70.0,0,TIMEOUT,2026-07-21 16:00:00+00:00,-1.0,490.67,4.663530210454855,-5.663530210454855,TRAIN,0.26267943,0.6,False
SETUP_0862,2026-07-21 06:00:00+00:00,GBPUSD,SELL,1.34298,1.3437689285714285,1.3406132142857148,0.0007889285714284267,0.17000000000000348,6.0,1.0,1.1624922769830333,10.0,60.0,65.0,50.0,70.0,0,SL,2026-07-21 06:45:00+00:00,-1.0,25.18,3.191670439113307,-4.191670439113307,TRAIN,0.5164274,0.6,False
SETUP_0718,2026-07-21 06:00:00+00:00,EURUSD,SELL,1.14086,1.1415553571428572,1.1387739285714285,0.0006953571428571781,0.1,6.0,1.0,0.8885484488701647,10.0,60.0,65.0,50.0,70.0,0,SL,2026-07-21 07:30:00+00:00,-1.0,19.67,2.828762198253581,-3.828762198253581,TRAIN,0.5782705,0.6,False
SETUP_0601,2026-07-21 06:30:00+00:00,EURGBP,SELL,0.8493,0.8495964285714285,0.8484107142857148,0.00029642857142841983,0.1,6.0,1.0,0.6925418569254186,10.0,60.0,65.0,50.0,70.0,0,SL,2026-07-21 10:15:00+00:00,-1.0,20.53,6.925783132533663,-7.925783132533663,TRAIN,0.6585166,0.6,True
SETUP_1811,2026-07-21 08:15:00+00:00,XRPUSD,BUY,1.1293,1.1197607142857142,1.1579178571428572,0.00953928571428575,2.8999999999999027,8.0,1.0,1.3609958506224067,14.499999999999513,60.0,65.0,50.0,70.0,0,TIMEOUT,2026-07-21 18:15:00+00:00,-1.0,490.57,5.142628229127649,-6.142628229127649,TRAIN,0.42951822,0.6,False
SETUP_1537,2026-07-21 08:15:00+00:00,USDJPY,BUY,162.501,162.46057142857143,162.62228571428574,0.0404285714285777,12.999999999976808,8.0,1.0,0.7068251987124745,64.99999999988404,60.0,65.0,50.0,70.0,0,SL,2026-07-21 08:45:00+00:00,-1.0,25.09,0.06206007067136847,-1.0620600706713685,TRAIN,0.6600175,0.6,True
SETUP_0976,2026-07-21 08:30:00+00:00,GOLD,BUY,4065.96,4042.429642857143,4136.551071428572,23.530357142857156,28.700000000003456,8.0,1.0,1.1955411659894395,100.0,60.0,65.0,50.0,70.0,0,TIMEOUT,2026-07-21 18:30:00+00:00,-1.0,31.83,0.013527206496167557,-1.0135272064961676,TRAIN,0.4922089,0.6,False
SETUP_1653,2026-07-21 08:30:00+00:00,XAUUSD,BUY,4065.96,4042.429642857143,4136.551071428572,23.530357142857156,28.700000000003456,8.0,1.0,1.1955411659894395,100.0,60.0,65.0,50.0,70.0,0,TIMEOUT,2026-07-21 18:30:00+00:00,-1.0,31.83,0.013527206496167557,-1.0135272064961676,TRAIN,0.4922089,0.6,False
SETUP_0977,2026-07-21 08:45:00+00:00,GOLD,BUY,4061.49,4044.1989285714285,4113.363214285713,17.291071428571286,46.49999999999636,8.0,1.0,1.0913575396435626,100.0,60.0,65.0,50.0,70.0,0,TIMEOUT,2026-07-21 18:45:00+00:00,-1.0,29.65,0.01714757822988757,-1.0171475782298876,TRAIN,0.46233264,0.6,False
SETUP_1654,2026-07-21 08:45:00+00:00,XAUUSD,BUY,4061.49,4044.1989285714285,4113.363214285713,17.291071428571286,46.49999999999636,8.0,1.0,1.0913575396435626,100.0,60.0,65.0,50.0,70.0,0,TIMEOUT,2026-07-21 18:45:00+00:00,-1.0,29.65,0.01714757822988757,-1.0171475782298876,TRAIN,0.46233264,0.6,False
SETUP_0602,2026-07-21 09:00:00+00:00,EURGBP,SELL,0.84901,0.8494739285714286,0.8476182142857145,0.00046392857142851796,0.1,9.0,1.0,1.470033246473178,10.0,60.0,65.0,50.0,70.0,0,SL,2026-07-21 10:15:00+00:00,-1.0,20.87,4.498537336413144,-5.498537336413144,TRAIN,0.26685295,0.6,False
SETUP_0603,2026-07-21 09:15:00+00:00,EURGBP,SELL,0.84915,0.8494478571428572,0.8482564285714282,0.0002978571428572385,0.1,9.0,1.0,1.29351410773177,10.0,60.0,65.0,50.0,70.0,0,SL,2026-07-21 10:15:00+00:00,-1.0,20.46,6.869064748199233,-7.869064748199233,TRAIN,0.298414,0.6,False
SETUP_0978,2026-07-21 09:45:00+00:00,GOLD,BUY,4078.33,4064.8889285714286,4118.653214285714,13.441071428571377,27.199999999998,9.0,1.0,0.920409697425296,100.0,60.0,65.0,50.0,70.0,0,SL,2026-07-21 11:15:00+00:00,-1.0,31.77,0.023636508569151147,-1.0236365085691512,TRAIN,0.5609315,0.6,False
SETUP_1655,2026-07-21 09:45:00+00:00,XAUUSD,BUY,4078.33,4064.8889285714286,4118.653214285714,13.441071428571377,27.199999999998,9.0,1.0,0.920409697425296,100.0,60.0,65.0,50.0,70.0,0,SL,2026-07-21 11:15:00+00:00,-1.0,31.77,0.023636508569151147,-1.0236365085691512,TRAIN,0.5609315,0.6,False
SETUP_0085,2026-07-21 10:00:00+00:00,AUDUSD,BUY,0.70174,0.70085,0.7044100000000002,0.0008900000000000574,0.25999999999992696,10.0,1.0,1.4559561843906892,10.0,60.0,65.0,50.0,70.0,0,SL,2026-07-21 16:15:00+00:00,-1.0,23.71,2.6640449438200533,-3.6640449438200533,TRAIN,0.5294836,0.6,False
SETUP_0863,2026-07-21 10:30:00+00:00,GBPUSD,SELL,1.34365,1.3456846428571427,1.3375460714285718,0.002034642857142721,0.24000000000001798,10.0,1.0,1.3696763202725724,10.0,60.0,65.0,50.0,70.0,1,TP,2026-07-21 16:30:00+00:00,3.0,23.87,1.1731788660699398,1.8268211339300602,TRAIN,0.7234692,0.6,True
SETUP_0604,2026-07-21 10:30:00+00:00,EURGBP,BUY,0.84997,0.8489242857142857,0.853107142857143,0.0010457142857143165,0.30999999999992145,10.0,1.0,1.2127988990194394,10.0,60.0,65.0,50.0,70.0,1,TP,2026-07-21 16:30:00+00:00,3.0,20.47,1.957513661202128,1.042486338797872,TRAIN,0.7571087,0.6,True
SETUP_0864,2026-07-21 10:45:00+00:00,GBPUSD,SELL,1.34394,1.345075357142857,1.3405339285714284,0.001135357142857174,0.26999999999999247,10.0,1.0,1.1582067432382364,10.0,60.0,65.0,50.0,70.0,1,TP,2026-07-21 14:45:00+00:00,3.0,23.2,2.043409877319856,0.9565901226801441,TRAIN,0.7571087,0.6,True
SETUP_1538,2026-07-21 11:15:00+00:00,USDJPY,BUY,162.662,162.55067857142856,162.99596428571434,0.11132142857144345,20.000000000010232,11.0,1.0,1.2349466030447624,100.0,60.0,65.0,50.0,70.0,1,TP,2026-07-21 17:45:00+00:00,3.0,24.13,0.02167597048443727,2.9783240295155626,TRAIN,0.78286016,0.6,True
SETUP_0605,2026-07-21 11:30:00+00:00,EURGBP,BUY,0.85028,0.8493239285714285,0.8531482142857147,0.0009560714285715699,0.17000000000000348,11.0,1.0,1.235754709667416,10.0,60.0,65.0,50.0,70.0,1,TP,2026-07-21 16:30:00+00:00,3.0,20.3,2.1232723197606127,0.8767276802393873,TRAIN,0.7904245,0.6,True
SETUP_0865,2026-07-21 11:30:00+00:00,GBPUSD,SELL,1.3431899999999999,1.3448339285714286,1.3382582142857138,0.0016439285714286989,0.2500000000000835,11.0,1.0,1.0948177676537585,10.0,60.0,65.0,50.0,70.0,1,TP,2026-07-21 15:15:00+00:00,3.0,24.2,1.472083423853894,1.527916576146106,TRAIN,0.7571087,0.6,True
SETUP_1395,2026-07-21 11:30:00+00:00,USDCHF,BUY,0.81022,0.8092325,0.8131825000000001,0.00098750000000003,0.32999999999994145,11.0,1.0,1.3561655623440325,10.0,60.0,65.0,50.0,70.0,0,SL,2026-07-21 13:00:00+00:00,-1.0,25.54,2.5863291139239717,-3.5863291139239717,TRAIN,0.7234692,0.6,True
SETUP_1539,2026-07-21 11:30:00+00:00,USDJPY,BUY,162.668,162.55589285714285,163.00432142857147,0.1121071428571554,24.00000000000091,11.0,1.0,0.9123904182254732,100.0,60.0,65.0,50.0,70.0,1,TP,2026-07-21 17:45:00+00:00,3.0,24.49,0.02184517362217022,2.9781548263778297,TRAIN,0.76960725,0.6,True
SETUP_0606,2026-07-21 11:45:00+00:00,EURGBP,BUY,0.85033,0.8493003571428571,0.8534189285714288,0.0010296428571429095,0.160000000000049,11.0,1.0,0.8802708525700216,10.0,60.0,65.0,50.0,70.0,1,TP,2026-07-21 16:30:00+00:00,3.0,20.35,1.9764134582031603,1.0235865417968397,TRAIN,0.76842034,0.6,True
SETUP_0866,2026-07-21 11:45:00+00:00,GBPUSD,SELL,1.3428,1.345065,1.336005,0.0022649999999999615,0.29999999999996696,11.0,1.0,0.7073612442739959,10.0,60.0,65.0,50.0,70.0,1,TP,2026-07-21 16:30:00+00:00,3.0,24.34,1.0746136865342346,1.9253863134657654,TRAIN,0.7654084,0.6,True
SETUP_0607,2026-07-21 12:15:00+00:00,EURGBP,BUY,0.85064,0.8499764285714285,0.8526307142857142,0.00066357142857143,0.1500000000000945,12.0,1.0,1.0222480732877708,10.0,60.0,65.0,50.0,70.0,1,TP,2026-07-21 15:15:00+00:00,3.0,20.37,3.0697524219590893,-0.06975242195908926,TRAIN,0.7175842,0.6,True
SETUP_0867,2026-07-21 13:45:00+00:00,GBPUSD,SELL,1.3415599999999999,1.3433821428571429,1.3360935714285709,0.0018221428571429943,0.42000000000008697,13.0,1.0,1.0948833880883453,10.0,60.0,65.0,50.0,70.0,1,TP,2026-07-21 16:30:00+00:00,3.0,23.36,1.282007056056352,1.717992943943648,TRAIN,0.71309704,0.6,True
SETUP_1396,2026-07-21 14:00:00+00:00,USDCHF,BUY,0.81044,0.8088628571428571,0.8151714285714289,0.0015771428571429436,0.31000000000003247,14.0,1.0,1.3743070289507906,10.0,60.0,65.0,50.0,70.0,0,TIMEOUT,2026-07-22 00:00:00+00:00,-1.0,25.5,1.616847826086868,-2.616847826086868,TRAIN,0.6552176,0.6,True
SETUP_0719,2026-07-21 14:00:00+00:00,EURUSD,SELL,1.14187,1.1429717857142856,1.138564642857143,0.0011017857142856524,0.320000000000098,14.0,1.0,1.3298939524218976,10.0,60.0,65.0,50.0,70.0,0,TIMEOUT,2026-07-22 00:00:00+00:00,-1.0,19.41,1.7616855753647667,-2.7616855753647664,TRAIN,0.4885461,0.6,False
SETUP_1110,2026-07-21 14:15:00+00:00,NZDUSD,SELL,0.5848,0.5859082142857143,0.5814753571428571,0.0011082142857142818,0.19999999999997797,14.0,1.0,1.104488872123727,10.0,60.0,65.0,50.0,70.0,0,TIMEOUT,2026-07-22 00:15:00+00:00,-1.0,28.21,2.545536577505649,-3.545536577505649,TRAIN,0.70474344,0.6,True
SETUP_0868,2026-07-21 14:15:00+00:00,GBPUSD,SELL,1.34078,1.3424425,1.3357925000000004,0.0016624999999999002,0.2500000000000835,14.0,1.0,0.7790853082113636,10.0,60.0,65.0,50.0,70.0,0,TIMEOUT,2026-07-22 00:15:00+00:00,-1.0,23.18,1.394285714285798,-2.394285714285798,TRAIN,0.76920813,0.6,True
SETUP_1540,2026-07-21 14:15:00+00:00,USDJPY,BUY,162.73,162.62725,163.03824999999995,0.10274999999998613,22.999999999996135,14.0,1.0,0.6367446898695427,100.0,60.0,65.0,50.0,70.0,1,TP,2026-07-21 21:00:00+00:00,3.0,24.87,0.024204379562047063,2.9757956204379528,TRAIN,0.7186354,0.6,True
SETUP_0250,2026-07-21 14:45:00+00:00,BTCUSD,BUY,66340.3,66125.5642857143,66984.50714285712,214.73571428570722,100.0,14.0,1.0,0.6659647275598842,100.0,60.0,65.0,50.0,70.0,0,SL,2026-07-21 20:45:00+00:00,-1.0,2250.0,0.10477996207963622,-1.1047799620796361,TRAIN,0.6569151,0.6,True
SETUP_0441,2026-07-21 14:45:00+00:00,ETHUSD,BUY,1934.14,1923.1164285714287,1967.2107142857142,11.023571428571358,100.0,14.0,1.0,0.7371794871794871,100.0,60.0,65.0,50.0,70.0,0,SL,2026-07-21 18:15:00+00:00,-1.0,345.52,0.003134374392535496,-1.0031343743925354,TRAIN,0.7186475,0.6,True
SETUP_1812,2026-07-21 14:45:00+00:00,XRPUSD,BUY,1.1341,1.1270678571428572,1.155196428571429,0.007032142857142931,2.300000000000191,14.0,1.0,0.8470902117725528,11.500000000000954,60.0,65.0,50.0,70.0,1,TP,2026-07-21 19:00:00+00:00,3.0,490.52,6.975398679532684,-3.9753986795326837,TRAIN,0.7730981,0.6,True
SETUP_1266,2026-07-21 15:15:00+00:00,USDCAD,BUY,1.40755,1.4061725,1.4116825000000002,0.0013775000000000315,0.25999999999992696,15.0,1.0,1.841951977218303,10.0,60.0,65.0,50.0,70.0,0,TIMEOUT,2026-07-22 01:15:00+00:00,-1.0,28.78,2.089292196007212,-3.089292196007212,TRAIN,0.30289724,0.6,False
SETUP_1111,2026-07-21 15:30:00+00:00,NZDUSD,SELL,0.58375,0.5850039285714286,0.5799882142857142,0.0012539285714285864,0.22999999999995246,15.0,1.0,1.2318470407939868,10.0,60.0,65.0,50.0,70.0,0,TIMEOUT,2026-07-22 01:30:00+00:00,-1.0,28.17,2.2465394474508424,-3.2465394474508424,TRAIN,0.42521563,0.6,False
SETUP_0869,2026-07-21 15:30:00+00:00,GBPUSD,SELL,1.33864,1.3410153571428571,1.3315139285714288,0.002375357142857082,0.42999999999993044,15.0,1.0,1.2386363636363635,10.0,60.0,65.0,50.0,70.0,0,TIMEOUT,2026-07-22 01:30:00+00:00,-1.0,22.56,0.9497519170049861,-1.9497519170049862,TRAIN,0.5040893,0.6,False
SETUP_0608,2026-07-21 15:30:00+00:00,EURGBP,BUY,0.85258,0.8515217857142857,0.8557546428571429,0.0010582142857142873,0.3300000000000525,15.0,1.0,1.4395476058762062,10.0,60.0,65.0,50.0,70.0,0,SL,2026-07-22 00:00:00+00:00,-1.0,20.22,1.9107661154235542,-2.910766115423554,TRAIN,0.26350433,0.6,False
SETUP_1541,2026-07-21 15:30:00+00:00,USDJPY,BUY,162.778,162.68860714285714,163.04617857142856,0.08939285714285461,24.00000000000091,15.0,1.0,1.112784975394195,100.0,60.0,65.0,50.0,70.0,0,SL,2026-07-21 15:45:00+00:00,-1.0,24.32,0.027205753096285232,-1.0272057530962853,TRAIN,0.47283024,0.6,False
SETUP_1813,2026-07-21 16:00:00+00:00,XRPUSD,BUY,1.1423,1.1336107142857144,1.1683678571428573,0.008689285714285733,1.4000000000000679,16.0,1.0,1.1654455614244335,10.0,60.0,65.0,50.0,70.0,0,TIMEOUT,2026-07-22 02:00:00+00:00,-1.0,490.22,5.641660501438541,-6.641660501438541,TRAIN,0.4596965,0.6,False
SETUP_1112,2026-07-21 16:30:00+00:00,NZDUSD,SELL,0.58237,0.5841357142857143,0.5770728571428573,0.0017657142857142594,0.6099999999999994,16.0,1.0,2.081290322580645,10.0,60.0,65.0,50.0,70.0,0,TIMEOUT,2026-07-22 02:30:00+00:00,-1.0,28.08,1.5902912621359462,-2.5902912621359464,TRAIN,0.15126741,0.6,False
SETUP_0251,2026-07-21 17:00:00+00:00,BTCUSD,BUY,66942.6,66231.9232142857,69074.6303571429,710.6767857142986,100.0,17.0,1.0,1.923952641165756,100.0,60.0,65.0,50.0,70.0,0,SL,2026-07-21 20:45:00+00:00,-1.0,2250.0,0.031659961957791166,-1.031659961957791,TRAIN,0.19674343,0.6,False
SETUP_1542,2026-07-21 17:00:00+00:00,USDJPY,BUY,162.885,162.73414285714284,163.33757142857144,0.15085714285714857,20.000000000010232,17.0,1.0,1.5790131168019987,100.0,60.0,65.0,50.0,70.0,0,TIMEOUT,2026-07-22 03:00:00+00:00,-1.0,23.68,0.015696969696969102,-1.015696969696969,TRAIN,0.34078947,0.6,False
SETUP_0979,2026-07-21 17:15:00+00:00,GOLD,BUY,4069.35,4040.095714285714,4157.112857142857,29.254285714285743,76.20000000000346,17.0,1.0,1.3797434287252175,100.0,60.0,65.0,50.0,70.0,0,TIMEOUT,2026-07-23 04:15:00+00:00,-1.0,31.24,0.010678777224338304,-1.0106787772243384,TRAIN,0.23237504,0.6,False
SETUP_1656,2026-07-21 17:15:00+00:00,XAUUSD,BUY,4069.35,4040.095714285714,4157.112857142857,29.254285714285743,76.20000000000346,17.0,1.0,1.3797434287252175,100.0,60.0,65.0,50.0,70.0,0,TIMEOUT,2026-07-23 04:15:00+00:00,-1.0,31.24,0.010678777224338304,-1.0106787772243384,TRAIN,0.23237504,0.6,False
SETUP_0086,2026-07-21 17:15:00+00:00,AUDUSD,BUY,0.70086,0.6999007142857143,0.7037378571428572,0.0009592857142857181,0.14999999999998348,17.0,1.0,1.3437195715676729,10.0,60.0,65.0,50.0,70.0,0,SL,2026-07-21 23:00:00+00:00,-1.0,23.47,2.446612062546528,-3.446612062546528,TRAIN,0.47470945,0.6,False
SETUP_1397,2026-07-21 17:30:00+00:00,USDCHF,BUY,0.81223,0.8103507142857143,0.8178678571428573,0.00187928571428575,0.21999999999999797,17.0,1.0,1.368081676518001,10.0,60.0,65.0,50.0,70.0,0,TIMEOUT,2026-07-22 03:30:00+00:00,-1.0,25.45,1.3542379323450902,-2.3542379323450904,TRAIN,0.45897183,0.6,False
SETUP_0870,2026-07-21 17:45:00+00:00,GBPUSD,SELL,1.33703,1.3404857142857143,1.326662857142857,0.0034557142857143397,0.46999999999997044,17.0,1.0,1.3634267561612952,10.0,60.0,65.0,50.0,70.0,0,TIMEOUT,2026-07-22 03:45:00+00:00,-1.0,23.53,0.6809011988424862,-1.6809011988424862,TRAIN,0.3905117,0.6,False
SETUP_1398,2026-07-21 17:45:00+00:00,USDCHF,BUY,0.81244,0.8104939285714285,0.8182782142857146,0.0019460714285715053,0.44000000000010697,17.0,1.0,1.564068421591724,10.0,60.0,65.0,50.0,70.0,0,TIMEOUT,2026-07-22 03:45:00+00:00,-1.0,25.4,1.3051936135070141,-2.305193613507014,TRAIN,0.35177404,0.6,False
SETUP_0087,2026-07-21 18:30:00+00:00,AUDUSD,BUY,0.70076,0.6999492857142857,0.703192142857143,0.0008107142857143312,0.19000000000002348,18.0,1.0,0.9057986096657369,10.0,60.0,65.0,50.0,70.0,0,SL,2026-07-21 22:45:00+00:00,-1.0,23.64,2.9159471365637133,-3.9159471365637133,TRAIN,0.25705504,0.6,False
SETUP_1543,2026-07-21 18:45:00+00:00,USDJPY,BUY,163.005,162.86899999999997,163.41300000000007,0.1360000000000241,42.00000000000159,18.0,1.0,0.7463693498561943,100.0,60.0,65.0,50.0,70.0,0,TIMEOUT,2026-07-22 04:45:00+00:00,-1.0,24.26,0.017838235294114487,-1.0178382352941144,TRAIN,0.35626256,0.6,False
SETUP_0980,2026-07-21 21:15:00+00:00,GOLD,BUY,4083.77,4063.831785714286,4143.584642857142,19.93821428571391,25.300000000002,21.0,1.0,0.8778851159831087,100.0,60.0,65.0,50.0,70.0,0,TIMEOUT,2026-07-23 08:15:00+00:00,-1.0,30.15,0.01512171529904913,-1.015121715299049,TRAIN,0.20284386,0.6,False
SETUP_0720,2026-07-21 21:15:00+00:00,EURUSD,SELL,1.14016,1.14091,1.13791,0.0007500000000000284,0.29999999999996696,21.0,1.0,0.6467342486847171,10.0,60.0,65.0,50.0,70.0,0,SL,2026-07-22 05:15:00+00:00,-1.0,19.51,2.601333333333235,-3.601333333333235,TRAIN,0.2557172,0.6,False
SETUP_1399,2026-07-21 21:15:00+00:00,USDCHF,BUY,0.81277,0.8121685714285715,0.8145742857142856,0.0006014285714285306,0.24999999999997247,21.0,1.0,0.7016018874953434,10.0,60.0,65.0,50.0,70.0,0,SL,2026-07-21 23:45:00+00:00,-1.0,25.85,4.298099762470601,-5.298099762470601,TRAIN,0.2557172,0.6,False
SETUP_1544,2026-07-21 21:15:00+00:00,USDJPY,BUY,163.144,162.96660714285713,163.67617857142864,0.1773928571428769,98.99999999998954,21.0,1.0,1.0900405327156921,100.0,60.0,65.0,50.0,70.0,0,TIMEOUT,2026-07-22 07:15:00+00:00,-1.0,24.86,0.014014093013890125,-1.0140140930138901,TRAIN,0.20014927,0.6,False
SETUP_0871,2026-07-21 21:15:00+00:00,GBPUSD,SELL,1.33789,1.3389107142857142,1.3348278571428576,0.0010207142857141527,0.31000000000003247,21.0,1.0,0.8494077834179357,10.0,60.0,65.0,50.0,70.0,0,TIMEOUT,2026-07-22 07:15:00+00:00,-1.0,23.05,2.2582225332403225,-3.2582225332403225,TRAIN,0.32950786,0.6,False
SETUP_1657,2026-07-21 21:15:00+00:00,XAUUSD,BUY,4083.77,4063.831785714286,4143.584642857142,19.93821428571391,25.300000000002,21.0,1.0,0.8778851159831087,100.0,60.0,65.0,50.0,70.0,0,TIMEOUT,2026-07-23 08:15:00+00:00,-1.0,30.15,0.01512171529904913,-1.015121715299049,TRAIN,0.20284386,0.6,False
SETUP_1658,2026-07-21 21:30:00+00:00,XAUUSD,BUY,4082.29,4064.815,4134.715,17.47499999999991,89.50000000000273,21.0,1.0,0.7461546852841715,100.0,60.0,65.0,50.0,70.0,1,TP,2026-07-23 04:00:00+00:00,3.0,30.53,0.017470672389127417,2.9825293276108726,TRAIN,0.3787384,0.6,False
SETUP_0981,2026-07-21 21:30:00+00:00,GOLD,BUY,4082.29,4064.815,4134.715,17.47499999999991,89.50000000000273,21.0,1.0,0.7461546852841715,100.0,60.0,65.0,50.0,70.0,1,TP,2026-07-23 04:00:00+00:00,3.0,30.53,0.017470672389127417,2.9825293276108726,TRAIN,0.3787384,0.6,False
SETUP_0609,2026-07-21 23:00:00+00:00,EURGBP,BUY,0.85208,0.8518267857142856,0.852839642857143,0.0002532142857143427,0.1,23.0,1.0,0.9432454036770584,10.0,60.0,65.0,50.0,70.0,0,SL,2026-07-22 00:00:00+00:00,-1.0,20.44,8.072214386457988,-9.072214386457988,TRAIN,0.3032893,0.6,False
SETUP_0721,2026-07-22 00:00:00+00:00,EURUSD,SELL,1.13959,1.1401735714285712,1.1378392857142867,0.000583571428571128,0.29999999999996696,0.0,1.0,0.5,10.0,60.0,65.0,50.0,70.0,0,SL,2026-07-22 03:00:00+00:00,-1.0,59.09,10.125581395354054,-11.125581395354054,TRAIN,0.073021576,0.6,False
SETUP_0872,2026-07-22 00:00:00+00:00,GBPUSD,SELL,1.3369900000000001,1.3380414285714286,1.3338357142857147,0.001051428571428481,0.180000000000069,0.0,1.0,0.5,10.0,60.0,65.0,50.0,70.0,0,SL,2026-07-22 03:00:00+00:00,-1.0,122.33,11.634646739131437,-12.634646739131437,TRAIN,0.073021576,0.6,False
SETUP_0873,2026-07-22 00:15:00+00:00,GBPUSD,SELL,1.3369,1.3379625,1.3337125,0.0010624999999999662,0.17000000000022553,0.0,1.0,0.5,10.0,60.0,65.0,50.0,70.0,0,SL,2026-07-22 03:00:00+00:00,-1.0,141.2,13.289411764706303,-14.289411764706303,TRAIN,0.073021576,0.6,False
SETUP_1400,2026-07-22 01:15:00+00:00,USDCHF,BUY,0.81262,0.8111003571428571,0.8171789285714287,0.0015196428571429,0.43999999999999595,1.0,1.0,1.0235294117647058,10.0,60.0,65.0,50.0,70.0,0,TIMEOUT,2026-07-22 11:15:00+00:00,-1.0,28.84,1.8978143360751525,-2.8978143360751525,TRAIN,0.24847628,0.6,False
SETUP_1545,2026-07-22 01:15:00+00:00,USDJPY,BUY,163.178,163.1152857142857,163.36614285714288,0.06271428571429283,19.99999999998181,1.0,1.0,0.5,99.99999999990905,60.0,65.0,50.0,70.0,0,SL,2026-07-22 03:00:00+00:00,-1.0,28.66,0.04569931662869641,-1.0456993166286963,TRAIN,0.2968413,0.6,False
SETUP_1267,2026-07-22 02:00:00+00:00,USDCAD,BUY,1.41087,1.4103978571428573,1.4122864285714285,0.0004721428571428099,0.180000000000069,2.0,1.0,0.5528973950026582,10.0,60.0,65.0,50.0,70.0,0,SL,2026-07-22 03:00:00+00:00,-1.0,32.06,6.790317700454538,-7.790317700454538,TRAIN,0.6585166,0.6,True
SETUP_0252,2026-07-22 02:30:00+00:00,BTCUSD,BUY,66417.7,66174.20714285715,67148.17857142854,243.49285714284633,100.0,2.0,1.0,0.8862161734451655,100.0,60.0,65.0,50.0,70.0,0,SL,2026-07-22 06:00:00+00:00,-1.0,2250.0,0.09240517468978673,-1.0924051746897867,TRAIN,0.58322704,0.6,False
SETUP_1814,2026-07-22 02:45:00+00:00,XRPUSD,BUY,1.1414,1.1348142857142856,1.1611571428571432,0.006585714285714417,1.6000000000000458,2.0,1.0,0.8839272059948005,10.0,60.0,65.0,50.0,70.0,0,SL,2026-07-22 08:15:00+00:00,-1.0,490.55,7.448698481561674,-8.448698481561674,TRAIN,0.5798992,0.6,False
SETUP_0253,2026-07-22 03:00:00+00:00,BTCUSD,BUY,66672.5,66325.31428571428,67714.05714285716,347.18571428571886,100.0,3.0,1.0,1.4333070244672454,100.0,60.0,65.0,50.0,70.0,0,SL,2026-07-22 04:15:00+00:00,-1.0,2250.0,0.06480681397358265,-1.0648068139735827,TRAIN,0.25368088,0.6,False
SETUP_0442,2026-07-22 03:00:00+00:00,ETHUSD,BUY,1936.47,1917.1775,1994.3475,19.292500000000018,100.0,3.0,1.0,1.7796719617719232,100.0,60.0,65.0,50.0,70.0,0,SL,2026-07-22 08:45:00+00:00,-1.0,345.72,0.0017919917066217428,-1.0017919917066218,TRAIN,0.32110488,0.6,False
SETUP_0088,2026-07-22 03:15:00+00:00,AUDUSD,BUY,0.7003,0.6995342857142857,0.7025971428571431,0.0007657142857143695,0.12000000000000899,3.0,1.0,3.219874173253751,10.0,60.0,65.0,50.0,70.0,0,SL,2026-07-22 07:00:00+00:00,-1.0,24.02,3.1369402985071195,-4.1369402985071195,TRAIN,0.5935433,0.6,False
SETUP_1815,2026-07-22 03:15:00+00:00,XRPUSD,BUY,1.143,1.1376892857142857,1.1589321428571429,0.00531071428571428,1.000000000000112,3.0,1.0,1.0480485150054424,10.0,60.0,65.0,50.0,70.0,0,SL,2026-07-22 06:00:00+00:00,-1.0,490.43,9.234727639542715,-10.234727639542715,TRAIN,0.5115603,0.6,False
SETUP_0443,2026-07-22 03:15:00+00:00,ETHUSD,BUY,1935.38,1917.9889285714285,1987.553214285715,17.39107142857165,100.0,3.0,1.0,1.7775030902348579,100.0,60.0,65.0,50.0,70.0,0,SL,2026-07-22 08:30:00+00:00,-1.0,345.85,0.0019886641338946252,-1.0019886641338946,TRAIN,0.32110488,0.6,False
SETUP_0089,2026-07-22 04:00:00+00:00,AUDUSD,BUY,0.70096,0.6998835714285714,0.704189285714286,0.0010764285714286448,0.41999999999997595,4.0,1.0,2.8414040481680756,10.0,60.0,65.0,50.0,70.0,0,SL,2026-07-22 06:00:00+00:00,-1.0,24.06,2.2351692103515397,-3.2351692103515397,TRAIN,0.38286468,0.6,False
SETUP_1401,2026-07-22 04:30:00+00:00,USDCHF,BUY,0.81302,0.8121739285714286,0.8155582142857142,0.0008460714285714044,0.22999999999995246,4.0,1.0,1.8396784109718611,10.0,60.0,65.0,50.0,70.0,0,SL,2026-07-22 09:00:00+00:00,-1.0,25.98,3.0706627268890707,-4.07066272688907,TRAIN,0.4336301,0.6,False
SETUP_1113,2026-07-22 04:30:00+00:00,NZDUSD,SELL,0.58246,0.5833892857142857,0.5796721428571427,0.0009292857142857436,0.17000000000000348,4.0,1.0,1.6414634146341462,10.0,60.0,65.0,50.0,70.0,0,TIMEOUT,2026-07-22 14:30:00+00:00,-1.0,28.17,3.03136049192919,-4.03136049192919,TRAIN,0.4336301,0.6,False
SETUP_0610,2026-07-22 07:00:00+00:00,EURGBP,BUY,0.85224,0.8519771428571429,0.8530285714285714,0.00026285714285712025,0.1,7.0,1.0,0.5451295799821269,10.0,60.0,65.0,50.0,70.0,1,TP,2026-07-22 09:15:00+00:00,3.0,20.21,7.688586956522401,-4.688586956522401,TRAIN,0.6585166,0.6,True
SETUP_0611,2026-07-22 09:30:00+00:00,EURGBP,BUY,0.8531,0.8520875,0.8561374999999999,0.0010124999999999718,0.29999999999996696,9.0,1.0,1.6508718726307807,10.0,60.0,65.0,50.0,70.0,0,TIMEOUT,2026-07-22 19:30:00+00:00,-1.0,20.4,2.014814814814871,-3.014814814814871,TRAIN,0.4147236,0.6,False
SETUP_0090,2026-07-22 09:30:00+00:00,AUDUSD,SELL,0.69932,0.70007,0.6970700000000003,0.0007499999999999174,0.15999999999993797,9.0,1.0,1.093028536825373,10.0,60.0,65.0,50.0,70.0,0,SL,2026-07-22 10:15:00+00:00,-1.0,23.8,3.173333333333683,-4.173333333333683,TRAIN,0.4970793,0.6,False
SETUP_1114,2026-07-22 09:30:00+00:00,NZDUSD,SELL,0.58176,0.5825267857142857,0.579459642857143,0.0007667857142856782,0.17000000000000348,9.0,1.0,1.154680159016986,10.0,60.0,65.0,50.0,70.0,0,SL,2026-07-22 10:15:00+00:00,-1.0,28.31,3.6920353982302623,-4.692035398230262,TRAIN,0.4970793,0.6,False
SETUP_1546,2026-07-22 11:15:00+00:00,USDJPY,BUY,163.061,162.84457142857144,163.7102857142857,0.21642857142856542,73.99999999998386,11.0,1.0,1.4586960727413427,100.0,60.0,65.0,50.0,70.0,0,TIMEOUT,2026-07-22 21:15:00+00:00,-1.0,24.91,0.01150957095709603,-1.011509570957096,TRAIN,0.3274962,0.6,False
SETUP_0254,2026-07-22 11:15:00+00:00,BTCUSD,BUY,66005.9,65683.3142857143,66973.65714285709,322.5857142856985,100.0,11.0,1.0,1.015677341551655,100.0,60.0,65.0,50.0,70.0,0,SL,2026-07-22 15:45:00+00:00,-1.0,2250.0,0.06974890394579855,-1.0697489039457986,TRAIN,0.626165,0.6,True
SETUP_1816,2026-07-22 11:15:00+00:00,XRPUSD,BUY,1.1328,1.125875,1.1535750000000002,0.00692500000000007,2.2999999999999687,11.0,1.0,0.9064277098052732,11.499999999999844,60.0,65.0,50.0,70.0,1,TP,2026-07-22 18:30:00+00:00,3.0,490.42,7.081877256317618,-4.081877256317618,TRAIN,0.76960725,0.6,True
SETUP_0444,2026-07-22 11:15:00+00:00,ETHUSD,BUY,1920.16,1906.1389285714286,1962.2232142857147,14.021071428571531,100.0,11.0,1.0,0.8460498358122464,100.0,60.0,65.0,50.0,70.0,0,TIMEOUT,2026-07-22 21:15:00+00:00,-1.0,345.28,0.002462579281183914,-1.0024625792811839,TRAIN,0.7044558,0.6,True
SETUP_0445,2026-07-22 12:15:00+00:00,ETHUSD,BUY,1923.3,1915.0610714285713,1948.016785714286,8.238928571428687,100.0,12.0,1.0,0.6659442419466063,100.0,60.0,65.0,50.0,70.0,0,SL,2026-07-22 15:45:00+00:00,-1.0,345.3,0.00419107893710168,-1.0041910789371016,TRAIN,0.6569151,0.6,True
SETUP_1402,2026-07-22 12:45:00+00:00,USDCHF,BUY,0.81243,0.8114207142857144,0.8154578571428568,0.0010092857142856015,0.17999999999995797,12.0,1.0,0.8932858078126137,10.0,60.0,65.0,50.0,70.0,0,SL,2026-07-22 16:30:00+00:00,-1.0,25.53,2.5295116772826605,-3.5295116772826605,TRAIN,0.7175842,0.6,True
SETUP_0722,2026-07-22 13:00:00+00:00,EURUSD,SELL,1.14019,1.1414953571428572,1.1362739285714285,0.0013053571428571775,0.25999999999992696,13.0,1.0,0.975788253948893,10.0,60.0,65.0,50.0,70.0,0,SL,2026-07-22 16:15:00+00:00,-1.0,19.49,1.4930779753761574,-2.493077975376157,TRAIN,0.7175842,0.6,True
SETUP_1403,2026-07-22 13:00:00+00:00,USDCHF,BUY,0.81262,0.8113789285714286,0.8163432142857143,0.0012410714285714386,0.16999999999989246,13.0,1.0,0.9249300924930092,10.0,60.0,65.0,50.0,70.0,0,SL,2026-07-22 16:30:00+00:00,-1.0,25.73,2.0732086330935084,-3.0732086330935084,TRAIN,0.7175842,0.6,True
SETUP_0446,2026-07-22 13:30:00+00:00,ETHUSD,BUY,1929.22,1919.2560714285714,1959.1117857142858,9.963928571428596,100.0,13.0,1.0,0.9279222151764954,100.0,60.0,65.0,50.0,70.0,0,SL,2026-07-22 15:30:00+00:00,-1.0,345.59,0.003468411054159639,-1.0034684110541596,TRAIN,0.6607026,0.6,True
SETUP_1817,2026-07-22 13:30:00+00:00,XRPUSD,BUY,1.1356,1.1308285714285715,1.1499142857142852,0.004771428571428427,0.9000000000001229,13.0,1.0,0.8487567769676575,10.0,60.0,65.0,50.0,70.0,1,TP,2026-07-22 18:15:00+00:00,3.0,490.04,10.270299401197917,-7.270299401197917,TRAIN,0.7730981,0.6,True
SETUP_0447,2026-07-22 13:45:00+00:00,ETHUSD,BUY,1929.01,1919.3717857142856,1957.9246428571432,9.638214285714412,100.0,13.0,1.0,0.9231429798196651,100.0,60.0,65.0,50.0,70.0,0,SL,2026-07-22 15:30:00+00:00,-1.0,345.56,0.0035853114462518526,-1.0035853114462518,TRAIN,0.6607026,0.6,True
SETUP_0612,2026-07-22 15:15:00+00:00,EURGBP,BUY,0.85342,0.8528821428571428,0.8550335714285714,0.0005378571428571455,0.10999999999994348,15.0,1.0,0.8985910382778013,10.0,60.0,65.0,50.0,70.0,0,SL,2026-07-22 16:30:00+00:00,-1.0,20.15,3.7463479415670466,-4.746347941567047,TRAIN,0.5587054,0.6,False
SETUP_0255,2026-07-22 16:00:00+00:00,BTCUSD,SELL,65635.1,65957.66428571429,64667.40714285716,322.56428571428114,100.0,16.0,1.0,1.1562264150943395,100.0,60.0,65.0,50.0,70.0,0,SL,2026-07-22 16:45:00+00:00,-1.0,2250.0,0.0697535375008314,-1.0697535375008314,TRAIN,0.46203664,0.6,False
SETUP_0723,2026-07-22 16:30:00+00:00,EURUSD,BUY,1.14168,1.1404042857142858,1.1455071428571428,0.001275714285714269,0.28999999999990145,16.0,1.0,1.4450448442983679,10.0,60.0,65.0,50.0,70.0,0,SL,2026-07-23 00:00:00+00:00,-1.0,19.4,1.520716685330367,-2.520716685330367,TRAIN,0.26350433,0.6,False
SETUP_0256,2026-07-22 16:45:00+00:00,BTCUSD,BUY,65938.5,65479.485714285714,67315.54285714286,459.0142857142855,100.0,16.0,1.0,2.115482881962187,100.0,60.0,65.0,50.0,70.0,0,TIMEOUT,2026-07-23 02:45:00+00:00,-1.0,2250.0,0.04901808222588779,-1.0490180822258879,TRAIN,0.19674343,0.6,False
SETUP_0448,2026-07-22 16:45:00+00:00,ETHUSD,BUY,1938.13,1914.0032142857142,2010.5103571428579,24.126785714285916,100.0,16.0,1.0,2.685904550499445,100.0,60.0,65.0,50.0,70.0,0,TIMEOUT,2026-07-23 02:45:00+00:00,-1.0,346.01,0.0014341321885870653,-1.0014341321885871,TRAIN,0.18480007,0.6,False
SETUP_1818,2026-07-22 16:45:00+00:00,XRPUSD,BUY,1.1403,1.1318035714285715,1.165789285714286,0.008496428571428627,4.0000000000000036,16.0,1.0,1.9112741827885256,20.000000000000018,60.0,65.0,50.0,70.0,0,SL,2026-07-22 23:00:00+00:00,-1.0,490.58,5.773955443463602,-6.773955443463602,TRAIN,0.22220996,0.6,False
SETUP_1404,2026-07-22 17:00:00+00:00,USDCHF,BUY,0.81223,0.8110060714285714,0.8159017857142858,0.0012239285714286119,0.29000000000001247,17.0,1.0,1.4813488510892272,10.0,60.0,65.0,50.0,70.0,0,TIMEOUT,2026-07-23 03:00:00+00:00,-1.0,25.26,2.0638459293842333,-3.0638459293842333,TRAIN,0.26350433,0.6,False
SETUP_1819,2026-07-22 18:15:00+00:00,XRPUSD,BUY,1.1524,1.1340964285714286,1.2073107142857147,0.01830357142857153,4.7000000000001485,18.0,1.0,1.9028983734866087,23.500000000000743,60.0,65.0,50.0,70.0,0,SL,2026-07-22 22:00:00+00:00,-1.0,490.49,2.6797502439024243,-3.6797502439024243,TRAIN,0.14213474,0.6,False
SETUP_0257,2026-07-22 18:15:00+00:00,BTCUSD,BUY,66064.2,65537.57142857143,67644.08571428568,526.6285714285623,100.0,18.0,1.0,1.509128518751686,100.0,60.0,65.0,50.0,70.0,0,TIMEOUT,2026-07-23 04:15:00+00:00,-1.0,2250.0,0.04272460937500074,-1.0427246093750007,TRAIN,0.19179054,0.6,False
SETUP_0449,2026-07-22 18:15:00+00:00,ETHUSD,BUY,1946.96,1920.3174999999999,2026.8875000000005,26.642500000000155,100.0,18.0,1.0,1.8022057932371833,100.0,60.0,65.0,50.0,70.0,0,SL,2026-07-22 22:00:00+00:00,-1.0,346.21,0.0012994651402833742,-1.0012994651402833,TRAIN,0.17121634,0.6,False
SETUP_1820,2026-07-22 18:30:00+00:00,XRPUSD,BUY,1.15,1.1376750000000002,1.186974999999999,0.012324999999999697,2.4999999999999467,18.0,1.0,1.3882710991454994,12.499999999999734,60.0,65.0,50.0,70.0,0,SL,2026-07-22 21:30:00+00:00,-1.0,490.47,3.9794726166329584,-4.979472616632958,TRAIN,0.1417778,0.6,False
SETUP_1268,2026-07-22 19:15:00+00:00,USDCAD,BUY,1.40891,1.4079528571428572,1.4117814285714287,0.0009571428571428786,0.260000000000149,19.0,1.0,0.7085389162999511,10.0,60.0,65.0,50.0,70.0,0,SL,2026-07-22 23:15:00+00:00,-1.0,28.58,2.985970149253664,-3.985970149253664,TRAIN,0.2557172,0.6,False
SETUP_1405,2026-07-22 19:15:00+00:00,USDCHF,BUY,0.81377,0.8127217857142857,0.816914642857143,0.0010482142857143328,0.2500000000000835,19.0,1.0,0.7821907412092082,10.0,60.0,65.0,50.0,70.0,0,TIMEOUT,2026-07-23 05:15:00+00:00,-1.0,25.31,2.414582623509261,-3.414582623509261,TRAIN,0.34791228,0.6,False
SETUP_0258,2026-07-22 21:30:00+00:00,BTCUSD,SELL,65765.2,66165.8125,64563.36249999999,400.6125000000029,100.0,21.0,1.0,0.8343043579585179,100.0,60.0,65.0,50.0,70.0,0,SL,2026-07-23 03:00:00+00:00,-1.0,2250.0,0.05616399887671961,-1.0561639988767195,TRAIN,0.3787384,0.6,False
SETUP_1269,2026-07-22 23:45:00+00:00,USDCAD,BUY,1.40852,1.4077742857142859,1.4107571428571424,0.0007457142857141275,0.11999999999989797,23.0,1.0,0.6731502669717773,10.0,60.0,65.0,50.0,70.0,0,SL,2026-07-23 00:00:00+00:00,-1.0,31.63,4.241570881226954,-5.241570881226954,TRAIN,0.37772977,0.6,False
SETUP_0724,2026-07-23 00:00:00+00:00,EURUSD,SELL,1.14059,1.1412628571428574,1.138571428571428,0.0006728571428573638,0.17999999999984695,0.0,1.0,0.5,10.0,60.0,65.0,50.0,70.0,0,SL,2026-07-23 03:00:00+00:00,-1.0,85.24,12.668365180462933,-13.668365180462933,TRAIN,0.073021576,0.6,False
SETUP_0091,2026-07-23 00:15:00+00:00,AUDUSD,SELL,0.69882,0.6997885714285714,0.6959142857142857,0.0009685714285714297,0.31000000000003247,0.0,1.0,0.5,10.0,60.0,65.0,50.0,70.0,0,SL,2026-07-23 04:30:00+00:00,-1.0,97.44,10.060176991150431,-11.060176991150431,TRAIN,0.073021576,0.6,False
SETUP_1270,2026-07-23 00:15:00+00:00,USDCAD,SELL,1.40764,1.408815,1.4041150000000002,0.001174999999999926,0.4899999999998794,0.0,1.0,0.5,10.0,60.0,65.0,50.0,70.0,0,SL,2026-07-23 01:45:00+00:00,-1.0,150.77,12.831489361702936,-13.831489361702936,TRAIN,0.06942607,0.6,False
SETUP_0874,2026-07-23 00:15:00+00:00,GBPUSD,SELL,1.3369,1.3376560714285715,1.3346317857142855,0.0007560714285714809,0.1,0.0,1.0,0.5,10.0,60.0,65.0,50.0,70.0,0,SL,2026-07-23 03:45:00+00:00,-1.0,167.0,22.087860179497763,-23.087860179497763,TRAIN,0.12993003,0.6,False
SETUP_0725,2026-07-23 00:15:00+00:00,EURUSD,SELL,1.14045,1.1412614285714286,1.138015714285714,0.0008114285714286851,0.280000000000058,0.0,1.0,0.5,10.0,60.0,65.0,50.0,70.0,0,SL,2026-07-23 03:00:00+00:00,-1.0,65.07,8.019190140843946,-9.019190140843946,TRAIN,0.073021576,0.6,False
SETUP_0450,2026-07-23 00:45:00+00:00,ETHUSD,BUY,1937.18,1922.5232142857142,1981.1503571428577,14.656785714285888,100.0,0.0,1.0,1.111216639756862,100.0,60.0,65.0,50.0,70.0,0,SL,2026-07-23 02:00:00+00:00,-1.0,346.6,0.002364774970150317,-1.0023647749701503,TRAIN,0.08652911,0.6,False
SETUP_0259,2026-07-23 00:45:00+00:00,BTCUSD,BUY,66059.2,65820.91964285713,66774.0410714286,238.2803571428667,100.0,0.0,1.0,0.845176707332411,100.0,60.0,65.0,50.0,70.0,0,SL,2026-07-23 04:30:00+00:00,-1.0,2250.0,0.094426583331456,-1.094426583331456,TRAIN,0.1989429,0.6,False
SETUP_1821,2026-07-23 00:45:00+00:00,XRPUSD,BUY,1.1400000000000001,1.134192857142857,1.1574214285714295,0.005807142857143122,1.6000000000000458,0.0,1.0,0.6007810153199159,10.0,60.0,65.0,50.0,70.0,0,SL,2026-07-23 02:15:00+00:00,-1.0,490.3,8.443050430503922,-9.443050430503922,TRAIN,0.07347516,0.6,False
SETUP_0613,2026-07-23 01:00:00+00:00,EURGBP,BUY,0.85318,0.8517432142857142,0.8574903571428576,0.0014367857142858487,0.140000000000029,1.0,1.0,0.8980327376482956,10.0,60.0,65.0,50.0,70.0,0,TIMEOUT,2026-07-23 11:00:00+00:00,-1.0,28.3,1.969674372358752,-2.969674372358752,TRAIN,0.44098115,0.6,False
SETUP_0982,2026-07-23 01:00:00+00:00,GOLD,BUY,4123.58,4076.255,4265.554999999999,47.32499999999982,100.0,1.0,1.0,0.8896767114037308,100.0,60.0,65.0,50.0,70.0,0,TIMEOUT,2026-07-23 11:00:00+00:00,-1.0,44.25,0.00935023771790812,-1.0093502377179082,TRAIN,0.5695813,0.6,False
SETUP_1659,2026-07-23 01:00:00+00:00,XAUUSD,BUY,4123.58,4076.255,4265.554999999999,47.32499999999982,100.0,1.0,1.0,0.8896767114037308,100.0,60.0,65.0,50.0,70.0,0,TIMEOUT,2026-07-23 11:00:00+00:00,-1.0,44.25,0.00935023771790812,-1.0093502377179082,TRAIN,0.5695813,0.6,False
SETUP_1115,2026-07-23 01:15:00+00:00,NZDUSD,SELL,0.5809,0.5815414285714287,0.5789757142857139,0.0006414285714286816,0.20999999999993246,1.0,1.0,1.226908330428721,10.0,60.0,65.0,50.0,70.0,0,SL,2026-07-23 03:45:00+00:00,-1.0,30.31,4.725389755010324,-5.725389755010324,TRAIN,0.23002668,0.6,False
SETUP_1271,2026-07-23 01:15:00+00:00,USDCAD,BUY,1.40863,1.4075285714285715,1.4119342857142858,0.0011014285714285865,0.320000000000098,1.0,1.0,0.5,10.0,60.0,65.0,50.0,70.0,0,SL,2026-07-23 04:00:00+00:00,-1.0,35.2,3.1958495460440552,-4.195849546044055,TRAIN,0.2954485,0.6,False
SETUP_0983,2026-07-23 01:15:00+00:00,GOLD,BUY,4128.66,4072.1914285714283,4298.065714285714,56.46857142857152,100.0,1.0,1.0,1.2100016753224996,100.0,60.0,65.0,50.0,70.0,0,TIMEOUT,2026-07-23 11:15:00+00:00,-1.0,40.0,0.007083586318558985,-1.007083586318559,TRAIN,0.33778787,0.6,False
SETUP_1406,2026-07-23 01:15:00+00:00,USDCHF,BUY,0.81444,0.8139210714285714,0.815996785714286,0.0005189285714286562,0.280000000000058,1.0,1.0,0.583637311099531,10.0,60.0,65.0,50.0,70.0,0,SL,2026-07-23 03:15:00+00:00,-1.0,31.74,6.116448726771196,-7.116448726771196,TRAIN,0.2954485,0.6,False
SETUP_1660,2026-07-23 01:15:00+00:00,XAUUSD,BUY,4128.66,4072.1914285714283,4298.065714285714,56.46857142857152,100.0,1.0,1.0,1.2100016753224996,100.0,60.0,65.0,50.0,70.0,0,TIMEOUT,2026-07-23 11:15:00+00:00,-1.0,40.0,0.007083586318558985,-1.007083586318559,TRAIN,0.33778787,0.6,False
SETUP_0614,2026-07-23 01:15:00+00:00,EURGBP,BUY,0.85313,0.8517478571428571,0.857276428571429,0.0013821428571429983,0.44999999999995044,1.0,1.0,0.9727201870615745,10.0,60.0,65.0,50.0,70.0,0,TIMEOUT,2026-07-23 11:15:00+00:00,-1.0,24.48,1.7711627906974936,-2.7711627906974936,TRAIN,0.2528089,0.6,False
SETUP_0260,2026-07-23 03:00:00+00:00,BTCUSD,BUY,66175.4,65880.93928571428,67058.78214285713,294.46071428571304,100.0,3.0,1.0,1.0987074030552293,100.0,60.0,65.0,50.0,70.0,0,SL,2026-07-23 04:30:00+00:00,-1.0,2250.0,0.07641087217552701,-1.076410872175527,TRAIN,0.50115466,0.6,False
SETUP_0451,2026-07-23 03:00:00+00:00,ETHUSD,BUY,1933.49,1923.8689285714286,1962.3532142857143,9.62107142857144,100.0,3.0,1.0,1.0767129524243113,100.0,60.0,65.0,50.0,70.0,0,SL,2026-07-23 05:00:00+00:00,-1.0,345.7,0.0035931549055272984,-1.0035931549055273,TRAIN,0.50115466,0.6,False
SETUP_0726,2026-07-23 04:00:00+00:00,EURUSD,BUY,1.14163,1.1409610714285716,1.1436367857142848,0.0006689285714283066,0.31999999999987594,4.0,1.0,2.676151761517615,10.0,60.0,65.0,50.0,70.0,0,SL,2026-07-23 11:30:00+00:00,-1.0,20.29,3.0332087560076073,-4.033208756007607,TRAIN,0.46211332,0.6,False
SETUP_1272,2026-07-23 04:00:00+00:00,USDCAD,SELL,1.40748,1.4085707142857142,1.4042078571428576,0.0010907142857141672,0.2999999999997449,4.0,1.0,2.3465211459754434,10.0,60.0,65.0,50.0,70.0,0,SL,2026-07-23 13:45:00+00:00,-1.0,30.05,2.755075311067752,-3.755075311067752,TRAIN,0.3533929,0.6,False
SETUP_1273,2026-07-23 04:15:00+00:00,USDCAD,SELL,1.40765,1.4084925,1.4051225000000005,0.0008424999999998573,0.1,4.0,1.0,1.4710995219469796,10.0,60.0,65.0,50.0,70.0,0,SL,2026-07-23 13:30:00+00:00,-1.0,30.76,3.6510385756682746,-4.651038575668275,TRAIN,0.28226942,0.6,False
SETUP_0261,2026-07-23 04:30:00+00:00,BTCUSD,SELL,65777.1,66272.05357142858,64292.239285714284,494.9535714285739,100.0,4.0,1.0,1.4904477176607844,100.0,60.0,65.0,50.0,70.0,0,TIMEOUT,2026-07-23 14:30:00+00:00,-1.0,2250.0,0.045458809267824314,-1.0454588092678243,TRAIN,0.25368088,0.6,False
SETUP_0092,2026-07-23 04:45:00+00:00,AUDUSD,BUY,0.70098,0.6992628571428572,0.7061314285714286,0.0017171428571428615,1.2600000000000389,4.0,1.0,2.5665648188563948,10.0,60.0,65.0,50.0,70.0,0,SL,2026-07-23 14:30:00+00:00,-1.0,24.17,1.4075707154742063,-2.4075707154742063,TRAIN,0.22828485,0.6,False
SETUP_0727,2026-07-23 05:30:00+00:00,EURUSD,BUY,1.14247,1.1413657142857143,1.1457828571428574,0.0011042857142857798,0.16999999999978144,5.0,1.0,1.2544189759379634,10.0,60.0,65.0,50.0,70.0,0,SL,2026-07-23 11:30:00+00:00,-1.0,19.82,1.7948253557566853,-2.7948253557566853,TRAIN,0.5637332,0.6,False
SETUP_0615,2026-07-23 05:30:00+00:00,EURGBP,BUY,0.85336,0.8528435714285714,0.8549092857142859,0.0005164285714286398,0.1,5.0,1.0,1.6066419836194323,10.0,60.0,65.0,50.0,70.0,0,SL,2026-07-23 15:15:00+00:00,-1.0,20.61,3.990871369294077,-4.9908713692940765,TRAIN,0.4336301,0.6,False
SETUP_0616,2026-07-23 05:45:00+00:00,EURGBP,BUY,0.85337,0.8529525,0.8546224999999998,0.00041749999999995957,0.1300000000000745,5.0,1.0,1.1730790553276418,10.0,60.0,65.0,50.0,70.0,0,SL,2026-07-23 13:45:00+00:00,-1.0,20.54,4.9197604790423926,-5.9197604790423926,TRAIN,0.5164274,0.6,False
SETUP_1274,2026-07-23 05:45:00+00:00,USDCAD,SELL,1.40638,1.4074096428571428,1.4032910714285716,0.0010296428571427985,0.27999999999983594,5.0,1.0,1.1329572925060436,10.0,60.0,65.0,50.0,70.0,0,SL,2026-07-23 11:15:00+00:00,-1.0,30.05,2.918487686437905,-3.918487686437905,TRAIN,0.5164274,0.6,False
SETUP_0728,2026-07-23 05:45:00+00:00,EURUSD,BUY,1.14265,1.1415321428571428,1.1460035714285715,0.0011178571428571704,0.520000000000076,5.0,1.0,0.9515340151178301,10.0,60.0,65.0,50.0,70.0,0,SL,2026-07-23 11:15:00+00:00,-1.0,19.9,1.780191693290691,-2.780191693290691,TRAIN,0.5735118,0.6,False
SETUP_0984,2026-07-23 05:45:00+00:00,GOLD,BUY,4128.04,4109.030000000001,4185.069999999998,19.00999999999931,33.599999999996726,5.0,1.0,1.153569615970225,100.0,60.0,65.0,50.0,70.0,0,SL,2026-07-23 10:00:00+00:00,-1.0,31.34,0.016486059968438264,-1.0164860599684382,TRAIN,0.4816235,0.6,False
SETUP_1661,2026-07-23 05:45:00+00:00,XAUUSD,BUY,4128.04,4109.030000000001,4185.069999999998,19.00999999999931,33.599999999996726,5.0,1.0,1.153569615970225,100.0,60.0,65.0,50.0,70.0,0,SL,2026-07-23 10:00:00+00:00,-1.0,31.34,0.016486059968438264,-1.0164860599684382,TRAIN,0.4816235,0.6,False
SETUP_0262,2026-07-23 06:15:00+00:00,BTCUSD,SELL,65625.3,65899.4857142857,64802.74285714289,274.1857142857043,100.0,6.0,1.0,0.9862354670586664,100.0,60.0,65.0,50.0,70.0,0,TIMEOUT,2026-07-23 16:15:00+00:00,-1.0,2250.0,0.08206116813421858,-1.0820611681342185,TRAIN,0.5167784,0.6,False
SETUP_1822,2026-07-23 06:15:00+00:00,XRPUSD,SELL,1.1320000000000001,1.137442857142857,1.1156714285714295,0.005442857142856861,1.7000000000000348,6.0,1.0,1.2182929087206071,10.0,60.0,65.0,50.0,70.0,1,TP,2026-07-23 16:00:00+00:00,3.0,490.48,9.011443569554274,-6.011443569554274,TRAIN,0.5115603,0.6,False
SETUP_0617,2026-07-23 07:15:00+00:00,EURGBP,BUY,0.85389,0.8533996428571429,0.8553610714285715,0.0004903571428571674,0.1,7.0,1.0,0.7755855768296238,10.0,60.0,65.0,50.0,70.0,0,SL,2026-07-23 11:45:00+00:00,-1.0,20.39,4.158193736343565,-5.158193736343565,TRAIN,0.72008353,0.6,True
SETUP_1823,2026-07-23 07:30:00+00:00,XRPUSD,BUY,1.1332,1.1288,1.1463999999999999,0.0043999999999999595,0.8000000000001339,7.0,1.0,0.8576709796672828,10.0,60.0,65.0,50.0,70.0,0,SL,2026-07-23 10:00:00+00:00,-1.0,490.35,11.144318181818285,-12.144318181818285,TRAIN,0.5984034,0.6,False
SETUP_0452,2026-07-23 08:30:00+00:00,ETHUSD,BUY,1923.62,1914.3007142857143,1951.5778571428566,9.31928571428557,100.0,8.0,1.0,0.9113100081366966,100.0,60.0,65.0,50.0,70.0,0,SL,2026-07-23 10:00:00+00:00,-1.0,345.24,0.0037045757645436305,-1.0037045757645435,TRAIN,0.5642967,0.6,False
SETUP_1275,2026-07-23 09:00:00+00:00,USDCAD,SELL,1.40579,1.4070160714285713,1.4021117857142864,0.0012260714285712293,0.12000000000012001,9.0,1.0,1.11020025764141,10.0,60.0,65.0,50.0,70.0,0,SL,2026-07-23 10:45:00+00:00,-1.0,30.59,2.494960675794172,-3.494960675794172,TRAIN,0.4970793,0.6,False
SETUP_0618,2026-07-23 09:45:00+00:00,EURGBP,BUY,0.85401,0.8534435714285714,0.855709285714286,0.0005664285714286343,0.17000000000000348,9.0,1.0,1.280046902481923,10.0,60.0,65.0,50.0,70.0,0,SL,2026-07-23 11:45:00+00:00,-1.0,20.38,3.5979823455229294,-4.597982345522929,TRAIN,0.36345786,0.6,False
SETUP_0875,2026-07-23 09:45:00+00:00,GBPUSD,SELL,1.3376000000000001,1.3391260714285713,1.3330217857142865,0.0015260714285711963,0.42999999999993044,9.0,1.0,1.2485576731786894,10.0,60.0,65.0,50.0,70.0,1,TP,2026-07-23 16:00:00+00:00,3.0,23.19,1.5195881113973764,1.4804118886026236,TRAIN,0.5508323,0.6,False
SETUP_1116,2026-07-23 10:00:00+00:00,NZDUSD,SELL,0.58116,0.5822789285714285,0.5778032142857146,0.0011189285714284791,0.3500000000000725,10.0,1.0,2.119944211994421,10.0,60.0,65.0,50.0,70.0,1,TP,2026-07-23 15:15:00+00:00,3.0,28.34,2.532780082987761,0.4672199170122391,TRAIN,0.68659496,0.6,True
SETUP_1407,2026-07-23 10:00:00+00:00,USDCHF,BUY,0.81423,0.8132578571428571,0.8171464285714286,0.0009721428571428659,0.10999999999994348,10.0,1.0,1.7316017316017316,10.0,60.0,65.0,50.0,70.0,1,TP,2026-07-23 16:00:00+00:00,3.0,25.6,2.6333578251285585,0.36664217487144146,TRAIN,0.6771981,0.6,True
SETUP_1547,2026-07-23 10:00:00+00:00,USDJPY,BUY,163.122,163.0437142857143,163.3568571428572,0.07828571428572673,12.999999999976808,10.0,1.0,1.9234461243100553,64.99999999988404,60.0,65.0,50.0,70.0,1,TP,2026-07-23 10:45:00+00:00,3.0,25.04,0.03198540145984893,2.968014598540151,TRAIN,0.6089785,0.6,True
SETUP_0453,2026-07-23 10:15:00+00:00,ETHUSD,SELL,1914.24,1927.3621428571428,1874.8735714285717,13.122142857142762,100.0,10.0,1.0,1.2533572068039391,100.0,60.0,65.0,50.0,70.0,0,SL,2026-07-23 12:00:00+00:00,-1.0,345.91,0.002636078602144704,-1.0026360786021447,TRAIN,0.64982784,0.6,True
SETUP_1548,2026-07-23 10:15:00+00:00,USDJPY,BUY,163.155,163.0602857142857,163.4391428571429,0.09471428571430351,17.00000000002433,10.0,1.0,1.5325312463497254,85.00000000012164,60.0,65.0,50.0,70.0,1,TP,2026-07-23 14:30:00+00:00,3.0,24.94,0.026331825037702445,2.9736681749622975,TRAIN,0.6155652,0.6,True
SETUP_1824,2026-07-23 10:15:00+00:00,XRPUSD,SELL,1.131,1.1356928571428573,1.1169214285714282,0.004692857142857276,2.3999999999999577,10.0,1.0,1.3571845226521486,11.999999999999789,60.0,65.0,50.0,70.0,1,TP,2026-07-23 15:45:00+00:00,3.0,490.68,10.455890410958608,-7.455890410958608,TRAIN,0.6994968,0.6,True
SETUP_1408,2026-07-23 10:15:00+00:00,USDCHF,BUY,0.81474,0.8134175,0.8187075,0.0013225000000000042,0.2300000000000635,10.0,1.0,1.067751577548987,10.0,60.0,65.0,50.0,70.0,0,TIMEOUT,2026-07-23 20:15:00+00:00,-1.0,25.3,1.9130434782608636,-2.913043478260864,TRAIN,0.7571087,0.6,True
SETUP_0263,2026-07-23 10:15:00+00:00,BTCUSD,SELL,65431.8,65865.65357142857,64130.2392857143,433.8535714285681,100.0,10.0,1.0,1.3250883392226147,100.0,60.0,65.0,50.0,70.0,0,TIMEOUT,2026-07-23 20:15:00+00:00,-1.0,2250.0,0.05186081544958428,-1.0518608154495843,TRAIN,0.44691768,0.6,False
SETUP_1117,2026-07-23 10:30:00+00:00,NZDUSD,SELL,0.57986,0.5815353571428571,0.5748339285714289,0.001675357142857048,0.17000000000000348,10.0,1.0,1.1324359531046462,10.0,60.0,65.0,50.0,70.0,0,TIMEOUT,2026-07-23 20:30:00+00:00,-1.0,28.17,1.6814325303774138,-2.681432530377414,TRAIN,0.7571087,0.6,True
SETUP_1118,2026-07-23 10:45:00+00:00,NZDUSD,SELL,0.58025,0.5813889285714287,0.5768332142857142,0.0011389285714286101,0.36999999999998145,10.0,1.0,1.339655172413793,10.0,60.0,65.0,50.0,70.0,1,TP,2026-07-23 16:00:00+00:00,3.0,28.27,2.482157416117821,0.517842583882179,TRAIN,0.728467,0.6,True
SETUP_1549,2026-07-23 10:45:00+00:00,USDJPY,BUY,163.305,163.0972142857143,163.92835714285712,0.20778571428570558,21.000000000015007,10.0,1.0,3.427041499330656,100.0,60.0,65.0,50.0,70.0,1,TP,2026-07-23 16:45:00+00:00,3.0,25.63,0.012334822963218119,2.987665177036782,TRAIN,0.6199962,0.6,True
SETUP_1550,2026-07-23 11:00:00+00:00,USDJPY,BUY,163.371,163.12496428571427,164.10910714285723,0.246035714285739,26.999999999986812,11.0,1.0,1.9056946970756963,100.0,60.0,65.0,50.0,70.0,0,TIMEOUT,2026-07-23 21:00:00+00:00,-1.0,24.63,0.010010741762228636,-1.0100107417622286,TRAIN,0.4885714,0.6,False
SETUP_0876,2026-07-23 11:30:00+00:00,GBPUSD,SELL,1.33627,1.3378389285714285,1.3315632142857148,0.0015689285714284296,0.2500000000000835,11.0,1.0,1.3482545515283113,10.0,60.0,65.0,50.0,70.0,1,TP,2026-07-23 17:45:00+00:00,3.0,23.75,1.5137719098567268,1.4862280901432732,TRAIN,0.7234692,0.6,True
SETUP_0454,2026-07-23 11:30:00+00:00,ETHUSD,BUY,1923.95,1910.314285714286,1964.8571428571424,13.63571428571413,100.0,11.0,1.0,1.0588081888121006,100.0,60.0,65.0,50.0,70.0,0,SL,2026-07-23 15:30:00+00:00,-1.0,345.49,0.0025337139863803333,-1.0025337139863804,TRAIN,0.6114185,0.6,True
SETUP_0729,2026-07-23 11:30:00+00:00,EURUSD,SELL,1.14082,1.1426414285714286,1.135355714285714,0.0018214285714286405,0.220000000000109,11.0,1.0,1.713684487407115,10.0,60.0,65.0,50.0,70.0,0,TIMEOUT,2026-07-23 21:30:00+00:00,-1.0,19.52,1.0716862745097633,-2.071686274509763,TRAIN,0.68659496,0.6,True
SETUP_1119,2026-07-23 11:30:00+00:00,NZDUSD,SELL,0.57927,0.5805171428571428,0.5755285714285713,0.001247142857142891,0.17000000000000348,11.0,1.0,1.1417775587317232,10.0,60.0,65.0,50.0,70.0,0,TIMEOUT,2026-07-23 21:30:00+00:00,-1.0,28.25,2.265177548682642,-3.265177548682642,TRAIN,0.7571087,0.6,True
SETUP_0730,2026-07-23 11:45:00+00:00,EURUSD,SELL,1.14096,1.1420703571428572,1.1376289285714283,0.0011103571428572323,0.38000000000004697,11.0,1.0,1.5724596027336015,10.0,60.0,65.0,50.0,70.0,1,TP,2026-07-23 15:30:00+00:00,3.0,19.61,1.766098423930382,1.233901576069618,TRAIN,0.6978577,0.6,True
SETUP_0455,2026-07-23 11:45:00+00:00,ETHUSD,BUY,1924.64,1914.4085714285713,1955.3342857142864,10.23142857142875,100.0,11.0,1.0,0.8914375081454451,100.0,60.0,65.0,50.0,70.0,0,SL,2026-07-23 15:30:00+00:00,-1.0,345.32,0.0033750907567717922,-1.0033750907567718,TRAIN,0.64503175,0.6,True
SETUP_1825,2026-07-23 13:00:00+00:00,XRPUSD,SELL,1.1317,1.1349071428571427,1.1220785714285717,0.003207142857142742,0.9000000000001229,13.0,1.0,1.016679904686259,10.0,60.0,65.0,50.0,70.0,1,TP,2026-07-23 15:30:00+00:00,3.0,490.27,15.286815144766697,-12.286815144766697,TRAIN,0.7167479,0.6,True
SETUP_1120,2026-07-23 13:15:00+00:00,NZDUSD,SELL,0.57923,0.5799992857142857,0.5769221428571429,0.0007692857142856946,0.19999999999997797,13.0,1.0,0.6216281504146871,10.0,60.0,65.0,50.0,70.0,1,TP,2026-07-23 16:00:00+00:00,3.0,28.14,3.6579387186630465,-0.6579387186630465,TRAIN,0.714157,0.6,True
SETUP_0456,2026-07-23 13:30:00+00:00,ETHUSD,BUY,1928.0,1918.1932142857142,1957.4203571428573,9.806785714285752,100.0,13.0,1.0,0.9789844667797938,100.0,60.0,65.0,50.0,70.0,0,SL,2026-07-23 15:15:00+00:00,-1.0,345.56,0.0035236825813030202,-1.003523682581303,TRAIN,0.6422067,0.6,True
SETUP_1826,2026-07-23 13:30:00+00:00,XRPUSD,BUY,1.1328,1.1282571428571428,1.1464285714285716,0.004542857142857182,0.8000000000001339,13.0,1.0,0.8664546899841018,10.0,60.0,65.0,50.0,70.0,0,SL,2026-07-23 15:15:00+00:00,-1.0,490.32,10.793207547169718,-11.793207547169718,TRAIN,0.7096133,0.6,True
SETUP_0731,2026-07-23 14:30:00+00:00,EURUSD,SELL,1.13863,1.1408564285714287,1.1319507142857141,0.002226428571428629,0.38000000000004697,14.0,1.0,2.1531710801571506,10.0,60.0,65.0,50.0,70.0,0,TIMEOUT,2026-07-24 00:30:00+00:00,-1.0,19.72,0.8857234520371922,-1.8857234520371922,TRAIN,0.55290055,0.6,False
SETUP_0877,2026-07-23 14:30:00+00:00,GBPUSD,SELL,1.33449,1.3372057142857143,1.3263428571428568,0.002715714285714377,0.46999999999997044,14.0,1.0,1.6283247377875645,10.0,60.0,65.0,50.0,70.0,0,TIMEOUT,2026-07-24 00:30:00+00:00,-1.0,23.5,0.8653340347185402,-1.8653340347185403,TRAIN,0.46656588,0.6,False
SETUP_1551,2026-07-23 14:30:00+00:00,USDJPY,BUY,163.576,163.31685714285715,164.35342857142854,0.259142857142848,32.99999999998704,14.0,1.0,1.9442592345646086,100.0,60.0,65.0,50.0,70.0,0,TIMEOUT,2026-07-24 00:30:00+00:00,-1.0,25.27,0.009751378169790862,-1.0097513781697909,TRAIN,0.32222012,0.6,False
SETUP_1409,2026-07-23 14:30:00+00:00,USDCHF,BUY,0.81644,0.8147057142857143,0.8216428571428575,0.0017342857142857993,0.43999999999999595,14.0,1.0,1.662560870810656,10.0,60.0,65.0,50.0,70.0,0,TIMEOUT,2026-07-24 00:30:00+00:00,-1.0,25.49,1.4697693574958095,-2.4697693574958093,TRAIN,0.54667056,0.6,False
SETUP_1121,2026-07-23 14:30:00+00:00,NZDUSD,SELL,0.57819,0.5796053571428571,0.5739439285714286,0.001415357142857121,0.19999999999997797,14.0,1.0,1.6425350106812246,10.0,60.0,65.0,50.0,70.0,0,TIMEOUT,2026-07-24 00:30:00+00:00,-1.0,28.15,1.9888973000252639,-2.988897300025264,TRAIN,0.6140969,0.6,True
SETUP_0457,2026-07-23 15:30:00+00:00,ETHUSD,SELL,1902.84,1928.617857142857,1825.5064285714286,25.7778571428571,100.0,15.0,1.0,2.9313411597296337,100.0,60.0,65.0,50.0,70.0,0,TIMEOUT,2026-07-24 01:30:00+00:00,-1.0,346.23,0.0013431294854387786,-1.0013431294854387,TRAIN,0.18480007,0.6,False
SETUP_0264,2026-07-23 15:30:00+00:00,BTCUSD,SELL,65101.0,65626.21071428571,63525.36785714286,525.210714285713,100.0,15.0,1.0,2.0936069688468923,100.0,60.0,65.0,50.0,70.0,0,TIMEOUT,2026-07-24 01:30:00+00:00,-1.0,2250.0,0.04283994859206179,-1.0428399485920619,TRAIN,0.19674343,0.6,False
SETUP_0093,2026-07-23 15:30:00+00:00,AUDUSD,SELL,0.69748,0.6995339285714285,0.6913182142857145,0.0020539285714284983,0.6699999999999484,15.0,1.0,1.6511581864977232,10.0,60.0,65.0,50.0,70.0,0,TIMEOUT,2026-07-24 01:30:00+00:00,-1.0,24.03,1.1699530516432342,-2.169953051643234,TRAIN,0.20585157,0.6,False
SETUP_0985,2026-07-23 15:30:00+00:00,GOLD,SELL,4069.05,4089.7650000000003,4006.9049999999997,20.715000000000146,61.60000000000309,15.0,1.0,1.5577963544797706,100.0,60.0,65.0,50.0,70.0,0,TIMEOUT,2026-07-24 02:30:00+00:00,-1.0,29.78,0.014376055998068932,-1.014376055998069,TRAIN,0.2859812,0.6,False
SETUP_1410,2026-07-23 15:30:00+00:00,USDCHF,BUY,0.81696,0.8153467857142858,0.8217996428571428,0.0016132142857142595,0.34000000000000696,15.0,1.0,1.454005934718101,10.0,60.0,65.0,50.0,70.0,0,SL,2026-07-24 00:00:00+00:00,-1.0,25.67,1.591233119327013,-2.591233119327013,TRAIN,0.26350433,0.6,False
SETUP_1122,2026-07-23 15:30:00+00:00,NZDUSD,SELL,0.57723,0.5788378571428572,0.5724064285714285,0.0016078571428571609,0.19999999999997797,15.0,1.0,1.7900670322973797,10.0,60.0,65.0,50.0,70.0,0,TIMEOUT,2026-07-24 01:30:00+00:00,-1.0,28.36,1.7638382940914952,-2.763838294091495,TRAIN,0.33439386,0.6,False
SETUP_0732,2026-07-23 15:30:00+00:00,EURUSD,SELL,1.13774,1.1397614285714284,1.1316757142857148,0.0020214285714283964,0.4499999999998394,15.0,1.0,1.5856523310444526,10.0,60.0,65.0,50.0,70.0,0,TIMEOUT,2026-07-24 01:30:00+00:00,-1.0,19.54,0.9666431095407197,-1.9666431095407197,TRAIN,0.34167084,0.6,False
SETUP_1827,2026-07-23 15:30:00+00:00,XRPUSD,SELL,1.1201,1.1319035714285715,1.084689285714286,0.011803571428571358,1.6000000000000458,15.0,1.0,2.5977011494252875,10.0,60.0,65.0,50.0,70.0,0,TIMEOUT,2026-07-24 01:30:00+00:00,-1.0,490.8,4.158063540090797,-5.158063540090797,TRAIN,0.112865716,0.6,False
SETUP_1662,2026-07-23 15:30:00+00:00,XAUUSD,SELL,4069.05,4089.7650000000003,4006.9049999999997,20.715000000000146,61.60000000000309,15.0,1.0,1.5538132573057735,100.0,60.0,65.0,50.0,70.0,0,TIMEOUT,2026-07-24 02:30:00+00:00,-1.0,29.78,0.014376055998068932,-1.014376055998069,TRAIN,0.2859812,0.6,False
SETUP_1552,2026-07-23 15:30:00+00:00,USDJPY,BUY,163.7,163.40239285714284,164.59282142857143,0.29760714285714585,65.00000000002615,15.0,1.0,1.5174403802087753,100.0,60.0,65.0,50.0,70.0,0,TIMEOUT,2026-07-24 01:30:00+00:00,-1.0,25.45,0.008551542061682382,-1.0085515420616824,TRAIN,0.3022038,0.6,False
SETUP_0458,2026-07-23 15:45:00+00:00,ETHUSD,SELL,1902.77,1925.207857142857,1835.4564285714291,22.437857142856956,100.0,15.0,1.0,2.679703449016869,100.0,60.0,65.0,50.0,70.0,0,TIMEOUT,2026-07-24 01:45:00+00:00,-1.0,345.97,0.0015419030337758383,-1.0015419030337758,TRAIN,0.18480007,0.6,False
SETUP_1828,2026-07-23 15:45:00+00:00,XRPUSD,SELL,1.1194,1.132542857142857,1.0799714285714286,0.013142857142857123,5.199999999999871,15.0,1.0,2.123324396782842,25.999999999999357,60.0,65.0,50.0,70.0,0,TIMEOUT,2026-07-24 01:45:00+00:00,-1.0,490.67,3.7333586956521803,-4.73335869565218,TRAIN,0.17573899,0.6,False
SETUP_0094,2026-07-23 15:45:00+00:00,AUDUSD,SELL,0.69777,0.6993264285714286,0.6931007142857143,0.0015564285714285697,0.18999999999991246,15.0,1.0,1.5153597016390226,10.0,60.0,65.0,50.0,70.0,0,TIMEOUT,2026-07-24 01:45:00+00:00,-1.0,23.77,1.5272143184947242,-2.527214318494724,TRAIN,0.4327408,0.6,False
SETUP_0265,2026-07-23 15:45:00+00:00,BTCUSD,SELL,65150.2,65565.88214285714,63903.15357142857,415.682142857142,100.0,15.0,1.0,1.9383011691787577,100.0,60.0,65.0,50.0,70.0,0,TIMEOUT,2026-07-24 01:45:00+00:00,-1.0,2250.0,0.054127896486841874,-1.054127896486842,TRAIN,0.19674343,0.6,False
SETUP_1553,2026-07-23 15:45:00+00:00,USDJPY,BUY,163.663,163.41289285714285,164.4133214285715,0.2501071428571606,56.000000000011596,15.0,1.0,1.833561175666439,100.0,60.0,65.0,50.0,70.0,0,TIMEOUT,2026-07-24 01:45:00+00:00,-1.0,24.81,0.009919748679136808,-1.009919748679137,TRAIN,0.19550778,0.6,False
SETUP_1829,2026-07-23 16:15:00+00:00,XRPUSD,SELL,1.1109,1.1239107142857143,1.071867857142857,0.01301071428571432,3.2000000000000917,16.0,1.0,1.7185962610692032,16.00000000000046,60.0,65.0,50.0,70.0,0,TIMEOUT,2026-07-24 02:15:00+00:00,-1.0,490.73,3.771737578918464,-4.771737578918464,TRAIN,0.23669101,0.6,False
SETUP_0095,2026-07-23 16:15:00+00:00,AUDUSD,SELL,0.69715,0.6981578571428572,0.6941264285714287,0.001007857142857116,0.2300000000000635,16.0,1.0,1.6028526855359928,10.0,60.0,65.0,50.0,70.0,0,TIMEOUT,2026-07-24 02:15:00+00:00,-1.0,23.54,2.3356484762580356,-3.3356484762580356,TRAIN,0.32047006,0.6,False
SETUP_1554,2026-07-23 16:15:00+00:00,USDJPY,BUY,163.777,163.59039285714286,164.33682142857137,0.18660714285712743,51.9999999999925,16.0,1.0,1.3229931972789115,100.0,60.0,65.0,50.0,70.0,0,TIMEOUT,2026-07-24 02:15:00+00:00,-1.0,24.23,0.012984497607656577,-1.0129844976076565,TRAIN,0.30655387,0.6,False
SETUP_0986,2026-07-23 17:00:00+00:00,GOLD,SELL,4047.92,4073.258214285714,3971.905357142858,25.338214285714002,40.0,17.0,1.0,1.4491833285083253,100.0,60.0,65.0,50.0,70.0,0,TIMEOUT,2026-07-24 04:00:00+00:00,-1.0,30.19,0.011914809646637764,-1.0119148096466377,TRAIN,0.21872596,0.6,False
SETUP_1555,2026-07-23 17:00:00+00:00,USDJPY,BUY,163.884,163.6670357142857,164.53489285714284,0.21696428571428328,37.00000000000614,17.0,1.0,1.1777029554807332,100.0,60.0,65.0,50.0,70.0,0,TIMEOUT,2026-07-24 03:00:00+00:00,-1.0,24.13,0.011121646090535106,-1.011121646090535,TRAIN,0.43813732,0.6,False
SETUP_1663,2026-07-23 17:00:00+00:00,XAUUSD,SELL,4047.92,4073.258214285714,3971.905357142858,25.338214285714002,40.0,17.0,1.0,1.4491833285083253,100.0,60.0,65.0,50.0,70.0,0,TIMEOUT,2026-07-24 04:00:00+00:00,-1.0,30.19,0.011914809646637764,-1.0119148096466377,TRAIN,0.21872596,0.6,False
SETUP_1276,2026-07-23 17:15:00+00:00,USDCAD,BUY,1.4086699999999999,1.4067757142857142,1.4143528571428567,0.0018942857142856262,0.29999999999996696,17.0,1.0,1.6595501462528996,10.0,60.0,65.0,50.0,70.0,0,TIMEOUT,2026-07-24 03:15:00+00:00,-1.0,28.37,1.4976621417798586,-2.4976621417798586,TRAIN,0.32047006,0.6,False
SETUP_0619,2026-07-23 18:00:00+00:00,EURGBP,BUY,0.85389,0.852885,0.8569050000000001,0.0010050000000000336,0.14999999999998348,18.0,1.0,1.10760336236735,10.0,60.0,65.0,50.0,70.0,0,TIMEOUT,2026-07-24 04:00:00+00:00,-1.0,20.12,2.001990049751177,-3.001990049751177,TRAIN,0.25705504,0.6,False
SETUP_0266,2026-07-23 18:00:00+00:00,BTCUSD,SELL,64758.7,65299.087499999994,63137.537500000006,540.3874999999971,100.0,18.0,1.0,1.2840158520475562,100.0,60.0,65.0,50.0,70.0,0,TIMEOUT,2026-07-24 04:00:00+00:00,-1.0,2250.0,0.041636788415720424,-1.0416367884157205,TRAIN,0.20637259,0.6,False
SETUP_1830,2026-07-23 18:00:00+00:00,XRPUSD,SELL,1.1029,1.1156964285714286,1.0645107142857142,0.012796428571428597,2.6000000000001577,18.0,1.0,1.4054797661355038,13.000000000000789,60.0,65.0,50.0,70.0,0,TIMEOUT,2026-07-24 04:00:00+00:00,-1.0,490.57,3.8336477811889402,-4.83364778118894,TRAIN,0.1417778,0.6,False
SETUP_0620,2026-07-23 18:30:00+00:00,EURGBP,BUY,0.8545,0.8534014285714286,0.8577957142857142,0.0010985714285713932,0.47000000000008146,18.0,1.0,1.146236559139785,10.0,60.0,65.0,50.0,70.0,0,SL,2026-07-24 00:00:00+00:00,-1.0,20.32,1.8496749024708008,-2.8496749024708006,TRAIN,0.23763305,0.6,False
SETUP_1411,2026-07-23 18:30:00+00:00,USDCHF,BUY,0.8172,0.8154964285714286,0.8223107142857145,0.001703571428571471,0.24999999999997247,18.0,1.0,1.2118051934508292,10.0,60.0,65.0,50.0,70.0,0,SL,2026-07-24 00:00:00+00:00,-1.0,25.61,1.5033123689727088,-2.5033123689727086,TRAIN,0.22893128,0.6,False
SETUP_1277,2026-07-23 20:00:00+00:00,USDCAD,SELL,1.40774,1.4088007142857144,1.4045578571428567,0.0010607142857144147,0.32999999999994145,20.0,1.0,0.683634714585341,10.0,60.0,65.0,50.0,70.0,0,TIMEOUT,2026-07-24 06:00:00+00:00,-1.0,28.36,2.6736700336697083,-3.6736700336697083,TRAIN,0.2557172,0.6,False
SETUP_1412,2026-07-23 20:45:00+00:00,USDCHF,BUY,0.81714,0.8159028571428572,0.8208514285714285,0.0012371428571428256,0.21999999999999797,20.0,1.0,0.5,10.0,60.0,65.0,50.0,70.0,0,SL,2026-07-24 00:00:00+00:00,-1.0,25.9,2.0935334872979747,-3.0935334872979747,TRAIN,0.2557172,0.6,False
SETUP_1123,2026-07-23 20:45:00+00:00,NZDUSD,SELL,0.57686,0.5777260714285714,0.5742617857142861,0.0008660714285713134,0.140000000000029,20.0,1.0,0.6412321320716731,10.0,60.0,65.0,50.0,70.0,0,SL,2026-07-24 03:30:00+00:00,-1.0,28.45,3.2849484536086844,-4.284948453608685,TRAIN,0.37772977,0.6,False
SETUP_0096,2026-07-23 20:45:00+00:00,AUDUSD,SELL,0.69681,0.6977885714285714,0.6938742857142859,0.0009785714285713842,0.19999999999997797,20.0,1.0,0.5,10.0,60.0,65.0,50.0,70.0,0,SL,2026-07-24 04:30:00+00:00,-1.0,23.93,2.4454014598541254,-3.4454014598541254,TRAIN,0.27525878,0.6,False
SETUP_1831,2026-07-23 21:00:00+00:00,XRPUSD,SELL,1.1025,1.1096249999999999,1.0811250000000006,0.007124999999999826,2.0000000000000018,21.0,1.0,0.7426012886316479,10.000000000000009,60.0,65.0,50.0,70.0,0,SL,2026-07-23 23:15:00+00:00,-1.0,490.38,6.882526315789643,-7.882526315789643,TRAIN,0.35292974,0.6,False
SETUP_0459,2026-07-23 21:00:00+00:00,ETHUSD,SELL,1877.37,1894.2925,1826.6024999999995,16.922500000000127,100.0,21.0,1.0,0.8439624655840872,100.0,60.0,65.0,50.0,70.0,0,TIMEOUT,2026-07-24 07:00:00+00:00,-1.0,345.75,0.0020431378342443338,-1.0020431378342443,TRAIN,0.3787384,0.6,False
SETUP_1278,2026-07-24 00:00:00+00:00,USDCAD,SELL,1.40755,1.4089457142857142,1.4033628571428576,0.0013957142857141669,0.25999999999992696,0.0,1.0,0.5,10.0,60.0,65.0,50.0,70.0,0,TIMEOUT,2026-07-24 10:00:00+00:00,-1.0,146.21,10.475639713409286,-11.475639713409286,TRAIN,0.073021576,0.6,False
SETUP_0733,2026-07-24 00:00:00+00:00,EURUSD,SELL,1.13741,1.1380675,1.1354375,0.0006574999999999775,0.17999999999984695,0.0,1.0,0.5,10.0,60.0,65.0,50.0,70.0,0,SL,2026-07-24 03:45:00+00:00,-1.0,86.46,13.149809885932006,-14.149809885932006,TRAIN,0.073021576,0.6,False
SETUP_1279,2026-07-24 00:15:00+00:00,USDCAD,SELL,1.40759,1.4087539285714286,1.404098214285714,0.001163928571428663,0.3300000000001635,0.0,1.0,0.5,10.0,60.0,65.0,50.0,70.0,0,TIMEOUT,2026-07-24 10:15:00+00:00,-1.0,125.46,10.779011966860153,-11.779011966860153,TRAIN,0.073021576,0.6,False
SETUP_1556,2026-07-24 01:15:00+00:00,USDJPY,BUY,163.829,163.71132142857144,164.18203571428572,0.11767857142856997,27.000000000015234,1.0,1.0,0.5,100.0,60.0,65.0,50.0,70.0,0,SL,2026-07-24 10:00:00+00:00,-1.0,31.45,0.026725341426403974,-1.026725341426404,TRAIN,0.2968413,0.6,False
SETUP_1832,2026-07-24 02:45:00+00:00,XRPUSD,SELL,1.1054,1.1097571428571429,1.092328571428571,0.004357142857142948,0.8999999999999009,2.0,1.0,0.948876839659179,10.0,60.0,65.0,50.0,70.0,0,SL,2026-07-24 06:45:00+00:00,-1.0,490.19,11.250262295081733,-12.250262295081733,TRAIN,0.5735118,0.6,False
SETUP_0460,2026-07-24 03:00:00+00:00,ETHUSD,SELL,1872.69,1884.472142857143,1837.3435714285715,11.782142857142844,100.0,3.0,1.0,1.2887185330985187,100.0,60.0,65.0,50.0,70.0,0,SL,2026-07-24 09:15:00+00:00,-1.0,345.71,0.002934186117005156,-1.0029341861170051,TRAIN,0.34480885,0.6,False
SETUP_0267,2026-07-24 03:00:00+00:00,BTCUSD,SELL,64917.7,65253.44285714286,63910.471428571414,335.7428571428609,100.0,3.0,1.0,1.3439669177374094,100.0,60.0,65.0,50.0,70.0,0,SL,2026-07-24 06:00:00+00:00,-1.0,2250.0,0.0670155731427105,-1.0670155731427104,TRAIN,0.4369897,0.6,False
SETUP_0268,2026-07-24 03:15:00+00:00,BTCUSD,SELL,64866.5,65231.82142857143,63770.53571428572,365.32142857142753,100.0,3.0,1.0,1.1083345582831106,100.0,60.0,65.0,50.0,70.0,0,SL,2026-07-24 06:00:00+00:00,-1.0,2250.0,0.06158959820119286,-1.061589598201193,TRAIN,0.50115466,0.6,False
SETUP_1280,2026-07-24 03:15:00+00:00,USDCAD,SELL,1.40746,1.4087153571428572,1.403693928571428,0.001255357142857294,0.5199999999998539,3.0,1.0,3.5128093790707773,10.0,60.0,65.0,50.0,70.0,0,TIMEOUT,2026-07-24 13:15:00+00:00,-1.0,30.9,2.4614509246085228,-3.4614509246085228,TRAIN,0.26022553,0.6,False
SETUP_1281,2026-07-24 04:00:00+00:00,USDCAD,SELL,1.4069099999999999,1.407779642857143,1.4043010714285706,0.0008696428571430825,0.35999999999991594,4.0,1.0,3.732243988487606,10.0,60.0,65.0,50.0,70.0,0,SL,2026-07-24 06:00:00+00:00,-1.0,30.48,3.504887063654123,-4.504887063654123,TRAIN,0.37923694,0.6,False
SETUP_1664,2026-07-24 04:15:00+00:00,XAUUSD,SELL,4042.69,4052.8532142857143,4012.2003571428572,10.163214285714275,24.099999999998545,4.0,1.0,1.8788169464428457,100.0,60.0,65.0,50.0,70.0,0,SL,2026-07-24 10:30:00+00:00,-1.0,31.4,0.030895737428400776,-1.0308957374284007,TRAIN,0.35245094,0.6,False
SETUP_0987,2026-07-24 04:15:00+00:00,GOLD,SELL,4042.69,4052.8532142857143,4012.2003571428572,10.163214285714275,24.099999999998545,4.0,1.0,1.8788169464428457,100.0,60.0,65.0,50.0,70.0,0,SL,2026-07-24 10:30:00+00:00,-1.0,31.4,0.030895737428400776,-1.0308957374284007,TRAIN,0.35245094,0.6,False
SETUP_0878,2026-07-24 06:00:00+00:00,GBPUSD,SELL,1.33109,1.3323567857142857,1.3272896428571432,0.0012667857142856231,0.38000000000004697,6.0,1.0,1.0699862608768058,10.0,60.0,65.0,50.0,70.0,0,SL,2026-07-24 09:30:00+00:00,-1.0,25.27,1.9948125176206681,-2.994812517620668,TRAIN,0.50579506,0.6,False
SETUP_0734,2026-07-24 06:00:00+00:00,EURUSD,SELL,1.13774,1.1388375,1.1344475,0.0010974999999999735,0.280000000000058,6.0,1.0,0.8039532452722608,10.0,60.0,65.0,50.0,70.0,0,SL,2026-07-24 10:00:00+00:00,-1.0,19.77,1.8013667425968545,-2.8013667425968545,TRAIN,0.72008353,0.6,True
SETUP_1413,2026-07-24 06:00:00+00:00,USDCHF,BUY,0.81719,0.8161775,0.8202274999999999,0.0010124999999999718,0.27999999999994696,6.0,1.0,0.842280482729921,10.0,60.0,65.0,50.0,70.0,0,SL,2026-07-24 10:00:00+00:00,-1.0,26.41,2.608395061728468,-3.608395061728468,TRAIN,0.67360085,0.6,True
SETUP_0988,2026-07-24 06:00:00+00:00,GOLD,SELL,4031.75,4051.8685714285716,3971.394285714285,20.118571428571613,90.59999999999945,6.0,1.0,1.2924108702233192,100.0,60.0,65.0,50.0,70.0,0,SL,2026-07-24 10:30:00+00:00,-1.0,30.98,0.015398707661719664,-1.0153987076617197,TRAIN,0.3293345,0.6,False
SETUP_1665,2026-07-24 06:00:00+00:00,XAUUSD,SELL,4031.75,4051.8685714285716,3971.394285714285,20.118571428571613,90.59999999999945,6.0,1.0,1.2924108702233192,100.0,60.0,65.0,50.0,70.0,0,SL,2026-07-24 10:30:00+00:00,-1.0,30.98,0.015398707661719664,-1.0153987076617197,VALIDATION,0.3293345,0.6,False
SETUP_1557,2026-07-24 06:15:00+00:00,USDJPY,BUY,163.848,163.70589285714286,164.27432142857148,0.14210714285715653,32.00000000001069,6.0,1.0,0.6970988030026375,100.0,60.0,65.0,50.0,70.0,0,SL,2026-07-24 10:00:00+00:00,-1.0,24.69,0.01737421462678898,-1.017374214626789,VALIDATION,0.63264567,0.6,True
SETUP_0735,2026-07-24 06:15:00+00:00,EURUSD,SELL,1.13779,1.1385917857142855,1.1353846428571437,0.0008017857142854634,0.12999999999996348,6.0,1.0,0.8892196074783741,10.0,60.0,65.0,50.0,70.0,0,SL,2026-07-24 10:00:00+00:00,-1.0,19.63,2.448285077951768,-3.448285077951768,VALIDATION,0.5782705,0.6,False
SETUP_1414,2026-07-24 06:15:00+00:00,USDCHF,BUY,0.81721,0.8164439285714286,0.8195082142857143,0.0007660714285714354,0.10999999999994348,6.0,1.0,0.7267965297102635,10.0,60.0,65.0,50.0,70.0,0,SL,2026-07-24 10:00:00+00:00,-1.0,26.55,3.4657342657342354,-4.465734265734236,VALIDATION,0.72008353,0.6,True
SETUP_1833,2026-07-24 07:15:00+00:00,XRPUSD,SELL,1.1063,1.1109857142857142,1.0922428571428575,0.004685714285714182,1.000000000000112,7.0,1.0,0.826997960318932,10.0,60.0,65.0,50.0,70.0,0,SL,2026-07-24 09:30:00+00:00,-1.0,490.37,10.465213414634379,-11.465213414634379,VALIDATION,0.7214284,0.6,True
SETUP_1282,2026-07-24 07:30:00+00:00,USDCAD,BUY,1.40812,1.4073382142857143,1.4104653571428574,0.0007817857142857765,0.180000000000069,7.0,1.0,0.7928697428279641,10.0,60.0,65.0,50.0,70.0,0,SL,2026-07-24 09:30:00+00:00,-1.0,30.81,3.940977615349161,-4.940977615349161,VALIDATION,0.72008353,0.6,True
SETUP_0879,2026-07-24 07:45:00+00:00,GBPUSD,SELL,1.3309199999999999,1.33155,1.3290299999999995,0.0006300000000001305,0.16000000000016001,7.0,1.0,0.6560244915810189,10.0,60.0,65.0,50.0,70.0,0,SL,2026-07-24 08:30:00+00:00,-1.0,24.94,3.958730158729339,-4.958730158729339,VALIDATION,0.6585166,0.6,True
SETUP_1283,2026-07-24 07:45:00+00:00,USDCAD,BUY,1.4080599999999999,1.4073732142857143,1.4101203571428567,0.0006867857142855982,0.1900000000001345,7.0,1.0,0.7270063635947442,10.0,60.0,65.0,50.0,70.0,0,SL,2026-07-24 09:30:00+00:00,-1.0,30.52,4.443889755590975,-5.443889755590975,VALIDATION,0.72008353,0.6,True
SETUP_0097,2026-07-24 07:45:00+00:00,AUDUSD,SELL,0.6972,0.6977639285714285,0.6955082142857145,0.0005639285714285069,0.1500000000000945,7.0,1.0,0.7597692391422662,10.0,60.0,65.0,50.0,70.0,0,SL,2026-07-24 08:30:00+00:00,-1.0,24.3,4.309056364788334,-5.309056364788334,VALIDATION,0.72008353,0.6,True
SETUP_1415,2026-07-24 07:45:00+00:00,USDCHF,BUY,0.81728,0.8166214285714286,0.8192557142857142,0.0006585714285713973,0.2300000000000635,7.0,1.0,0.6505408653846153,10.0,60.0,65.0,50.0,70.0,0,SL,2026-07-24 09:15:00+00:00,-1.0,26.24,3.984381778742055,-4.984381778742055,VALIDATION,0.6585166,0.6,True
SETUP_1124,2026-07-24 07:45:00+00:00,NZDUSD,SELL,0.57731,0.5780292857142857,0.5751521428571429,0.0007192857142857001,0.22999999999995246,7.0,1.0,0.7314897413024085,10.0,60.0,65.0,50.0,70.0,0,SL,2026-07-24 09:15:00+00:00,-1.0,28.25,3.927507447865023,-4.927507447865024,VALIDATION,0.72008353,0.6,True
SETUP_0736,2026-07-24 07:45:00+00:00,EURUSD,SELL,1.13781,1.1384385714285714,1.1359242857142857,0.0006285714285714228,0.13999999999980695,7.0,1.0,0.6055900621118012,10.0,60.0,65.0,50.0,70.0,0,SL,2026-07-24 09:15:00+00:00,-1.0,19.82,3.1531818181818476,-4.153181818181848,VALIDATION,0.6585166,0.6,True
SETUP_1284,2026-07-24 08:15:00+00:00,USDCAD,SELL,1.40775,1.4083664285714286,1.4059007142857145,0.0006164285714285178,0.1100000000000545,8.0,1.0,1.2447703661918863,10.0,60.0,65.0,50.0,70.0,0,SL,2026-07-24 12:30:00+00:00,-1.0,30.79,4.994901506373552,-5.994901506373552,VALIDATION,0.5446088,0.6,False
SETUP_1125,2026-07-24 09:00:00+00:00,NZDUSD,SELL,0.57743,0.57802,0.5756600000000001,0.0005899999999999794,0.1,9.0,1.0,1.1059608034479953,10.0,60.0,65.0,50.0,70.0,0,SL,2026-07-24 09:15:00+00:00,-1.0,28.35,4.80508474576288,-5.80508474576288,VALIDATION,0.4970793,0.6,False
SETUP_1285,2026-07-24 09:30:00+00:00,USDCAD,SELL,1.40741,1.4084621428571429,1.4042535714285715,0.0010521428571428348,0.39999999999995595,9.0,1.0,0.7053812590899646,10.0,60.0,65.0,50.0,70.0,0,SL,2026-07-24 12:30:00+00:00,-1.0,30.71,2.9188051595384192,-3.9188051595384192,VALIDATION,0.6641433,0.6,True
SETUP_0098,2026-07-24 10:00:00+00:00,AUDUSD,BUY,0.69851,0.6976017857142857,0.7012346428571429,0.0009082142857143038,0.1500000000000945,10.0,1.0,1.5947843530591774,10.0,60.0,65.0,50.0,70.0,0,SL,2026-07-24 15:30:00+00:00,-1.0,24.08,2.651356665355826,-3.651356665355826,VALIDATION,0.68659496,0.6,True
SETUP_0737,2026-07-24 10:15:00+00:00,EURUSD,BUY,1.13961,1.1380092857142858,1.1444121428571425,0.0016007142857141776,0.320000000000098,10.0,1.0,1.813683671728374,10.0,60.0,65.0,50.0,70.0,0,SL,2026-07-24 13:45:00+00:00,-1.0,19.71,1.2313253012049026,-2.231325301204903,VALIDATION,0.68659496,0.6,True
SETUP_0269,2026-07-24 10:15:00+00:00,BTCUSD,BUY,65635.6,65363.99285714286,66450.42142857144,271.60714285714494,100.0,10.0,1.0,1.4929577464788732,100.0,60.0,65.0,50.0,70.0,0,SL,2026-07-24 10:30:00+00:00,-1.0,2250.0,0.0828402366863899,-1.0828402366863898,VALIDATION,0.34292832,0.6,False
SETUP_1286,2026-07-24 10:15:00+00:00,USDCAD,SELL,1.40676,1.4078203571428571,1.4035789285714286,0.0010603571428571268,0.12999999999996348,10.0,1.0,0.991769760339562,10.0,60.0,65.0,50.0,70.0,0,SL,2026-07-24 11:45:00+00:00,-1.0,30.11,2.8396092960593227,-3.8396092960593227,VALIDATION,0.76062155,0.6,True
SETUP_1834,2026-07-24 10:45:00+00:00,XRPUSD,SELL,1.1116,1.120107142857143,1.0860785714285708,0.008507142857143046,2.7999999999999137,10.0,1.0,0.927753651796289,13.999999999999568,60.0,65.0,50.0,70.0,1,TP,2026-07-24 17:15:00+00:00,3.0,490.38,5.764332493702643,-2.764332493702643,VALIDATION,0.76960725,0.6,True
SETUP_0270,2026-07-24 12:00:00+00:00,BTCUSD,SELL,65036.8,65524.18571428572,63574.642857142855,487.38571428571595,100.0,12.0,1.0,1.4330218068535825,100.0,60.0,65.0,50.0,70.0,0,TIMEOUT,2026-07-24 22:00:00+00:00,-1.0,2250.0,0.04616466864026716,-1.0461646686402672,VALIDATION,0.34662798,0.6,False
SETUP_0880,2026-07-24 12:00:00+00:00,GBPUSD,SELL,1.33141,1.3337839285714286,1.3242882142857142,0.0023739285714285963,0.3699999999997594,12.0,1.0,1.084221381918185,10.0,60.0,65.0,50.0,70.0,0,SL,2026-07-24 18:00:00+00:00,-1.0,23.56,0.9924477207762796,-1.9924477207762796,VALIDATION,0.71309704,0.6,True
SETUP_0621,2026-07-24 12:00:00+00:00,EURGBP,BUY,0.85495,0.8537010714285714,0.8586967857142856,0.0012489285714285536,0.14999999999998348,12.0,1.0,1.2114049342591224,10.0,60.0,65.0,50.0,70.0,0,SL,2026-07-24 14:45:00+00:00,-1.0,20.2,1.617386331141001,-2.617386331141001,VALIDATION,0.6936439,0.6,True
SETUP_1835,2026-07-24 12:15:00+00:00,XRPUSD,SELL,1.1069,1.112925,1.0888250000000002,0.006024999999999947,1.8000000000000238,12.0,1.0,1.1194620253164556,10.0,60.0,65.0,50.0,70.0,1,TP,2026-07-24 16:45:00+00:00,3.0,490.18,8.135767634854844,-5.135767634854844,VALIDATION,0.70388484,0.6,True
SETUP_0271,2026-07-24 12:15:00+00:00,BTCUSD,SELL,64958.8,65523.525,63264.62500000001,564.7249999999985,100.0,12.0,1.0,1.3800086792998698,100.0,60.0,65.0,50.0,70.0,0,TIMEOUT,2026-07-24 22:15:00+00:00,-1.0,2250.0,0.03984240116871054,-1.0398424011687106,VALIDATION,0.34662798,0.6,False
SETUP_0622,2026-07-24 12:15:00+00:00,EURGBP,BUY,0.85486,0.8539482142857142,0.8575953571428572,0.00091178571428574,0.39999999999995595,12.0,1.0,1.1691471093302805,10.0,60.0,65.0,50.0,70.0,0,SL,2026-07-24 14:45:00+00:00,-1.0,20.23,2.2187230708969214,-3.2187230708969214,VALIDATION,0.7021788,0.6,True
SETUP_0461,2026-07-24 12:15:00+00:00,ETHUSD,SELL,1880.85,1894.7257142857143,1839.2228571428568,13.875714285714366,100.0,12.0,1.0,1.2992841115503793,100.0,60.0,65.0,50.0,70.0,0,TIMEOUT,2026-07-24 22:15:00+00:00,-1.0,345.69,0.002491331205600727,-1.0024913312056007,VALIDATION,0.45096925,0.6,False
SETUP_0272,2026-07-24 13:15:00+00:00,BTCUSD,SELL,65006.3,65208.43928571429,64399.88214285715,202.1392857142855,100.0,13.0,1.0,0.8974358974358974,100.0,60.0,65.0,50.0,70.0,1,TP,2026-07-24 16:00:00+00:00,3.0,2250.0,0.11130938709164484,2.888690612908355,VALIDATION,0.6607026,0.6,True
SETUP_1836,2026-07-24 13:15:00+00:00,XRPUSD,SELL,1.1032,1.1091714285714285,1.0852857142857144,0.0059714285714285165,2.0000000000000018,13.0,1.0,0.8855505040521843,10.000000000000009,60.0,65.0,50.0,70.0,1,TP,2026-07-24 17:30:00+00:00,3.0,490.07,8.206913875598161,-5.206913875598161,VALIDATION,0.72202975,0.6,True
SETUP_1287,2026-07-24 13:30:00+00:00,USDCAD,SELL,1.40746,1.4082714285714286,1.4050257142857139,0.0008114285714286851,0.1900000000001345,13.0,1.0,0.8739548824735762,10.0,60.0,65.0,50.0,70.0,0,SL,2026-07-24 14:15:00+00:00,-1.0,29.51,3.6367957746473785,-4.6367957746473785,VALIDATION,0.7175842,0.6,True
SETUP_1558,2026-07-24 13:45:00+00:00,USDJPY,BUY,163.779,163.6649285714286,164.12121428571422,0.11407142857140684,25.000000000005684,13.0,1.0,0.7802731305228598,100.0,60.0,65.0,50.0,70.0,0,SL,2026-07-24 18:00:00+00:00,-1.0,24.95,0.021872260488419948,-1.0218722604884198,VALIDATION,0.7730981,0.6,True
SETUP_1288,2026-07-24 14:00:00+00:00,USDCAD,BUY,1.40787,1.406935,1.4106749999999997,0.0009349999999999081,0.16000000000016001,14.0,1.0,0.9572201278478938,10.0,60.0,65.0,50.0,70.0,1,TP,2026-07-24 16:00:00+00:00,3.0,29.61,3.1668449197864077,-0.1668449197864077,VALIDATION,0.7175842,0.6,True
SETUP_1289,2026-07-24 14:30:00+00:00,USDCAD,BUY,1.4083999999999999,1.4073942857142858,1.411417142857142,0.0010057142857140544,0.2900000000001235,14.0,1.0,0.7320188836434324,10.0,60.0,65.0,50.0,70.0,0,SL,2026-07-24 18:00:00+00:00,-1.0,28.67,2.850710227273383,-3.850710227273383,VALIDATION,0.76920813,0.6,True
SETUP_1416,2026-07-24 14:45:00+00:00,USDCHF,BUY,0.81751,0.8162482142857144,0.8212953571428567,0.0012617857142855904,0.38000000000004697,14.0,1.0,1.2987346650395015,10.0,60.0,65.0,50.0,70.0,0,SL,2026-07-24 18:15:00+00:00,-1.0,25.15,1.9932069063121118,-2.993206906312112,VALIDATION,0.4986651,0.6,False
SETUP_0623,2026-07-24 15:30:00+00:00,EURGBP,BUY,0.85409,0.8533907142857143,0.8561878571428571,0.0006992857142856801,0.24000000000001798,15.0,1.0,1.058893515764426,10.0,60.0,65.0,50.0,70.0,0,SL,2026-07-24 16:45:00+00:00,-1.0,20.12,2.877221654749886,-3.877221654749886,VALIDATION,0.47385812,0.6,False
SETUP_0099,2026-07-24 15:30:00+00:00,AUDUSD,SELL,0.69752,0.6989685714285714,0.693174285714286,0.0014485714285713547,0.14999999999998348,15.0,1.0,1.3103356063644873,10.0,60.0,65.0,50.0,70.0,0,SL,2026-07-24 18:00:00+00:00,-1.0,23.68,1.6347140039448564,-2.6347140039448567,VALIDATION,0.31235638,0.6,False
SETUP_1290,2026-07-24 15:45:00+00:00,USDCAD,BUY,1.4104999999999999,1.4081632142857143,1.4175103571428564,0.0023367857142855275,1.0300000000000864,15.0,1.0,1.4101120583346738,10.0,60.0,65.0,50.0,70.0,0,SL,2026-07-24 17:45:00+00:00,-1.0,28.6,1.2239034082226257,-2.2239034082226254,VALIDATION,0.21576193,0.6,False
SETUP_1126,2026-07-24 15:45:00+00:00,NZDUSD,SELL,0.57782,0.5788867857142858,0.5746196428571427,0.0010667857142857562,0.17000000000000348,15.0,1.0,1.0148849797023005,10.0,60.0,65.0,50.0,70.0,0,SL,2026-07-24 17:45:00+00:00,-1.0,28.14,2.6378305992633715,-3.6378305992633715,VALIDATION,0.4896442,0.6,False
SETUP_0462,2026-07-24 15:45:00+00:00,ETHUSD,SELL,1870.88,1886.6967857142856,1823.4296428571436,15.816785714285515,100.0,15.0,1.0,1.4990669707650839,100.0,60.0,65.0,50.0,70.0,0,TIMEOUT,2026-07-25 01:45:00+00:00,-1.0,346.17,0.002188624201232895,-1.002188624201233,VALIDATION,0.24838065,0.6,False
SETUP_0273,2026-07-24 15:45:00+00:00,BTCUSD,SELL,64766.1,65182.142857142855,63517.97142857143,416.0428571428565,100.0,15.0,1.0,1.2656187021362355,100.0,60.0,65.0,50.0,70.0,0,TIMEOUT,2026-07-25 01:45:00+00:00,-1.0,2250.0,0.05408096693335173,-1.0540809669333517,VALIDATION,0.47167787,0.6,False
SETUP_0100,2026-07-24 15:45:00+00:00,AUDUSD,SELL,0.69752,0.6988489285714286,0.6935332142857145,0.0013289285714285226,0.43999999999999595,15.0,1.0,1.1996822033898304,10.0,60.0,65.0,50.0,70.0,0,SL,2026-07-24 18:00:00+00:00,-1.0,23.73,1.785649019080958,-2.785649019080958,VALIDATION,0.47079393,0.6,False
SETUP_0463,2026-07-24 16:00:00+00:00,ETHUSD,SELL,1860.37,1885.4635714285714,1785.0892857142853,25.093571428571522,100.0,16.0,1.0,2.7660169728620723,100.0,60.0,65.0,50.0,70.0,0,TIMEOUT,2026-07-25 02:00:00+00:00,-1.0,346.19,0.0013795963678802149,-1.0013795963678802,VALIDATION,0.18480007,0.6,False
SETUP_1837,2026-07-24 16:00:00+00:00,XRPUSD,SELL,1.0935,1.1036357142857143,1.0630928571428568,0.010135714285714359,1.4000000000000679,16.0,1.0,2.308828961950499,10.0,60.0,65.0,50.0,70.0,0,TIMEOUT,2026-07-25 02:00:00+00:00,-1.0,490.48,4.839126145172622,-5.839126145172622,VALIDATION,0.112865716,0.6,False
SETUP_0274,2026-07-24 16:00:00+00:00,BTCUSD,SELL,64360.9,65120.05357142857,62083.43928571429,759.153571428571,100.0,16.0,1.0,2.5788315815204106,100.0,60.0,65.0,50.0,70.0,0,TIMEOUT,2026-07-25 02:00:00+00:00,-1.0,2250.0,0.02963827194761084,-1.029638271947611,VALIDATION,0.14882123,0.6,False
SETUP_0989,2026-07-24 16:15:00+00:00,GOLD,SELL,4046.29,4059.2299999999996,4007.470000000001,12.9399999999996,23.900000000003274,16.0,1.0,1.5016891891891893,100.0,60.0,65.0,50.0,70.0,0,SL,2026-07-24 16:45:00+00:00,-1.0,31.44,0.024296754250387152,-1.0242967542503871,VALIDATION,0.2654364,0.6,False
SETUP_1666,2026-07-24 16:15:00+00:00,XAUUSD,SELL,4046.29,4059.2299999999996,4007.470000000001,12.9399999999996,23.900000000003274,16.0,1.0,1.5016891891891893,100.0,60.0,65.0,50.0,70.0,0,SL,2026-07-24 16:45:00+00:00,-1.0,31.44,0.024296754250387152,-1.0242967542503871,VALIDATION,0.2654364,0.6,False
SETUP_0275,2026-07-24 16:15:00+00:00,BTCUSD,SELL,64371.4,65022.175,62419.075,650.7750000000015,100.0,16.0,1.0,1.4138299134147787,100.0,60.0,65.0,50.0,70.0,0,TIMEOUT,2026-07-25 02:15:00+00:00,-1.0,2250.0,0.03457416157658169,-1.0345741615765818,VALIDATION,0.24838065,0.6,False
SETUP_0276,2026-07-24 17:30:00+00:00,BTCUSD,SELL,63815.1,64293.951785714286,62378.54464285714,478.85178571428696,100.0,17.0,1.0,1.4108608346429194,100.0,60.0,65.0,50.0,70.0,0,SL,2026-07-24 18:30:00+00:00,-1.0,2250.0,0.046987399172872486,-1.0469873991728724,VALIDATION,0.24838065,0.6,False
SETUP_1127,2026-07-24 18:00:00+00:00,NZDUSD,BUY,0.5798,0.5781110714285714,0.5848667857142856,0.0016889285714285496,0.300000000000078,18.0,1.0,1.6264068075761735,10.0,60.0,65.0,50.0,70.0,0,TIMEOUT,2026-07-27 04:00:00+00:00,-1.0,28.04,1.6602241488687042,-2.6602241488687044,VALIDATION,0.21476312,0.6,False
SETUP_0101,2026-07-24 18:00:00+00:00,AUDUSD,BUY,0.69956,0.6976739285714286,0.705218214285714,0.0018860714285713343,0.29000000000001247,18.0,1.0,1.417646795760476,10.0,60.0,65.0,50.0,70.0,0,TIMEOUT,2026-07-27 04:00:00+00:00,-1.0,23.48,1.2449157356561882,-2.244915735656188,VALIDATION,0.15224424,0.6,False
SETUP_1291,2026-07-24 18:00:00+00:00,USDCAD,SELL,1.40758,1.4095757142857144,1.401592857142857,0.001995714285714323,0.35999999999991594,18.0,1.0,1.4492070968754907,10.0,60.0,65.0,50.0,70.0,0,SL,2026-07-24 20:30:00+00:00,-1.0,28.48,1.4270579813886637,-2.4270579813886637,VALIDATION,0.15224424,0.6,False
SETUP_0881,2026-07-24 18:15:00+00:00,GBPUSD,BUY,1.33415,1.3317946428571428,1.3412160714285715,0.002355357142857173,0.45999999999990493,18.0,1.0,1.2680044919681657,10.0,60.0,65.0,50.0,70.0,0,SL,2026-07-24 23:30:00+00:00,-1.0,23.27,0.9879605761940738,-1.987960576194074,VALIDATION,0.2350985,0.6,False
SETUP_1128,2026-07-24 18:15:00+00:00,NZDUSD,BUY,0.57966,0.5783796428571428,0.5835010714285713,0.0012803571428571248,0.34000000000000696,18.0,1.0,1.5413804383382401,10.0,60.0,65.0,50.0,70.0,0,SL,2026-07-24 23:30:00+00:00,-1.0,28.04,2.1900139470014257,-3.1900139470014257,VALIDATION,0.26440755,0.6,False
SETUP_0990,2026-07-24 18:15:00+00:00,GOLD,BUY,4075.0,4053.4217857142858,4139.734642857143,21.57821428571424,55.79999999999927,18.0,1.0,1.4673334857870088,100.0,60.0,65.0,50.0,70.0,0,SL,2026-07-24 21:30:00+00:00,-1.0,30.62,0.014190238170112083,-1.014190238170112,VALIDATION,0.12320977,0.6,False
SETUP_1667,2026-07-24 18:15:00+00:00,XAUUSD,BUY,4075.0,4053.4217857142858,4139.734642857143,21.57821428571424,55.79999999999927,18.0,1.0,1.4673334857870088,100.0,60.0,65.0,50.0,70.0,0,SL,2026-07-24 21:30:00+00:00,-1.0,30.62,0.014190238170112083,-1.014190238170112,VALIDATION,0.12320977,0.6,False
SETUP_0102,2026-07-24 18:15:00+00:00,AUDUSD,BUY,0.69917,0.6978817857142858,0.7030346428571423,0.0012882142857141288,0.3500000000000725,18.0,1.0,1.7836748404433995,10.0,60.0,65.0,50.0,70.0,0,SL,2026-07-24 22:15:00+00:00,-1.0,23.63,1.8343221513725552,-2.834322151372555,VALIDATION,0.21476312,0.6,False
SETUP_0882,2026-07-24 19:45:00+00:00,GBPUSD,SELL,1.33314,1.334847142857143,1.3280185714285713,0.001707142857142907,0.3500000000000725,19.0,1.0,0.6084445329615614,10.0,60.0,65.0,50.0,70.0,0,SL,2026-07-27 01:00:00+00:00,-1.0,23.47,1.3748117154811315,-2.3748117154811315,VALIDATION,0.2557172,0.6,False
SETUP_1838,2026-07-24 19:45:00+00:00,XRPUSD,SELL,1.084,1.0913107142857141,1.062067857142858,0.0073107142857140595,1.3000000000000789,19.0,1.0,0.7300039530899987,10.0,60.0,65.0,50.0,70.0,0,SL,2026-07-25 03:30:00+00:00,-1.0,490.37,6.707552515877101,-7.707552515877101,VALIDATION,0.35292974,0.6,False
SETUP_1417,2026-07-24 19:45:00+00:00,USDCHF,BUY,0.81727,0.8161153571428572,0.8207339285714286,0.0011546428571428402,0.2300000000000635,19.0,1.0,0.55130008858319,10.0,60.0,65.0,50.0,70.0,0,SL,2026-07-27 00:00:00+00:00,-1.0,24.9,2.1565109805134868,-3.1565109805134868,VALIDATION,0.2557172,0.6,False
SETUP_0277,2026-07-24 19:45:00+00:00,BTCUSD,SELL,63941.1,64264.74821428572,62970.15535714284,323.6482142857203,100.0,19.0,1.0,0.5731239597655402,100.0,60.0,65.0,50.0,70.0,0,SL,2026-07-24 21:45:00+00:00,-1.0,2250.0,0.06951992628680702,-1.069519926286807,VALIDATION,0.281906,0.6,False
SETUP_1559,2026-07-24 20:00:00+00:00,USDJPY,BUY,163.804,163.67589285714286,164.18832142857144,0.12810714285714653,21.000000000015007,20.0,1.0,0.8335272026321912,100.0,60.0,65.0,50.0,70.0,0,SL,2026-07-27 00:00:00+00:00,-1.0,24.16,0.01885921382771064,-1.0188592138277106,VALIDATION,0.3636329,0.6,False
SETUP_0883,2026-07-24 20:00:00+00:00,GBPUSD,SELL,1.33242,1.3344253571428573,1.326403928571428,0.0020053571428573225,0.300000000000189,20.0,1.0,0.8731777324571343,10.0,60.0,65.0,50.0,70.0,0,SL,2026-07-27 01:00:00+00:00,-1.0,23.91,1.1923063223507393,-2.1923063223507393,VALIDATION,0.19930291,0.6,False
SETUP_1418,2026-07-24 20:00:00+00:00,USDCHF,BUY,0.81784,0.8162782142857143,0.822525357142857,0.0015617857142856684,0.2300000000000635,20.0,1.0,0.8916929547844374,10.0,60.0,65.0,50.0,70.0,0,SL,2026-07-27 00:00:00+00:00,-1.0,25.85,1.6551566430368656,-2.6551566430368654,VALIDATION,0.19930291,0.6,False
SETUP_1292,2026-07-24 20:15:00+00:00,USDCAD,BUY,1.4093,1.4079671428571428,1.4132985714285717,0.0013328571428572467,0.29999999999996696,20.0,1.0,0.6373415856174477,10.0,60.0,65.0,50.0,70.0,0,SL,2026-07-27 00:00:00+00:00,-1.0,28.25,2.1195069667736828,-3.1195069667736828,VALIDATION,0.2557172,0.6,False
SETUP_1419,2026-07-24 20:15:00+00:00,USDCHF,BUY,0.81793,0.8166210714285715,0.8218567857142856,0.0013089285714285026,0.49999999999994493,20.0,1.0,0.5,10.0,60.0,65.0,50.0,70.0,0,SL,2026-07-27 00:00:00+00:00,-1.0,25.74,1.9664938608459424,-2.9664938608459424,VALIDATION,0.2483649,0.6,False
SETUP_0738,2026-07-24 20:15:00+00:00,EURUSD,SELL,1.13708,1.1382707142857142,1.1335078571428576,0.0011907142857141562,0.5299999999999194,20.0,1.0,0.6363382640245604,10.0,60.0,65.0,50.0,70.0,0,SL,2026-07-27 00:00:00+00:00,-1.0,19.58,1.6443911217758238,-2.644391121775824,VALIDATION,0.2483649,0.6,False
SETUP_1560,2026-07-24 20:15:00+00:00,USDJPY,BUY,163.799,163.70982142857142,164.06653571428578,0.0891785714285902,24.00000000000091,20.0,1.0,0.5613178767541184,100.0,60.0,65.0,50.0,70.0,0,SL,2026-07-27 00:00:00+00:00,-1.0,24.36,0.027315979175004265,-1.0273159791750042,VALIDATION,0.26899034,0.6,False
SETUP_1129,2026-07-24 20:15:00+00:00,NZDUSD,SELL,0.57907,0.5799103571428571,0.5765489285714286,0.0008403571428571288,0.3500000000000725,20.0,1.0,0.5915510798657293,10.0,60.0,65.0,50.0,70.0,0,SL,2026-07-27 00:00:00+00:00,-1.0,28.17,3.352146196345148,-4.3521461963451475,VALIDATION,0.2557172,0.6,False
SETUP_0884,2026-07-24 20:15:00+00:00,GBPUSD,SELL,1.33251,1.3339014285714286,1.3283357142857146,0.001391428571428488,0.4899999999998794,20.0,1.0,0.5696299708275756,10.0,60.0,65.0,50.0,70.0,0,SL,2026-07-27 00:45:00+00:00,-1.0,23.15,1.6637577002054385,-2.6637577002054385,VALIDATION,0.2483649,0.6,False
SETUP_0991,2026-07-24 21:30:00+00:00,GOLD,SELL,4052.09,4067.4164285714287,4006.1107142857145,15.32642857142855,42.400000000002365,21.0,1.0,0.6801078167115903,100.0,60.0,65.0,50.0,70.0,0,SL,2026-07-27 01:00:00+00:00,-1.0,28.68,0.01871277438598129,-1.0187127743859814,VALIDATION,0.25220022,0.6,False
SETUP_1668,2026-07-24 21:30:00+00:00,XAUUSD,SELL,4052.09,4067.4164285714287,4006.1107142857145,15.32642857142855,42.400000000002365,21.0,1.0,0.6801078167115903,100.0,60.0,65.0,50.0,70.0,0,SL,2026-07-27 01:00:00+00:00,-1.0,28.68,0.01871277438598129,-1.0187127743859814,VALIDATION,0.25220022,0.6,False
SETUP_0103,2026-07-24 21:30:00+00:00,AUDUSD,SELL,0.69802,0.6986882142857143,0.6960153571428571,0.0006682142857142859,0.14999999999998348,21.0,1.0,0.6189573021233289,10.0,60.0,65.0,50.0,70.0,0,SL,2026-07-27 00:00:00+00:00,-1.0,24.14,3.6126135756280062,-4.612613575628006,VALIDATION,0.27525878,0.6,False
SETUP_1293,2026-07-24 23:00:00+00:00,USDCAD,BUY,1.41002,1.4093085714285714,1.4121542857142861,0.0007114285714286961,0.1100000000000545,23.0,1.0,0.6758119830542667,10.0,60.0,65.0,50.0,70.0,0,SL,2026-07-24 23:45:00+00:00,-1.0,29.77,4.184538152609709,-5.184538152609709,VALIDATION,0.37772977,0.6,False
SETUP_0885,2026-07-24 23:30:00+00:00,GBPUSD,SELL,1.33171,1.3322892857142856,1.329972142857143,0.0005792857142856711,0.10999999999983245,23.0,1.0,0.5,10.0,60.0,65.0,50.0,70.0,0,SL,2026-07-27 00:00:00+00:00,-1.0,24.51,4.231072749692055,-5.231072749692055,VALIDATION,0.4091624,0.6,False
SETUP_0278,2026-07-25 03:45:00+00:00,BTCUSD,SELL,64057.2,64172.06071428572,63712.61785714283,114.86071428572177,100.0,3.0,1.0,0.9498910675381264,100.0,60.0,65.0,50.0,70.0,0,SL,2026-07-25 07:45:00+00:00,-1.0,2250.0,0.19588943129876527,-1.1958894312987653,VALIDATION,0.56329924,0.6,False
SETUP_0464,2026-07-25 03:45:00+00:00,ETHUSD,SELL,1858.54,1863.9232142857143,1842.390357142857,5.383214285714303,100.0,3.0,1.0,0.8545938331507278,100.0,60.0,65.0,50.0,70.0,0,TIMEOUT,2026-07-25 14:00:00+00:00,-1.0,345.51,0.006418284349499084,-1.006418284349499,VALIDATION,0.6162207,0.6,True
SETUP_1839,2026-07-25 07:00:00+00:00,XRPUSD,SELL,1.0892,1.091617857142857,1.0819464285714289,0.0024178571428570272,0.500000000000167,7.0,1.0,0.9685729005667182,10.0,60.0,65.0,50.0,70.0,0,SL,2026-07-25 07:45:00+00:00,-1.0,490.05,20.267946824225493,-21.267946824225493,VALIDATION,0.5735118,0.6,False
SETUP_0279,2026-07-25 08:45:00+00:00,BTCUSD,SELL,64002.8,64162.982142857145,63522.25357142858,160.18214285714203,100.0,8.0,1.0,0.9375,100.0,60.0,65.0,50.0,70.0,0,SL,2026-07-25 16:30:00+00:00,-1.0,2250.0,0.14046509553856174,-1.1404650955385618,VALIDATION,0.5642967,0.6,False
SETUP_0465,2026-07-25 08:45:00+00:00,ETHUSD,SELL,1856.65,1860.9678571428572,1843.696428571429,4.317857142857065,100.0,8.0,1.0,1.0128178188695105,100.0,60.0,65.0,50.0,70.0,0,SL,2026-07-25 16:00:00+00:00,-1.0,345.39,0.007999106699752005,-1.007999106699752,VALIDATION,0.4974307,0.6,False
SETUP_1840,2026-07-25 08:45:00+00:00,XRPUSD,SELL,1.0888,1.091175,1.081675,0.002375000000000016,0.700000000000145,8.0,1.0,1.0326226560493192,10.0,60.0,65.0,50.0,70.0,0,SL,2026-07-25 18:00:00+00:00,-1.0,490.22,20.64084210526302,-21.64084210526302,VALIDATION,0.4922089,0.6,False
SETUP_1841,2026-07-25 09:30:00+00:00,XRPUSD,SELL,1.0854,1.0904035714285716,1.070389285714285,0.005003571428571663,1.5000000000000568,9.0,1.0,1.128702757916241,10.0,60.0,65.0,50.0,70.0,0,SL,2026-07-25 16:45:00+00:00,-1.0,490.24,9.797801570306467,-10.797801570306467,VALIDATION,0.4922089,0.6,False
SETUP_1842,2026-07-25 10:45:00+00:00,XRPUSD,SELL,1.0853,1.0879357142857142,1.077392857142857,0.0026357142857142968,0.5999999999999339,10.0,1.0,1.0789049919484701,10.0,60.0,65.0,50.0,70.0,0,SL,2026-07-25 13:30:00+00:00,-1.0,490.27,18.601029810298026,-19.601029810298026,VALIDATION,0.75350773,0.6,True
SETUP_0280,2026-07-25 12:00:00+00:00,BTCUSD,SELL,63855.7,64023.275,63352.974999999984,167.57500000000437,100.0,12.0,1.0,1.1327175498298494,100.0,60.0,65.0,50.0,70.0,0,SL,2026-07-25 13:00:00+00:00,-1.0,2250.0,0.13426823810233873,-1.1342682381023388,VALIDATION,0.62771684,0.6,True
SETUP_1843,2026-07-25 14:45:00+00:00,XRPUSD,SELL,1.0873,1.0889250000000001,1.0824249999999993,0.0016250000000002096,0.500000000000167,14.0,1.0,0.9850905218317358,10.0,60.0,65.0,50.0,70.0,0,SL,2026-07-25 16:00:00+00:00,-1.0,490.1,30.159999999996113,-31.159999999996113,VALIDATION,0.7167479,0.6,True
SETUP_1844,2026-07-25 19:45:00+00:00,XRPUSD,BUY,1.1003,1.0938571428571429,1.1196285714285716,0.006442857142857195,1.7000000000000348,19.0,1.0,1.17423342048966,10.0,60.0,65.0,50.0,70.0,0,TIMEOUT,2026-07-26 05:45:00+00:00,-1.0,490.38,7.611219512195062,-8.611219512195062,VALIDATION,0.19037762,0.6,False
SETUP_1845,2026-07-25 22:30:00+00:00,XRPUSD,SELL,1.0974,1.1021607142857142,1.0831178571428572,0.004760714285714229,1.4000000000000679,22.0,1.0,0.7439076528430953,10.0,60.0,65.0,50.0,70.0,0,TIMEOUT,2026-07-26 08:30:00+00:00,-1.0,490.14,10.29551387846974,-11.29551387846974,VALIDATION,0.34603667,0.6,False
SETUP_1846,2026-07-26 00:00:00+00:00,XRPUSD,SELL,1.0963,1.098882142857143,1.0885535714285715,0.002582142857142866,0.6999999999999229,0.0,1.0,0.848234754699679,10.0,60.0,65.0,50.0,70.0,0,SL,2026-07-26 06:30:00+00:00,-1.0,490.1,18.980359612724694,-19.980359612724694,VALIDATION,0.06886859,0.6,False
SETUP_1847,2026-07-26 02:30:00+00:00,XRPUSD,SELL,1.0956,1.099157142857143,1.0849285714285708,0.0035571428571430364,1.3999999999998458,2.0,1.0,0.8202716823406478,10.0,60.0,65.0,50.0,70.0,0,SL,2026-07-26 06:30:00+00:00,-1.0,490.11,13.778192771083646,-14.778192771083646,VALIDATION,0.7214284,0.6,True
SETUP_0466,2026-07-26 03:15:00+00:00,ETHUSD,BUY,1877.5,1870.9996428571428,1897.0010714285715,6.500357142857183,100.0,3.0,1.0,1.2109017742820558,100.0,60.0,65.0,50.0,70.0,0,TIMEOUT,2026-07-26 13:15:00+00:00,-1.0,345.5,0.005315092577330884,-1.0053150925773309,VALIDATION,0.50115466,0.6,False
SETUP_1848,2026-07-26 07:30:00+00:00,XRPUSD,BUY,1.101,1.096842857142857,1.113471428571429,0.00415714285714297,0.700000000000145,7.0,1.0,1.0526315789473686,10.0,60.0,65.0,50.0,70.0,0,SL,2026-07-26 08:30:00+00:00,-1.0,490.04,11.78790378006841,-12.78790378006841,VALIDATION,0.5115603,0.6,False
SETUP_0281,2026-07-26 09:15:00+00:00,BTCUSD,SELL,64286.2,64484.69464285714,63690.71607142857,198.49464285714203,100.0,9.0,1.0,1.107637338097365,100.0,60.0,65.0,50.0,70.0,0,SL,2026-07-26 12:00:00+00:00,-1.0,2250.0,0.11335318513453992,-1.11335318513454,VALIDATION,0.48180863,0.6,False
SETUP_1849,2026-07-26 09:15:00+00:00,XRPUSD,SELL,1.0937000000000001,1.0997357142857143,1.0755928571428577,0.006035714285714144,1.5000000000000568,9.0,1.0,1.173881144534116,10.0,60.0,65.0,50.0,70.0,0,SL,2026-07-26 15:00:00+00:00,-1.0,490.53,8.12712426035522,-9.12712426035522,VALIDATION,0.4922089,0.6,False
SETUP_1850,2026-07-26 10:00:00+00:00,XRPUSD,BUY,1.0984,1.0928107142857142,1.1151678571428576,0.005589285714285852,0.9999999999998899,10.0,1.0,1.083815028901734,10.0,60.0,65.0,50.0,70.0,0,TIMEOUT,2026-07-26 20:00:00+00:00,-1.0,490.16,8.769635782747388,-9.769635782747388,VALIDATION,0.75350773,0.6,True
SETUP_0282,2026-07-26 11:45:00+00:00,BTCUSD,BUY,64467.2,64332.96071428571,64869.91785714285,134.23928571428405,100.0,11.0,1.0,0.9891379708805177,100.0,60.0,65.0,50.0,70.0,1,TP,2026-07-26 19:30:00+00:00,3.0,2250.0,0.16761114215021358,2.8323888578497862,VALIDATION,0.626165,0.6,True
SETUP_0283,2026-07-26 12:00:00+00:00,BTCUSD,BUY,64484.8,64353.61785714286,64878.34642857143,131.18214285714203,100.0,12.0,1.0,0.9618959107806692,100.0,60.0,65.0,50.0,70.0,1,TP,2026-07-26 19:30:00+00:00,3.0,2250.0,0.17151724701206175,2.8284827529879384,VALIDATION,0.6422067,0.6,True
SETUP_0284,2026-07-26 16:00:00+00:00,BTCUSD,SELL,64408.6,64593.45892857143,63854.0232142857,184.85892857143335,100.0,16.0,1.0,1.1134601832276252,100.0,60.0,65.0,50.0,70.0,0,SL,2026-07-26 17:00:00+00:00,-1.0,2250.0,0.12171443475236593,-1.121714434752366,VALIDATION,0.47517848,0.6,False
SETUP_1851,2026-07-26 16:00:00+00:00,XRPUSD,SELL,1.0942,1.09895,1.07995,0.004750000000000032,0.5999999999999339,16.0,1.0,1.1471056824216674,10.0,60.0,65.0,50.0,70.0,0,SL,2026-07-26 17:00:00+00:00,-1.0,490.2,10.319999999999931,-11.319999999999931,VALIDATION,0.47283024,0.6,False
SETUP_0285,2026-07-26 17:15:00+00:00,BTCUSD,BUY,64626.8,64460.0375,65127.087500000016,166.76250000000437,100.0,17.0,1.0,1.2534289934585356,100.0,60.0,65.0,50.0,70.0,1,TP,2026-07-27 01:00:00+00:00,3.0,2250.0,0.13492241960872145,2.8650775803912785,VALIDATION,0.48889655,0.6,False
SETUP_0467,2026-07-26 17:15:00+00:00,ETHUSD,BUY,1891.17,1882.2178571428572,1918.0264285714288,8.952142857142917,100.0,17.0,1.0,1.3098931402964493,100.0,60.0,65.0,50.0,70.0,1,TP,2026-07-26 19:15:00+00:00,3.0,345.44,0.0038587409239607177,2.9961412590760395,VALIDATION,0.34289005,0.6,False
SETUP_1852,2026-07-26 18:00:00+00:00,XRPUSD,BUY,1.0977999999999999,1.0927892857142856,1.1128321428571428,0.005010714285714313,1.000000000000112,18.0,1.0,1.378993334865548,10.0,60.0,65.0,50.0,70.0,1,TP,2026-07-27 02:00:00+00:00,3.0,490.63,9.791617961510996,-6.791617961510996,VALIDATION,0.20389232,0.6,False
SETUP_0468,2026-07-26 18:30:00+00:00,ETHUSD,BUY,1912.96,1893.475,1971.4150000000004,19.485000000000127,100.0,18.0,1.0,2.0445505171042164,100.0,60.0,65.0,50.0,70.0,0,TIMEOUT,2026-07-27 04:30:00+00:00,-1.0,345.83,0.0017748524506030164,-1.001774852450603,VALIDATION,0.12437774,0.6,False
SETUP_0469,2026-07-26 18:45:00+00:00,ETHUSD,BUY,1912.98,1894.902142857143,1967.2135714285712,18.077857142857056,100.0,18.0,1.0,1.512158054711246,100.0,60.0,65.0,50.0,70.0,0,TIMEOUT,2026-07-27 04:45:00+00:00,-1.0,345.64,0.0019119522699435074,-1.0019119522699436,VALIDATION,0.19179054,0.6,False
SETUP_0739,2026-07-27 00:00:00+00:00,EURUSD,BUY,1.13909,1.136454642857143,1.146996071428571,0.002635357142857009,1.8500000000001293,0.0,1.0,0.5,10.0,60.0,65.0,50.0,70.0,0,TIMEOUT,2026-07-27 10:00:00+00:00,-1.0,95.06,3.6071012332296184,-4.607101233229619,VALIDATION,0.07347516,0.6,False
SETUP_0104,2026-07-27 00:00:00+00:00,AUDUSD,BUY,0.69983,0.6976507142857142,0.7063678571428571,0.002179285714285717,1.5399999999999858,0.0,1.0,0.5,10.0,60.0,65.0,50.0,70.0,0,TIMEOUT,2026-07-27 10:00:00+00:00,-1.0,117.02,5.369649295313006,-6.369649295313006,VALIDATION,0.07347516,0.6,False
SETUP_1130,2026-07-27 00:00:00+00:00,NZDUSD,BUY,0.57987,0.5782289285714286,0.5847932142857142,0.0016410714285713945,1.2900000000000134,0.0,1.0,0.5,10.0,60.0,65.0,50.0,70.0,0,TIMEOUT,2026-07-27 10:00:00+00:00,-1.0,67.64,4.1216974972797376,-5.1216974972797376,VALIDATION,0.07347516,0.6,False
SETUP_1294,2026-07-27 00:00:00+00:00,USDCAD,SELL,1.40788,1.4103610714285715,1.4004367857142856,0.0024810714285714575,1.1399999999999189,0.0,1.0,0.5,10.0,60.0,65.0,50.0,70.0,0,TIMEOUT,2026-07-27 10:00:00+00:00,-1.0,68.66,2.7673528141643553,-3.7673528141643553,VALIDATION,0.07347516,0.6,False
SETUP_1561,2026-07-27 00:00:00+00:00,USDJPY,SELL,163.536,163.87725,162.51225,0.3412500000000023,100.0,0.0,1.0,0.5,100.0,60.0,65.0,50.0,70.0,0,TIMEOUT,2026-07-27 10:00:00+00:00,-1.0,149.68,0.04386227106227077,-1.0438622710622707,VALIDATION,0.20032677,0.6,False
SETUP_1420,2026-07-27 00:00:00+00:00,USDCHF,SELL,0.81542,0.818585,0.8059250000000001,0.0031649999999999734,1.6300000000000203,0.0,1.0,0.5,10.0,60.0,65.0,50.0,70.0,0,TIMEOUT,2026-07-27 10:00:00+00:00,-1.0,186.72,5.899526066350761,-6.899526066350761,VALIDATION,0.07347516,0.6,False
SETUP_0740,2026-07-27 00:15:00+00:00,EURUSD,BUY,1.13894,1.1365653571428571,1.146063928571429,0.00237464285714295,1.9400000000000528,0.0,1.0,0.5,10.0,60.0,65.0,50.0,70.0,0,TIMEOUT,2026-07-27 10:15:00+00:00,-1.0,83.41,3.512528199729145,-4.512528199729145,VALIDATION,0.07347516,0.6,False
SETUP_0105,2026-07-27 00:15:00+00:00,AUDUSD,BUY,0.69994,0.6977246428571429,0.7065860714285714,0.002215357142857144,1.4199999999999768,0.0,1.0,0.5,10.0,60.0,65.0,50.0,70.0,0,TIMEOUT,2026-07-27 10:15:00+00:00,-1.0,79.09,3.570078994035143,-4.570078994035143,VALIDATION,0.07347516,0.6,False
SETUP_1131,2026-07-27 00:15:00+00:00,NZDUSD,BUY,0.58011,0.5783164285714285,0.5854907142857145,0.0017935714285715054,1.1400000000000299,0.0,1.0,0.5,10.0,60.0,65.0,50.0,70.0,0,TIMEOUT,2026-07-27 10:15:00+00:00,-1.0,82.34,4.590840302668063,-5.590840302668063,VALIDATION,0.07347516,0.6,False
SETUP_1295,2026-07-27 00:15:00+00:00,USDCAD,SELL,1.4078300000000001,1.4099310714285713,1.4015267857142866,0.0021010714285711884,1.2099999999999334,0.0,1.0,0.5,10.0,60.0,65.0,50.0,70.0,0,SL,2026-07-27 09:15:00+00:00,-1.0,102.17,4.862757096719917,-5.862757096719917,VALIDATION,0.07347516,0.6,False
SETUP_1421,2026-07-27 00:15:00+00:00,USDCHF,SELL,0.81588,0.8185353571428571,0.807913928571429,0.002655357142857029,1.8799999999999928,0.0,1.0,0.5197920831667333,10.0,60.0,65.0,50.0,70.0,0,TIMEOUT,2026-07-27 10:15:00+00:00,-1.0,170.73,6.429643577673444,-7.429643577673444,VALIDATION,0.07347516,0.6,False
SETUP_0286,2026-07-27 00:15:00+00:00,BTCUSD,BUY,64810.8,64615.24285714285,65397.47142857145,195.5571428571493,100.0,0.0,1.0,1.2380952380952381,100.0,60.0,65.0,50.0,70.0,1,TP,2026-07-27 01:30:00+00:00,3.0,2250.0,0.11505588428664973,2.8849441157133504,VALIDATION,0.09194986,0.6,False
SETUP_1853,2026-07-27 00:30:00+00:00,XRPUSD,BUY,1.1,1.0972857142857144,1.108142857142857,0.002714285714285669,0.700000000000145,0.0,1.0,1.3393329804129168,10.0,60.0,65.0,50.0,70.0,1,TP,2026-07-27 01:00:00+00:00,3.0,490.45,18.06921052631609,-15.069210526316091,VALIDATION,0.06933106,0.6,False
SETUP_0287,2026-07-27 00:30:00+00:00,BTCUSD,BUY,64784.1,64613.93214285714,65294.60357142857,170.16785714285652,100.0,0.0,1.0,1.4448188711036225,100.0,60.0,65.0,50.0,70.0,1,TP,2026-07-27 01:30:00+00:00,3.0,2250.0,0.1322223854597356,2.8677776145402643,VALIDATION,0.09308175,0.6,False
SETUP_0470,2026-07-27 00:30:00+00:00,ETHUSD,BUY,1919.92,1910.4621428571427,1948.2935714285722,9.457857142857392,100.0,0.0,1.0,1.6505332239540607,100.0,60.0,65.0,50.0,70.0,1,TP,2026-07-27 01:45:00+00:00,3.0,346.67,0.0036654180197869288,2.996334581980213,VALIDATION,0.124968626,0.6,False
SETUP_0992,2026-07-27 01:00:00+00:00,GOLD,BUY,4087.36,4047.8282142857142,4205.955357142858,39.53178571428589,100.0,1.0,1.0,1.0865467613225994,100.0,60.0,65.0,50.0,70.0,0,TIMEOUT,2026-07-27 11:00:00+00:00,-1.0,160.2,0.04052435201329834,-1.0405243520132983,VALIDATION,0.33778787,0.6,False
SETUP_0471,2026-07-27 01:00:00+00:00,ETHUSD,BUY,1936.65,1916.3103571428571,1997.668928571429,20.339642857142962,100.0,1.0,1.0,3.8211493622274033,100.0,60.0,65.0,50.0,70.0,0,TIMEOUT,2026-07-27 11:00:00+00:00,-1.0,346.84,0.0017052413478253147,-1.0017052413478253,VALIDATION,0.19955926,0.6,False
SETUP_1669,2026-07-27 01:00:00+00:00,XAUUSD,BUY,4087.36,4047.8282142857142,4205.955357142858,39.53178571428589,100.0,1.0,1.0,1.0865467613225994,100.0,60.0,65.0,50.0,70.0,0,TIMEOUT,2026-07-27 11:00:00+00:00,-1.0,160.2,0.04052435201329834,-1.0405243520132983,VALIDATION,0.33778787,0.6,False
SETUP_0472,2026-07-27 01:15:00+00:00,ETHUSD,BUY,1937.08,1917.2903571428571,1996.4489285714283,19.78964285714278,100.0,1.0,1.0,1.5153129161118508,100.0,60.0,65.0,50.0,70.0,0,TIMEOUT,2026-07-27 11:15:00+00:00,-1.0,345.8,0.0017473786793236067,-1.0017473786793236,VALIDATION,0.23193312,0.6,False
SETUP_0993,2026-07-27 01:15:00+00:00,GOLD,BUY,4085.79,4048.187142857143,4198.598571428571,37.60285714285692,100.0,1.0,1.0,0.5918783742303595,100.0,60.0,65.0,50.0,70.0,0,TIMEOUT,2026-07-27 11:15:00+00:00,-1.0,147.77,0.03929754577919635,-1.0392975457791964,VALIDATION,0.5714709,0.6,False
SETUP_1854,2026-07-27 01:15:00+00:00,XRPUSD,BUY,1.1083,1.0990250000000001,1.1361249999999998,0.009274999999999922,4.0999999999999925,1.0,1.0,1.536758193091231,20.499999999999964,60.0,65.0,50.0,70.0,0,TIMEOUT,2026-07-27 11:15:00+00:00,-1.0,490.41,5.287439353099776,-6.287439353099776,VALIDATION,0.16761991,0.6,False
SETUP_1296,2026-07-27 01:15:00+00:00,USDCAD,BUY,1.4086400000000001,1.4076314285714286,1.4116657142857145,0.0010085714285714698,0.21999999999988695,1.0,1.0,0.6751926284851855,10.0,60.0,65.0,50.0,70.0,0,SL,2026-07-27 03:00:00+00:00,-1.0,33.92,3.363172804532441,-4.363172804532441,VALIDATION,0.2954485,0.6,False
SETUP_0288,2026-07-27 01:15:00+00:00,BTCUSD,BUY,65210.1,64740.57857142857,66618.6642857143,469.5214285714319,100.0,1.0,1.0,1.5273934698395129,100.0,60.0,65.0,50.0,70.0,0,TIMEOUT,2026-07-27 11:15:00+00:00,-1.0,2250.0,0.04792113550271519,-1.0479211355027152,VALIDATION,0.23193312,0.6,False
SETUP_0886,2026-07-27 01:15:00+00:00,GBPUSD,BUY,1.33457,1.3322496428571429,1.3415310714285715,0.0023203571428571657,0.32999999999994145,1.0,1.0,1.7728274741849404,10.0,60.0,65.0,50.0,70.0,0,TIMEOUT,2026-07-27 11:15:00+00:00,-1.0,27.2,1.172233338463895,-2.172233338463895,VALIDATION,0.2322446,0.6,False
SETUP_1670,2026-07-27 01:15:00+00:00,XAUUSD,BUY,4085.79,4048.187142857143,4198.598571428571,37.60285714285692,100.0,1.0,1.0,0.5918783742303595,100.0,60.0,65.0,50.0,70.0,0,TIMEOUT,2026-07-27 11:15:00+00:00,-1.0,147.77,0.03929754577919635,-1.0392975457791964,VALIDATION,0.5714709,0.6,False
SETUP_1422,2026-07-27 01:30:00+00:00,USDCHF,BUY,0.81644,0.8151128571428572,0.8204214285714286,0.00132714285714286,0.19999999999997797,1.0,1.0,0.7436787307882994,10.0,60.0,65.0,50.0,70.0,0,SL,2026-07-27 03:00:00+00:00,-1.0,28.45,2.14370290635091,-3.14370290635091,VALIDATION,0.31097806,0.6,False
SETUP_0473,2026-07-27 01:45:00+00:00,ETHUSD,BUY,1948.24,1930.968214285714,2000.0553571428577,17.271785714285897,100.0,1.0,1.0,1.538648813146683,100.0,60.0,65.0,50.0,70.0,0,TIMEOUT,2026-07-27 11:45:00+00:00,-1.0,345.86,0.002002456524885734,-1.0020024565248857,VALIDATION,0.23193312,0.6,False
SETUP_0289,2026-07-27 01:45:00+00:00,BTCUSD,BUY,65398.7,65102.24642857143,66288.0607142857,296.45357142856665,100.0,1.0,1.0,1.3164643528808344,100.0,60.0,65.0,50.0,70.0,0,SL,2026-07-27 03:15:00+00:00,-1.0,2250.0,0.07589721348802031,-1.0758972134880203,VALIDATION,0.24630609,0.6,False
SETUP_0474,2026-07-27 02:00:00+00:00,ETHUSD,BUY,1955.22,1933.0989285714286,2021.5832142857143,22.12107142857144,100.0,2.0,1.0,2.5398570643210556,100.0,60.0,65.0,50.0,70.0,0,TIMEOUT,2026-07-27 12:00:00+00:00,-1.0,346.53,0.0015665154426128924,-1.001566515442613,VALIDATION,0.26255137,0.6,False
SETUP_1671,2026-07-27 03:00:00+00:00,XAUUSD,BUY,4115.52,4080.1092857142858,4221.7521428571445,35.410714285714675,47.5,3.0,1.0,2.4909733714457647,100.0,60.0,65.0,50.0,70.0,0,TIMEOUT,2026-07-27 13:00:00+00:00,-1.0,31.63,0.008932324760463845,-1.0089323247604638,VALIDATION,0.22561856,0.6,False
SETUP_1562,2026-07-27 03:00:00+00:00,USDJPY,SELL,163.525,163.71203571428572,162.96389285714287,0.18703571428571308,24.00000000000091,3.0,1.0,3.885355319984295,100.0,60.0,65.0,50.0,70.0,0,TIMEOUT,2026-07-27 13:00:00+00:00,-1.0,25.12,0.013430590032461422,-1.0134305900324614,VALIDATION,0.31601173,0.6,False
SETUP_0994,2026-07-27 03:00:00+00:00,GOLD,BUY,4115.52,4080.1092857142858,4221.7521428571445,35.410714285714675,47.5,3.0,1.0,2.4909733714457647,100.0,60.0,65.0,50.0,70.0,0,TIMEOUT,2026-07-27 13:00:00+00:00,-1.0,31.63,0.008932324760463845,-1.0089323247604638,VALIDATION,0.22561856,0.6,False
SETUP_0624,2026-07-27 03:15:00+00:00,EURGBP,BUY,0.85396,0.8531753571428572,0.8563139285714286,0.0007846428571428588,0.12000000000000899,3.0,1.0,2.820350049877573,10.0,60.0,65.0,50.0,70.0,0,TIMEOUT,2026-07-27 13:15:00+00:00,-1.0,20.84,2.655985434683654,-3.655985434683654,VALIDATION,0.5721566,0.6,False
SETUP_0741,2026-07-27 03:15:00+00:00,EURUSD,BUY,1.141,1.1386864285714287,1.147940714285714,0.0023135714285713593,0.600000000000156,3.0,1.0,2.5147794452023646,10.0,60.0,65.0,50.0,70.0,0,TIMEOUT,2026-07-27 13:15:00+00:00,-1.0,19.61,0.8476072861994697,-1.8476072861994697,VALIDATION,0.22828485,0.6,False
SETUP_1297,2026-07-27 03:15:00+00:00,USDCAD,SELL,1.40753,1.4090878571428571,1.4028564285714284,0.0015578571428571664,0.7099999999999884,3.0,1.0,2.7963231736816643,10.0,60.0,65.0,50.0,70.0,0,SL,2026-07-27 09:00:00+00:00,-1.0,30.66,1.96808803301235,-2.96808803301235,VALIDATION,0.43503115,0.6,False
SETUP_1132,2026-07-27 03:15:00+00:00,NZDUSD,BUY,0.58058,0.5791946428571428,0.5847360714285714,0.0013853571428571465,0.5899999999999794,3.0,1.0,2.7552031714568876,10.0,60.0,65.0,50.0,70.0,0,SL,2026-07-27 06:00:00+00:00,-1.0,28.33,2.0449600412477387,-3.0449600412477387,VALIDATION,0.43503115,0.6,False
SETUP_0887,2026-07-27 03:15:00+00:00,GBPUSD,BUY,1.33596,1.3341339285714287,1.3414382142857142,0.0018260714285713853,0.2900000000001235,3.0,1.0,2.4151513516430154,10.0,60.0,65.0,50.0,70.0,0,SL,2026-07-27 10:00:00+00:00,-1.0,25.27,1.3838451007236785,-2.3838451007236783,VALIDATION,0.3533929,0.6,False
SETUP_1423,2026-07-27 03:15:00+00:00,USDCHF,SELL,0.81416,0.8168546428571429,0.8060760714285712,0.002694642857142937,1.2499999999999734,3.0,1.0,3.3116004428589005,10.0,60.0,65.0,50.0,70.0,0,TIMEOUT,2026-07-27 13:15:00+00:00,-1.0,26.36,0.9782372432073931,-1.9782372432073931,VALIDATION,0.46569,0.6,False
SETUP_0888,2026-07-27 05:00:00+00:00,GBPUSD,BUY,1.3358400000000001,1.3348164285714288,1.3389107142857142,0.001023571428571346,0.180000000000069,5.0,1.0,1.535205848403232,10.0,60.0,65.0,50.0,70.0,0,SL,2026-07-27 09:45:00+00:00,-1.0,24.52,2.3955338450804446,-3.3955338450804446,VALIDATION,0.44045648,0.6,False
SETUP_1133,2026-07-27 07:00:00+00:00,NZDUSD,BUY,0.57947,0.5784575,0.5825075000000003,0.0010125000000000828,0.17999999999995797,7.0,1.0,0.5288422422911073,10.0,60.0,65.0,50.0,70.0,0,SL,2026-07-27 15:00:00+00:00,-1.0,28.21,2.7861728395059453,-3.7861728395059453,VALIDATION,0.6585166,0.6,True
SETUP_1134,2026-07-27 08:15:00+00:00,NZDUSD,BUY,0.5799,0.5793260714285714,0.5816217857142857,0.0005739285714285725,0.12000000000000899,8.0,1.0,0.5830670926517572,10.0,60.0,65.0,50.0,70.0,0,SL,2026-07-27 13:00:00+00:00,-1.0,28.24,4.920472930927185,-5.920472930927185,VALIDATION,0.6585166,0.6,True
SETUP_0106,2026-07-27 08:15:00+00:00,AUDUSD,BUY,0.70003,0.6992767857142858,0.7022896428571429,0.0007532142857142876,0.20999999999993246,8.0,1.0,0.5228758169934641,10.0,60.0,65.0,50.0,70.0,0,SL,2026-07-27 15:30:00+00:00,-1.0,24.01,3.187671882408717,-4.187671882408717,VALIDATION,0.6585166,0.6,True
SETUP_1855,2026-07-27 09:00:00+00:00,XRPUSD,BUY,1.11,1.1041142857142856,1.1276571428571436,0.005885714285714494,0.9000000000001229,9.0,1.0,1.7553854370660493,10.0,60.0,65.0,50.0,70.0,0,SL,2026-07-27 11:00:00+00:00,-1.0,490.53,8.334247572815238,-9.334247572815238,VALIDATION,0.27721167,0.6,False
SETUP_0625,2026-07-27 09:00:00+00:00,EURGBP,BUY,0.85436,0.8538846428571428,0.8557860714285715,0.0004753571428571801,0.1,9.0,1.0,1.4275031159119236,10.0,60.0,65.0,50.0,70.0,1,TP,2026-07-27 14:00:00+00:00,3.0,20.31,4.272577009766757,-1.2725770097667573,VALIDATION,0.26685295,0.6,False
SETUP_1563,2026-07-27 09:15:00+00:00,USDJPY,SELL,163.552,163.612,163.37199999999999,0.060000000000002274,13.999999999981583,9.0,1.0,1.5204740239128134,69.99999999990791,60.0,65.0,50.0,70.0,1,TP,2026-07-27 10:15:00+00:00,3.0,23.93,0.03988333333333183,2.9601166666666683,VALIDATION,0.34119943,0.6,False
SETUP_1298,2026-07-27 09:15:00+00:00,USDCAD,BUY,1.40926,1.4078889285714284,1.4133732142857145,0.001371071428571513,0.8200000000000429,9.0,1.0,1.3798150488989422,10.0,60.0,65.0,50.0,70.0,0,TIMEOUT,2026-07-27 19:15:00+00:00,-1.0,29.55,2.155248762698487,-3.155248762698487,VALIDATION,0.21607074,0.6,False
SETUP_1424,2026-07-27 09:15:00+00:00,USDCHF,SELL,0.81389,0.8153457142857143,0.809522857142857,0.001455714285714338,0.41999999999997595,9.0,1.0,1.2979811108222858,10.0,60.0,65.0,50.0,70.0,0,SL,2026-07-27 11:30:00+00:00,-1.0,25.29,1.7372914622177984,-2.737291462217798,VALIDATION,0.30370036,0.6,False
SETUP_0626,2026-07-27 09:15:00+00:00,EURGBP,BUY,0.85427,0.8538914285714286,0.855405714285714,0.0003785714285713393,0.12000000000000899,9.0,1.0,1.2154133423866915,10.0,60.0,65.0,50.0,70.0,1,TP,2026-07-27 13:45:00+00:00,3.0,20.13,5.317358490567292,-2.317358490567292,VALIDATION,0.4970793,0.6,False
SETUP_1299,2026-07-27 12:15:00+00:00,USDCAD,BUY,1.41034,1.4090796428571428,1.4141210714285712,0.0012603571428571048,0.27999999999983594,12.0,1.0,0.8305274971941639,10.0,60.0,65.0,50.0,70.0,0,TIMEOUT,2026-07-27 22:15:00+00:00,-1.0,28.96,2.2977614054973774,-3.2977614054973774,VALIDATION,0.76920813,0.6,True
SETUP_0290,2026-07-27 12:30:00+00:00,BTCUSD,BUY,65294.1,65028.74642857143,66090.16071428571,265.3535714285681,100.0,12.0,1.0,0.9848800110972395,100.0,60.0,65.0,50.0,70.0,0,SL,2026-07-27 15:15:00+00:00,-1.0,2250.0,0.08479252749027684,-1.0847925274902768,VALIDATION,0.6422067,0.6,True
SETUP_1856,2026-07-27 12:45:00+00:00,XRPUSD,BUY,1.1057,1.1016535714285713,1.1178392857142856,0.004046428571428562,0.7999999999999119,12.0,1.0,0.7785467128027682,10.0,60.0,65.0,50.0,70.0,0,SL,2026-07-27 15:00:00+00:00,-1.0,490.38,12.118834951456341,-13.118834951456341,VALIDATION,0.7622115,0.6,True
SETUP_0475,2026-07-27 12:45:00+00:00,ETHUSD,BUY,1963.46,1952.3135714285713,1996.8992857142862,11.146428571428714,100.0,12.0,1.0,0.5963556046383214,100.0,60.0,65.0,50.0,70.0,0,SL,2026-07-27 15:15:00+00:00,-1.0,345.56,0.0031001858378724373,-1.0031001858378725,VALIDATION,0.6569151,0.6,True
SETUP_0291,2026-07-27 13:30:00+00:00,BTCUSD,BUY,65395.3,65171.93214285714,66065.40357142859,223.36785714286088,100.0,13.0,1.0,0.827507490369525,100.0,60.0,65.0,50.0,70.0,0,SL,2026-07-27 14:15:00+00:00,-1.0,2250.0,0.10073069728026948,-1.1007306972802695,VALIDATION,0.7186475,0.6,True
SETUP_0995,2026-07-27 13:45:00+00:00,GOLD,BUY,4099.57,4086.0857142857144,4140.022857142856,13.484285714285306,49.00000000000091,13.0,1.0,0.8353510895883777,100.0,60.0,65.0,50.0,70.0,0,SL,2026-07-27 15:15:00+00:00,-1.0,28.6,0.021209873927323455,-1.0212098739273234,VALIDATION,0.6908933,0.6,True
SETUP_1672,2026-07-27 13:45:00+00:00,XAUUSD,BUY,4099.57,4086.0857142857144,4140.022857142856,13.484285714285306,49.00000000000091,13.0,1.0,0.8353510895883777,100.0,60.0,65.0,50.0,70.0,0,SL,2026-07-27 15:15:00+00:00,-1.0,28.6,0.021209873927323455,-1.0212098739273234,VALIDATION,0.6908933,0.6,True
SETUP_0889,2026-07-27 14:00:00+00:00,GBPUSD,SELL,1.3312,1.333522857142857,1.3242314285714287,0.002322857142857071,0.6399999999999739,14.0,1.0,1.2166352526296589,10.0,60.0,65.0,50.0,70.0,0,TIMEOUT,2026-07-28 00:00:00+00:00,-1.0,23.3,1.0030750307503384,-2.003075030750338,VALIDATION,0.692767,0.6,True
SETUP_0627,2026-07-27 14:00:00+00:00,EURGBP,BUY,0.85558,0.8548064285714286,0.8579007142857141,0.0007735714285713735,0.180000000000069,14.0,1.0,1.064609450337512,10.0,60.0,65.0,50.0,70.0,0,SL,2026-07-27 15:45:00+00:00,-1.0,20.08,2.5957525392430285,-3.5957525392430285,VALIDATION,0.70474344,0.6,True
SETUP_1857,2026-07-27 15:15:00+00:00,XRPUSD,SELL,1.0993,1.1051392857142859,1.0817821428571421,0.005839285714285936,0.8999999999999009,15.0,1.0,1.2091065620814998,10.0,60.0,65.0,50.0,70.0,0,SL,2026-07-27 16:30:00+00:00,-1.0,490.56,8.401027522935461,-9.401027522935461,VALIDATION,0.4596965,0.6,False
SETUP_1425,2026-07-27 16:00:00+00:00,USDCHF,BUY,0.8172,0.8148314285714285,0.8243057142857145,0.0023685714285714976,0.41000000000002146,16.0,1.0,2.5958630700374985,10.0,60.0,65.0,50.0,70.0,0,TIMEOUT,2026-07-28 02:00:00+00:00,-1.0,25.19,1.063510253317219,-2.0635102533172187,VALIDATION,0.1492324,0.6,False
SETUP_1426,2026-07-27 16:15:00+00:00,USDCHF,BUY,0.81831,0.8150314285714286,0.828145714285714,0.003278571428571353,0.7800000000000029,16.0,1.0,1.6199158485273493,10.0,60.0,65.0,50.0,70.0,0,TIMEOUT,2026-07-28 02:15:00+00:00,-1.0,25.13,0.7664923747276865,-1.7664923747276866,VALIDATION,0.20585157,0.6,False
SETUP_0292,2026-07-27 16:45:00+00:00,BTCUSD,BUY,65208.9,64802.59642857143,66427.81071428572,406.30357142857247,100.0,16.0,1.0,3.0534688466637205,100.0,60.0,65.0,50.0,70.0,0,SL,2026-07-27 17:30:00+00:00,-1.0,2250.0,0.05537731288181764,-1.0553773128818176,VALIDATION,0.18480007,0.6,False
SETUP_1858,2026-07-27 16:45:00+00:00,XRPUSD,BUY,1.1052,1.098082142857143,1.1265535714285708,0.007117857142856954,2.5000000000001688,16.0,1.0,2.5311455484655117,12.500000000000844,60.0,65.0,50.0,70.0,0,SL,2026-07-27 17:15:00+00:00,-1.0,490.69,6.893788258906355,-7.893788258906355,VALIDATION,0.13209166,0.6,False
SETUP_0742,2026-07-27 17:00:00+00:00,EURUSD,SELL,1.13751,1.1385410714285713,1.1344167857142862,0.001031071428571284,0.180000000000069,17.0,1.0,1.4972067039106145,10.0,60.0,65.0,50.0,70.0,0,TIMEOUT,2026-07-28 03:00:00+00:00,-1.0,19.37,1.8786283339108973,-2.878628333910897,VALIDATION,0.27595815,0.6,False
SETUP_1300,2026-07-27 17:30:00+00:00,USDCAD,BUY,1.41141,1.4096835714285714,1.416589285714286,0.0017264285714286842,0.45999999999990493,17.0,1.0,1.4213549920760697,10.0,60.0,65.0,50.0,70.0,0,TIMEOUT,2026-07-28 03:30:00+00:00,-1.0,28.52,1.6519652461728338,-2.651965246172834,VALIDATION,0.26620162,0.6,False
SETUP_1135,2026-07-27 17:30:00+00:00,NZDUSD,SELL,0.57781,0.5790653571428572,0.5740439285714285,0.001255357142857183,0.46000000000001595,17.0,1.0,1.454348331139162,10.0,60.0,65.0,50.0,70.0,0,TIMEOUT,2026-07-28 03:30:00+00:00,-1.0,28.09,2.237610241820697,-3.237610241820697,VALIDATION,0.26620162,0.6,False
SETUP_0476,2026-07-27 17:30:00+00:00,ETHUSD,SELL,1919.34,1970.8064285714286,1764.940714285714,51.46642857142865,100.0,17.0,1.0,3.103170770964107,100.0,60.0,65.0,50.0,70.0,0,TIMEOUT,2026-07-28 03:30:00+00:00,-1.0,346.18,0.0006726326454137917,-1.0006726326454138,VALIDATION,0.20126809,0.6,False
SETUP_0107,2026-07-27 17:30:00+00:00,AUDUSD,SELL,0.69857,0.6998125,0.6948425000000003,0.0012424999999999242,0.39000000000000146,17.0,1.0,1.9064616511074504,10.0,60.0,65.0,50.0,70.0,0,SL,2026-07-27 19:30:00+00:00,-1.0,23.62,1.9010060362174201,-2.90100603621742,VALIDATION,0.24770725,0.6,False
SETUP_1859,2026-07-27 17:30:00+00:00,XRPUSD,SELL,1.0838,1.1087892857142858,1.008832142857143,0.024989285714285714,7.300000000000084,17.0,1.0,2.966809663580944,36.50000000000042,60.0,65.0,50.0,70.0,0,TIMEOUT,2026-07-28 03:30:00+00:00,-1.0,490.63,1.9633614406174076,-2.9633614406174074,VALIDATION,0.16480911,0.6,False
SETUP_0293,2026-07-27 17:30:00+00:00,BTCUSD,SELL,64466.7,65558.91071428571,61190.06785714286,1092.210714285713,100.0,17.0,1.0,2.7419740301123237,100.0,60.0,65.0,50.0,70.0,0,TIMEOUT,2026-07-28 03:30:00+00:00,-1.0,2250.0,0.020600420510171073,-1.020600420510171,VALIDATION,0.18480007,0.6,False
SETUP_0294,2026-07-27 17:45:00+00:00,BTCUSD,SELL,64681.4,65528.360714285714,62140.51785714286,846.960714285713,100.0,17.0,1.0,1.598084692503367,100.0,60.0,65.0,50.0,70.0,0,TIMEOUT,2026-07-28 03:45:00+00:00,-1.0,2250.0,0.026565576915778728,-1.0265655769157787,VALIDATION,0.2626591,0.6,False
SETUP_1860,2026-07-27 17:45:00+00:00,XRPUSD,SELL,1.0882,1.1079999999999999,1.0288000000000006,0.019799999999999818,4.8000000000001375,17.0,1.0,1.5691716481639626,24.00000000000069,60.0,65.0,50.0,70.0,0,TIMEOUT,2026-07-28 03:45:00+00:00,-1.0,490.55,2.4775252525252753,-3.4775252525252753,VALIDATION,0.3201231,0.6,False
SETUP_0477,2026-07-27 19:30:00+00:00,ETHUSD,BUY,1941.19,1917.3564285714285,2012.6907142857146,23.83357142857153,100.0,19.0,1.0,0.8782527881040892,100.0,60.0,65.0,50.0,70.0,0,SL,2026-07-28 01:30:00+00:00,-1.0,345.78,0.0014508106812119695,-1.001450810681212,VALIDATION,0.21351112,0.6,False
SETUP_0108,2026-07-27 19:30:00+00:00,AUDUSD,BUY,0.69959,0.6986964285714287,0.7022707142857142,0.0008935714285713825,0.29000000000001247,19.0,1.0,0.9245920917242394,10.0,60.0,65.0,50.0,70.0,0,SL,2026-07-27 20:15:00+00:00,-1.0,23.6,2.6410871302958996,-3.6410871302958996,VALIDATION,0.19930291,0.6,False
SETUP_1564,2026-07-27 20:00:00+00:00,USDJPY,BUY,163.686,163.55249999999998,164.0865000000001,0.13350000000002638,22.999999999996135,20.0,1.0,1.2419970144302537,100.0,60.0,65.0,50.0,70.0,0,TIMEOUT,2026-07-28 06:00:00+00:00,-1.0,24.69,0.018494382022468257,-1.0184943820224683,VALIDATION,0.20753743,0.6,False
SETUP_0743,2026-07-27 20:00:00+00:00,EURUSD,SELL,1.13724,1.1386892857142856,1.1328921428571432,0.0014492857142855975,0.20999999999982144,20.0,1.0,1.2538743307974076,10.0,60.0,65.0,50.0,70.0,0,TIMEOUT,2026-07-28 06:00:00+00:00,-1.0,19.76,1.36343026121253,-2.36343026121253,VALIDATION,0.28257337,0.6,False
SETUP_1136,2026-07-27 20:00:00+00:00,NZDUSD,SELL,0.57758,0.5786292857142857,0.5744321428571427,0.0010492857142857526,0.15999999999993797,20.0,1.0,1.0521464313932052,10.0,60.0,65.0,50.0,70.0,0,TIMEOUT,2026-07-28 06:00:00+00:00,-1.0,28.25,2.6923076923075944,-3.6923076923075944,VALIDATION,0.21578324,0.6,False
SETUP_0996,2026-07-27 20:00:00+00:00,GOLD,SELL,4073.52,4098.0767857142855,3999.8496428571434,24.556785714285525,26.99999999999818,20.0,1.0,0.8135533553355335,100.0,60.0,65.0,50.0,70.0,0,TIMEOUT,2026-07-28 07:00:00+00:00,-1.0,28.35,0.011544670515859832,-1.0115446705158597,VALIDATION,0.3636329,0.6,False
SETUP_1673,2026-07-27 20:00:00+00:00,XAUUSD,SELL,4073.52,4098.0767857142855,3999.8496428571434,24.556785714285525,26.99999999999818,20.0,1.0,0.8135533553355335,100.0,60.0,65.0,50.0,70.0,0,TIMEOUT,2026-07-28 07:00:00+00:00,-1.0,28.35,0.011544670515859832,-1.0115446705158597,VALIDATION,0.3636329,0.6,False
SETUP_0890,2026-07-27 20:00:00+00:00,GBPUSD,SELL,1.32905,1.3314542857142857,1.3218371428571432,0.0024042857142856366,0.320000000000098,20.0,1.0,0.9892662412283919,10.0,60.0,65.0,50.0,70.0,0,TIMEOUT,2026-07-28 06:00:00+00:00,-1.0,24.4,1.0148544266191653,-2.0148544266191655,VALIDATION,0.19930291,0.6,False
SETUP_0109,2026-07-27 20:00:00+00:00,AUDUSD,SELL,0.69889,0.70007,0.6953500000000001,0.0011799999999999589,0.17999999999995797,20.0,1.0,0.7929644558446317,10.0,60.0,65.0,50.0,70.0,0,TIMEOUT,2026-07-28 06:00:00+00:00,-1.0,24.13,2.0449152542373596,-3.0449152542373596,VALIDATION,0.37098747,0.6,False
SETUP_1565,2026-07-27 20:15:00+00:00,USDJPY,BUY,163.698,163.5910357142857,164.0188928571429,0.10696428571429806,33.999999999991815,20.0,1.0,0.6350495920923462,100.0,60.0,65.0,50.0,70.0,0,SL,2026-07-28 00:00:00+00:00,-1.0,24.3,0.022717863105172674,-1.0227178631051728,VALIDATION,0.25220022,0.6,False
SETUP_0744,2026-07-27 20:15:00+00:00,EURUSD,SELL,1.13692,1.1384128571428571,1.1324414285714284,0.0014928571428571846,0.500000000000167,20.0,1.0,0.5961420553695231,10.0,60.0,65.0,50.0,70.0,0,TIMEOUT,2026-07-28 06:15:00+00:00,-1.0,19.57,1.3109090909090542,-2.310909090909054,VALIDATION,0.2483649,0.6,False
SETUP_1301,2026-07-27 20:15:00+00:00,USDCAD,BUY,1.41173,1.4106200000000002,1.415059999999999,0.0011099999999997223,0.38000000000004697,20.0,1.0,0.6612044244162228,10.0,60.0,65.0,50.0,70.0,0,TIMEOUT,2026-07-28 06:15:00+00:00,-1.0,28.54,2.5711711711718146,-3.5711711711718146,VALIDATION,0.26349822,0.6,False
SETUP_0628,2026-07-27 20:15:00+00:00,EURGBP,BUY,0.85572,0.8550267857142857,0.857799642857143,0.0006932142857143386,0.19000000000002348,20.0,1.0,0.7682499203060248,10.0,60.0,65.0,50.0,70.0,0,SL,2026-07-27 23:45:00+00:00,-1.0,20.38,2.939927872230584,-3.939927872230584,VALIDATION,0.37098747,0.6,False
SETUP_1137,2026-07-27 20:15:00+00:00,NZDUSD,SELL,0.57731,0.5784253571428571,0.5739639285714285,0.001115357142857154,0.29999999999996696,20.0,1.0,0.9014047866805411,10.0,60.0,65.0,50.0,70.0,0,TIMEOUT,2026-07-28 06:15:00+00:00,-1.0,28.35,2.541786743515825,-3.541786743515825,VALIDATION,0.19930291,0.6,False
SETUP_0891,2026-07-27 20:15:00+00:00,GBPUSD,SELL,1.32844,1.3309632142857142,1.3208703571428577,0.002523214285714115,0.9600000000000719,20.0,1.0,0.7555099447783805,10.0,60.0,65.0,50.0,70.0,0,TIMEOUT,2026-07-28 06:15:00+00:00,-1.0,24.31,0.9634536447275953,-1.9634536447275952,VALIDATION,0.35292974,0.6,False
SETUP_1427,2026-07-27 20:15:00+00:00,USDCHF,BUY,0.81886,0.8176042857142858,0.8226271428571428,0.001255714285714249,0.45000000000006146,20.0,1.0,0.5759209344115005,10.0,60.0,65.0,50.0,70.0,0,SL,2026-07-28 00:00:00+00:00,-1.0,25.58,2.037087599544997,-3.037087599544997,VALIDATION,0.2483649,0.6,False
SETUP_0110,2026-07-27 20:15:00+00:00,AUDUSD,SELL,0.69868,0.6998389285714285,0.6952032142857144,0.0011589285714285191,0.26999999999999247,20.0,1.0,0.574855554742924,10.0,60.0,65.0,50.0,70.0,0,TIMEOUT,2026-07-28 06:15:00+00:00,-1.0,24.16,2.0846841294299865,-3.0846841294299865,VALIDATION,0.2557172,0.6,False
SETUP_1861,2026-07-27 21:30:00+00:00,XRPUSD,SELL,1.0856,1.0940750000000001,1.0601749999999992,0.008475000000000232,1.5000000000000568,21.0,1.0,0.6654135338345865,10.0,60.0,65.0,50.0,70.0,1,TP,2026-07-28 03:00:00+00:00,3.0,490.41,5.786548672566214,-2.786548672566214,VALIDATION,0.25993505,0.6,False
SETUP_0478,2026-07-27 22:15:00+00:00,ETHUSD,BUY,1948.98,1925.7257142857143,2018.7428571428572,23.254285714285743,100.0,22.0,1.0,0.6182743103110937,100.0,60.0,65.0,50.0,70.0,0,SL,2026-07-28 01:30:00+00:00,-1.0,345.65,0.0014863926772330734,-1.001486392677233,VALIDATION,0.27580884,0.6,False
SETUP_0295,2026-07-27 22:15:00+00:00,BTCUSD,BUY,64989.4,64673.34642857143,65937.56071428572,316.05357142857247,100.0,22.0,1.0,0.6216669206155722,100.0,60.0,65.0,50.0,70.0,0,SL,2026-07-28 01:00:00+00:00,-1.0,2250.0,0.07119046273800757,-1.0711904627380076,VALIDATION,0.27580884,0.6,False
SETUP_0997,2026-07-27 22:30:00+00:00,GOLD,BUY,4086.88,4073.0057142857145,4128.5028571428575,13.874285714285634,21.100000000001273,22.0,1.0,0.7312336983373741,100.0,60.0,65.0,50.0,70.0,0,SL,2026-07-28 01:15:00+00:00,-1.0,29.53,0.02128397858319617,-1.0212839785831962,VALIDATION,0.35664597,0.6,False
SETUP_1674,2026-07-27 22:30:00+00:00,XAUUSD,BUY,4086.88,4073.0057142857145,4128.5028571428575,13.874285714285634,21.100000000001273,22.0,1.0,0.7312336983373741,100.0,60.0,65.0,50.0,70.0,0,SL,2026-07-28 01:15:00+00:00,-1.0,29.53,0.02128397858319617,-1.0212839785831962,VALIDATION,0.35664597,0.6,False
SETUP_0629,2026-07-27 23:15:00+00:00,EURGBP,BUY,0.85547,0.8551760714285714,0.8563517857142855,0.0002939285714285145,0.1,23.0,1.0,0.5,10.0,60.0,65.0,50.0,70.0,0,SL,2026-07-27 23:45:00+00:00,-1.0,20.21,6.875820170110689,-7.875820170110689,VALIDATION,0.44381967,0.6,False
SETUP_1138,2026-07-27 23:45:00+00:00,NZDUSD,SELL,0.57714,0.5776371428571428,0.5756485714285714,0.0004971428571428627,0.1,23.0,1.0,0.5,10.0,60.0,65.0,50.0,70.0,0,SL,2026-07-28 00:30:00+00:00,-1.0,29.96,6.02643678160913,-7.02643678160913,VALIDATION,0.44381967,0.6,False
SETUP_0745,2026-07-27 23:45:00+00:00,EURUSD,SELL,1.13643,1.1372771428571427,1.1338885714285722,0.0008471428571426021,0.24000000000001798,23.0,1.0,0.5,10.0,60.0,65.0,50.0,70.0,0,SL,2026-07-28 03:45:00+00:00,-1.0,20.95,2.4730185497477937,-3.4730185497477937,VALIDATION,0.24998921,0.6,False
SETUP_1428,2026-07-28 01:00:00+00:00,USDCHF,BUY,0.81899,0.8168907142857142,0.8252878571428572,0.002099285714285748,0.21000000000004349,1.0,1.0,1.0313075506445673,10.0,60.0,65.0,50.0,70.0,0,TIMEOUT,2026-07-28 11:00:00+00:00,-1.0,44.69,2.128819326301429,-3.128819326301429,VALIDATION,0.256507,0.6,False
SETUP_0630,2026-07-28 01:00:00+00:00,EURGBP,BUY,0.85543,0.8541614285714286,0.8592357142857142,0.0012685714285713967,0.19000000000002348,1.0,1.0,1.0155303447516246,10.0,60.0,65.0,50.0,70.0,0,TIMEOUT,2026-07-28 11:00:00+00:00,-1.0,32.86,2.5903153153153804,-3.5903153153153804,VALIDATION,0.256507,0.6,False
SETUP_0296,2026-07-28 01:15:00+00:00,BTCUSD,SELL,64586.6,64911.06071428571,63613.21785714286,324.46071428571304,100.0,1.0,1.0,1.0728494992454383,100.0,60.0,65.0,50.0,70.0,1,TP,2026-07-28 02:00:00+00:00,3.0,2250.0,0.06934583759865298,2.930654162401347,VALIDATION,0.33778787,0.6,False
SETUP_1862,2026-07-28 01:15:00+00:00,XRPUSD,SELL,1.0774,1.0868642857142856,1.0490071428571428,0.009464285714285703,1.9000000000000128,1.0,1.0,1.014591109602986,10.0,60.0,65.0,50.0,70.0,0,TIMEOUT,2026-07-28 11:15:00+00:00,-1.0,490.41,5.181690566037743,-6.181690566037743,VALIDATION,0.2528089,0.6,False
SETUP_0631,2026-07-28 01:15:00+00:00,EURGBP,BUY,0.85544,0.8543321428571429,0.8587635714285713,0.001107857142857105,0.19999999999997797,1.0,1.0,0.5,10.0,60.0,65.0,50.0,70.0,0,TIMEOUT,2026-07-28 11:15:00+00:00,-1.0,21.58,1.9479045776918782,-2.947904577691878,VALIDATION,0.2954485,0.6,False
SETUP_1429,2026-07-28 01:15:00+00:00,USDCHF,BUY,0.81913,0.8170814285714285,0.8252757142857146,0.0020485714285715106,1.1600000000000499,1.0,1.0,0.6531406336853808,10.0,60.0,65.0,50.0,70.0,0,TIMEOUT,2026-07-28 11:15:00+00:00,-1.0,29.3,1.4302649930264422,-2.430264993026442,VALIDATION,0.2968413,0.6,False
SETUP_1566,2026-07-28 01:15:00+00:00,USDJPY,BUY,163.744,163.6477142857143,164.0328571428571,0.09628571428569899,37.99999999998249,1.0,1.0,0.5305226174791392,100.0,60.0,65.0,50.0,70.0,0,TIMEOUT,2026-07-28 11:15:00+00:00,-1.0,29.44,0.030575667655791214,-1.0305756676557911,VALIDATION,0.29103175,0.6,False
SETUP_1675,2026-07-28 01:30:00+00:00,XAUUSD,SELL,4074.84,4084.4346428571425,4046.056071428573,9.59464285714239,14.100000000003092,1.0,1.0,0.724373576309795,70.50000000001546,60.0,65.0,50.0,70.0,1,TP,2026-07-28 04:30:00+00:00,3.0,31.36,0.03268490601154077,2.9673150939884594,VALIDATION,0.31241158,0.6,False
SETUP_0998,2026-07-28 01:30:00+00:00,GOLD,SELL,4074.84,4084.4346428571425,4046.056071428573,9.59464285714239,14.100000000003092,1.0,1.0,0.724373576309795,70.50000000001546,60.0,65.0,50.0,70.0,1,TP,2026-07-28 04:30:00+00:00,3.0,31.36,0.03268490601154077,2.9673150939884594,VALIDATION,0.31241158,0.6,False
SETUP_0297,2026-07-28 01:30:00+00:00,BTCUSD,SELL,64201.4,64873.232142857145,62185.90357142857,671.8321428571435,100.0,1.0,1.0,1.6720171214553237,100.0,60.0,65.0,50.0,70.0,0,TIMEOUT,2026-07-28 11:30:00+00:00,-1.0,2250.0,0.03349050836465313,-1.033490508364653,VALIDATION,0.2270273,0.6,False
SETUP_0479,2026-07-28 01:30:00+00:00,ETHUSD,SELL,1912.97,1943.169642857143,1822.3710714285714,30.199642857142862,100.0,1.0,1.0,1.7032539311848047,100.0,60.0,65.0,50.0,70.0,0,TIMEOUT,2026-07-28 11:30:00+00:00,-1.0,345.97,0.0011456095743800185,-1.00114560957438,VALIDATION,0.2270273,0.6,False
SETUP_1863,2026-07-28 01:30:00+00:00,XRPUSD,SELL,1.0698,1.0858107142857143,1.0217678571428574,0.01601071428571421,1.1999999999998678,1.0,1.0,1.7987012987012987,10.0,60.0,65.0,50.0,70.0,0,TIMEOUT,2026-07-28 11:30:00+00:00,-1.0,490.72,3.0649475797457204,-4.06494757974572,VALIDATION,0.14069332,0.6,False
SETUP_0480,2026-07-28 01:45:00+00:00,ETHUSD,SELL,1891.73,1941.4242857142858,1742.6471428571426,49.6942857142858,100.0,1.0,1.0,2.453344817685903,100.0,60.0,65.0,50.0,70.0,0,TIMEOUT,2026-07-28 11:45:00+00:00,-1.0,346.04,0.0006963376070833083,-1.0006963376070832,VALIDATION,0.17332028,0.6,False
SETUP_1864,2026-07-28 01:45:00+00:00,XRPUSD,SELL,1.0643,1.0837750000000002,1.0058749999999996,0.01947500000000013,6.099999999999994,1.0,1.0,2.7815150628838845,30.49999999999997,60.0,65.0,50.0,70.0,0,TIMEOUT,2026-07-28 11:45:00+00:00,-1.0,490.72,2.519743260590484,-3.519743260590484,VALIDATION,0.26682925,0.6,False
SETUP_0298,2026-07-28 01:45:00+00:00,BTCUSD,SELL,63781.2,64816.700000000004,60674.699999999975,1035.5000000000073,100.0,1.0,1.0,2.2894439563198192,100.0,60.0,65.0,50.0,70.0,0,TIMEOUT,2026-07-28 11:45:00+00:00,-1.0,2250.0,0.021728633510381304,-1.0217286335103812,VALIDATION,0.17332028,0.6,False
SETUP_0299,2026-07-28 02:00:00+00:00,BTCUSD,SELL,63789.8,64670.125,61148.82500000001,880.3249999999971,100.0,2.0,1.0,3.0246844633083882,100.0,60.0,65.0,50.0,70.0,0,TIMEOUT,2026-07-28 12:00:00+00:00,-1.0,2250.0,0.025558742509868598,-1.0255587425098687,VALIDATION,0.48098883,0.6,False
SETUP_0481,2026-07-28 02:00:00+00:00,ETHUSD,SELL,1889.28,1933.4242857142856,1756.8471428571431,44.144285714285616,100.0,2.0,1.0,2.857325737694425,100.0,60.0,65.0,50.0,70.0,0,TIMEOUT,2026-07-28 12:00:00+00:00,-1.0,346.05,0.000783906669687067,-1.000783906669687,VALIDATION,0.48098883,0.6,False
SETUP_1865,2026-07-28 02:00:00+00:00,XRPUSD,SELL,1.0632,1.0800107142857143,1.0127678571428569,0.016810714285714345,2.8999999999999027,2.0,1.0,3.4561690353414662,14.499999999999513,60.0,65.0,50.0,70.0,0,TIMEOUT,2026-07-28 12:00:00+00:00,-1.0,490.78,2.9194476311875825,-3.9194476311875825,VALIDATION,0.30735004,0.6,False
SETUP_1567,2026-07-28 03:00:00+00:00,USDJPY,BUY,163.804,163.69896428571428,164.11910714285716,0.10503571428571945,13.00000000000523,3.0,1.0,2.446185894256522,65.00000000002615,60.0,65.0,50.0,70.0,0,SL,2026-07-28 05:45:00+00:00,-1.0,25.44,0.02422033321999201,-1.024220333219992,VALIDATION,0.2798137,0.6,False
SETUP_1430,2026-07-28 03:00:00+00:00,USDCHF,BUY,0.81937,0.8187021428571429,0.8213735714285714,0.000667857142857109,0.19000000000002348,3.0,1.0,2.1815519765739384,10.0,60.0,65.0,50.0,70.0,0,SL,2026-07-28 03:30:00+00:00,-1.0,25.85,3.8705882352943144,-4.870588235294314,VALIDATION,0.4336301,0.6,False
SETUP_1676,2026-07-28 03:15:00+00:00,XAUUSD,SELL,4062.02,4075.482142857143,4021.6335714285706,13.462142857143135,25.199999999999818,3.0,1.0,2.1477614075239595,100.0,60.0,65.0,50.0,70.0,1,TP,2026-07-28 12:45:00+00:00,3.0,30.42,0.022596699740011206,2.9774033002599887,VALIDATION,0.31511188,0.6,False
SETUP_0999,2026-07-28 03:15:00+00:00,GOLD,SELL,4062.02,4075.482142857143,4021.6335714285706,13.462142857143135,25.199999999999818,3.0,1.0,2.1477614075239595,100.0,60.0,65.0,50.0,70.0,1,TP,2026-07-28 12:45:00+00:00,3.0,30.42,0.022596699740011206,2.9774033002599887,VALIDATION,0.31511188,0.6,False
SETUP_1866,2026-07-28 04:00:00+00:00,XRPUSD,SELL,1.0566,1.0644714285714287,1.0329857142857137,0.007871428571428751,1.7999999999998018,4.0,1.0,1.654985304092245,10.0,60.0,65.0,50.0,70.0,0,TIMEOUT,2026-07-28 14:00:00+00:00,-1.0,491.01,6.237876588021636,-7.237876588021636,VALIDATION,0.29298744,0.6,False
SETUP_0300,2026-07-28 04:15:00+00:00,BTCUSD,SELL,63299.6,63740.917857142864,61975.6464285714,441.31785714286525,100.0,4.0,1.0,1.226317602480193,100.0,60.0,65.0,50.0,70.0,0,TIMEOUT,2026-07-28 14:15:00+00:00,-1.0,2250.0,0.050983660950561095,-1.0509836609505612,VALIDATION,0.4652216,0.6,False
SETUP_1677,2026-07-28 04:30:00+00:00,XAUUSD,SELL,4048.87,4063.2471428571425,4005.738571428572,14.377142857142644,32.800000000002,4.0,1.0,1.909883801933848,100.0,60.0,65.0,50.0,70.0,0,TIMEOUT,2026-07-28 14:30:00+00:00,-1.0,31.27,0.021749801271860415,-1.0217498012718604,VALIDATION,0.28984925,0.6,False
SETUP_1000,2026-07-28 04:30:00+00:00,GOLD,SELL,4048.87,4063.2471428571425,4005.738571428572,14.377142857142644,32.800000000002,4.0,1.0,1.909883801933848,100.0,60.0,65.0,50.0,70.0,0,TIMEOUT,2026-07-28 14:30:00+00:00,-1.0,31.27,0.021749801271860415,-1.0217498012718604,VALIDATION,0.28984925,0.6,False
SETUP_1431,2026-07-28 04:45:00+00:00,USDCHF,BUY,0.81886,0.8183339285714286,0.8204382142857143,0.0005260714285714174,0.12000000000000899,4.0,1.0,1.3060255268625707,10.0,60.0,65.0,50.0,70.0,0,SL,2026-07-28 06:30:00+00:00,-1.0,26.44,5.0259334691107656,-6.0259334691107656,VALIDATION,0.31487074,0.6,False
SETUP_1302,2026-07-28 04:45:00+00:00,USDCAD,BUY,1.41198,1.4113367857142858,1.4139096428571427,0.0006432142857142331,0.140000000000029,4.0,1.0,1.9062351261304142,10.0,60.0,65.0,50.0,70.0,0,SL,2026-07-28 06:30:00+00:00,-1.0,30.3,4.710716268739975,-5.710716268739975,VALIDATION,0.4336301,0.6,False
SETUP_0746,2026-07-28 07:00:00+00:00,EURUSD,SELL,1.13697,1.1380839285714286,1.1336282142857144,0.0011139285714285574,0.11999999999989797,7.0,1.0,1.201780415430267,10.0,60.0,65.0,50.0,70.0,0,TIMEOUT,2026-07-28 17:00:00+00:00,-1.0,20.06,1.8008336005130077,-2.8008336005130077,VALIDATION,0.5164274,0.6,False
SETUP_0892,2026-07-28 07:00:00+00:00,GBPUSD,SELL,1.32921,1.33053,1.32525,0.0013199999999999878,0.18999999999991246,7.0,1.0,1.1111680590436164,10.0,60.0,65.0,50.0,70.0,0,TIMEOUT,2026-07-28 17:00:00+00:00,-1.0,24.75,1.8750000000000173,-2.8750000000000173,VALIDATION,0.5164274,0.6,False
SETUP_1139,2026-07-28 07:00:00+00:00,NZDUSD,SELL,0.57666,0.5779335714285714,0.5728392857142857,0.0012735714285714295,0.22999999999995246,7.0,1.0,1.6427528138156198,10.0,60.0,65.0,50.0,70.0,0,TIMEOUT,2026-07-28 17:00:00+00:00,-1.0,28.26,2.2189568143578224,-3.2189568143578224,VALIDATION,0.4336301,0.6,False
SETUP_0747,2026-07-28 07:15:00+00:00,EURUSD,SELL,1.13697,1.1376467857142858,1.1349396428571428,0.0006767857142857547,0.1900000000001345,7.0,1.0,0.5235711305798916,10.0,60.0,65.0,50.0,70.0,0,TIMEOUT,2026-07-28 17:15:00+00:00,-1.0,19.81,2.927071240105366,-3.927071240105366,VALIDATION,0.6585166,0.6,True
SETUP_0893,2026-07-28 07:15:00+00:00,GBPUSD,SELL,1.3293300000000001,1.3301746428571428,1.326796071428572,0.0008446428571426967,0.140000000000029,7.0,1.0,1.1556119957018658,10.0,60.0,65.0,50.0,70.0,0,SL,2026-07-28 10:15:00+00:00,-1.0,25.25,2.989429175476255,-3.989429175476255,VALIDATION,0.5164274,0.6,False
SETUP_0111,2026-07-28 07:15:00+00:00,AUDUSD,SELL,0.69705,0.6986807142857142,0.6921578571428572,0.0016307142857142631,0.5700000000000705,7.0,1.0,0.8661912751677853,10.0,60.0,65.0,50.0,70.0,0,TIMEOUT,2026-07-28 17:15:00+00:00,-1.0,24.35,1.4932106876916547,-2.4932106876916547,VALIDATION,0.5984034,0.6,False
SETUP_0748,2026-07-28 08:00:00+00:00,EURUSD,SELL,1.13612,1.137179642857143,1.132941071428571,0.001059642857142995,0.12000000000012001,8.0,1.0,1.442730152242771,10.0,60.0,65.0,50.0,70.0,0,SL,2026-07-28 09:30:00+00:00,-1.0,19.83,1.8713852376135078,-2.8713852376135076,VALIDATION,0.26685295,0.6,False
SETUP_0112,2026-07-28 08:15:00+00:00,AUDUSD,SELL,0.69651,0.6975428571428571,0.6934114285714285,0.0010328571428571687,0.43999999999999595,8.0,1.0,0.956328031912138,10.0,60.0,65.0,50.0,70.0,0,SL,2026-07-28 18:00:00+00:00,-1.0,24.1,2.3333333333332753,-3.3333333333332753,VALIDATION,0.5654681,0.6,False
SETUP_0749,2026-07-28 08:15:00+00:00,EURUSD,SELL,1.13641,1.1372192857142855,1.133982142857143,0.0008092857142856236,0.28999999999990145,8.0,1.0,0.7922867323412283,10.0,60.0,65.0,50.0,70.0,0,SL,2026-07-28 10:00:00+00:00,-1.0,20.01,2.4725507502209303,-3.4725507502209303,VALIDATION,0.72008353,0.6,True
SETUP_1303,2026-07-28 08:15:00+00:00,USDCAD,BUY,1.41219,1.4113721428571429,1.4146435714285717,0.0008178571428572035,0.3500000000000725,8.0,1.0,1.018005540166205,10.0,60.0,65.0,50.0,70.0,0,SL,2026-07-28 09:15:00+00:00,-1.0,30.33,3.7084716157202493,-4.708471615720249,VALIDATION,0.51270664,0.6,False
SETUP_0894,2026-07-28 08:15:00+00:00,GBPUSD,SELL,1.32892,1.329707857142857,1.326556428571429,0.0007878571428570069,0.19999999999997797,8.0,1.0,1.0403008098727342,10.0,60.0,65.0,50.0,70.0,0,SL,2026-07-28 09:45:00+00:00,-1.0,25.45,3.2302810516778013,-4.230281051677801,VALIDATION,0.4970793,0.6,False
SETUP_1568,2026-07-28 10:15:00+00:00,USDJPY,BUY,163.746,163.64039285714284,164.0628214285715,0.10560714285716699,11.000000000024102,10.0,1.0,1.1574257425742573,55.00000000012051,60.0,65.0,50.0,70.0,0,SL,2026-07-28 18:45:00+00:00,-1.0,24.83,0.02351166723029561,-1.0235116672302955,VALIDATION,0.75350773,0.6,True
SETUP_1867,2026-07-28 10:30:00+00:00,XRPUSD,SELL,1.0535,1.0588785714285716,1.0373642857142857,0.005378571428571455,1.0999999999998789,10.0,1.0,0.9055118110236221,10.0,60.0,65.0,50.0,70.0,0,SL,2026-07-28 18:15:00+00:00,-1.0,490.08,9.111713147410315,-10.111713147410315,VALIDATION,0.76960725,0.6,True
SETUP_0895,2026-07-28 10:45:00+00:00,GBPUSD,SELL,1.3290600000000001,1.3306378571428572,1.324326428571429,0.0015778571428570753,0.300000000000189,10.0,1.0,1.2519967189051504,10.0,60.0,65.0,50.0,70.0,0,SL,2026-07-28 18:30:00+00:00,-1.0,23.72,1.503304662743387,-2.5033046627433873,VALIDATION,0.7904245,0.6,True
SETUP_1868,2026-07-28 10:45:00+00:00,XRPUSD,SELL,1.0534,1.0583285714285713,1.0386142857142857,0.004928571428571393,1.000000000000112,10.0,1.0,1.05562855891371,10.0,60.0,65.0,50.0,70.0,0,SL,2026-07-28 18:15:00+00:00,-1.0,490.27,9.947507246376883,-10.947507246376883,VALIDATION,0.75350773,0.6,True
SETUP_1432,2026-07-28 10:45:00+00:00,USDCHF,BUY,0.81984,0.8187675,0.8230575000000001,0.0010725000000000318,0.12999999999996348,10.0,1.0,1.2160543130990416,10.0,60.0,65.0,50.0,70.0,0,SL,2026-07-28 16:30:00+00:00,-1.0,25.28,2.3571095571094878,-3.3571095571094878,VALIDATION,0.7490533,0.6,True
SETUP_0113,2026-07-28 10:45:00+00:00,AUDUSD,SELL,0.69678,0.6977171428571428,0.6939685714285714,0.0009371428571428586,0.1500000000000945,10.0,1.0,1.0811972701381052,10.0,60.0,65.0,50.0,70.0,0,SL,2026-07-28 18:15:00+00:00,-1.0,23.71,2.5300304878048743,-3.5300304878048743,VALIDATION,0.7571087,0.6,True
SETUP_1433,2026-07-28 11:00:00+00:00,USDCHF,BUY,0.81975,0.8188725,0.8223824999999999,0.0008774999999999755,0.12999999999996348,11.0,1.0,1.2164157071154413,10.0,60.0,65.0,50.0,70.0,0,SL,2026-07-28 16:30:00+00:00,-1.0,25.06,2.8558404558405357,-3.8558404558405357,VALIDATION,0.7490533,0.6,True
SETUP_1569,2026-07-28 11:30:00+00:00,USDJPY,BUY,163.829,163.72810714285714,164.1316785714286,0.10089285714286689,31.00000000000591,11.0,1.0,0.8398428253562467,100.0,60.0,65.0,50.0,70.0,0,SL,2026-07-28 18:15:00+00:00,-1.0,25.29,0.025066194690263065,-1.025066194690263,VALIDATION,0.7016006,0.6,True
SETUP_0750,2026-07-28 12:15:00+00:00,EURUSD,SELL,1.13649,1.1373757142857142,1.1338328571428575,0.0008857142857141564,0.21000000000004349,12.0,1.0,0.7575004143875352,10.0,60.0,65.0,50.0,70.0,0,SL,2026-07-28 17:00:00+00:00,-1.0,19.42,2.1925806451616108,-3.1925806451616108,VALIDATION,0.76920813,0.6,True
SETUP_0896,2026-07-28 12:15:00+00:00,GBPUSD,SELL,1.32916,1.330539642857143,1.3250210714285706,0.001379642857143093,0.31000000000003247,12.0,1.0,0.8003214142225793,10.0,60.0,65.0,50.0,70.0,0,SL,2026-07-28 18:15:00+00:00,-1.0,24.72,1.7917680559147855,-2.7917680559147855,VALIDATION,0.76920813,0.6,True
SETUP_1678,2026-07-28 12:45:00+00:00,XAUUSD,SELL,4023.17,4047.2110714285714,3951.046785714286,24.041071428571286,48.400000000001455,12.0,1.0,1.0602835642090325,100.0,60.0,65.0,50.0,70.0,0,TIMEOUT,2026-07-28 22:45:00+00:00,-1.0,30.28,0.012595112530639605,-1.0125951125306396,VALIDATION,0.60927755,0.6,True
SETUP_0897,2026-07-28 12:45:00+00:00,GBPUSD,SELL,1.32789,1.3297935714285714,1.322179285714286,0.0019035714285713379,0.31999999999987594,12.0,1.0,0.9985590216925654,10.0,60.0,65.0,50.0,70.0,0,SL,2026-07-28 15:45:00+00:00,-1.0,24.49,1.2865290806754832,-2.286529080675483,VALIDATION,0.7175842,0.6,True
SETUP_0114,2026-07-28 12:45:00+00:00,AUDUSD,SELL,0.69638,0.6974696428571427,0.6931110714285718,0.0010896428571427474,0.140000000000029,12.0,1.0,0.8955713504647348,10.0,60.0,65.0,50.0,70.0,0,SL,2026-07-28 18:00:00+00:00,-1.0,23.83,2.18695509668983,-3.18695509668983,VALIDATION,0.7087223,0.6,True
SETUP_0751,2026-07-28 12:45:00+00:00,EURUSD,SELL,1.13554,1.1369346428571427,1.1313560714285718,0.0013946428571427472,0.32999999999994145,12.0,1.0,1.0274734000317611,10.0,60.0,65.0,50.0,70.0,0,SL,2026-07-28 16:00:00+00:00,-1.0,19.44,1.3939052496800077,-2.3939052496800075,VALIDATION,0.70474344,0.6,True
SETUP_1434,2026-07-28 12:45:00+00:00,USDCHF,BUY,0.82014,0.8190289285714285,0.8234732142857144,0.0011110714285714751,0.17000000000000348,12.0,1.0,1.0061546695210062,10.0,60.0,65.0,50.0,70.0,0,SL,2026-07-28 16:00:00+00:00,-1.0,25.23,2.2707810993248807,-3.2707810993248807,VALIDATION,0.7175842,0.6,True
SETUP_1001,2026-07-28 12:45:00+00:00,GOLD,SELL,4023.17,4047.2110714285714,3951.046785714286,24.041071428571286,48.400000000001455,12.0,1.0,1.0602835642090325,100.0,60.0,65.0,50.0,70.0,0,TIMEOUT,2026-07-28 22:45:00+00:00,-1.0,30.28,0.012595112530639605,-1.0125951125306396,VALIDATION,0.60927755,0.6,True
SETUP_0482,2026-07-28 13:00:00+00:00,ETHUSD,SELL,1874.16,1885.2242857142855,1840.9671428571437,11.064285714285461,100.0,13.0,1.0,1.0540216086434573,100.0,60.0,65.0,50.0,70.0,0,SL,2026-07-28 15:45:00+00:00,-1.0,345.29,0.003120761781794778,-1.0031207617817948,VALIDATION,0.62771684,0.6,True
SETUP_0301,2026-07-28 13:00:00+00:00,BTCUSD,SELL,63334.7,63616.014285714286,62490.75714285713,281.3142857142884,100.0,13.0,1.0,1.1896155110088729,100.0,60.0,65.0,50.0,70.0,0,SL,2026-07-28 18:15:00+00:00,-1.0,2250.0,0.07998171846435023,-1.0799817184643503,VALIDATION,0.61530226,0.6,True
SETUP_0115,2026-07-28 13:00:00+00:00,AUDUSD,SELL,0.69637,0.6973778571428572,0.6933464285714287,0.001007857142857116,0.48000000000003595,13.0,1.0,0.8432349559218092,10.0,60.0,65.0,50.0,70.0,0,SL,2026-07-28 18:00:00+00:00,-1.0,23.73,2.3545003543586738,-3.3545003543586738,VALIDATION,0.7622115,0.6,True
SETUP_1570,2026-07-28 13:00:00+00:00,USDJPY,BUY,163.883,163.80089285714288,164.1293214285714,0.08210714285712584,13.00000000000523,13.0,1.0,0.9723166145620951,65.00000000002615,60.0,65.0,50.0,70.0,0,SL,2026-07-28 18:00:00+00:00,-1.0,24.29,0.029583297085695563,-1.0295832970856955,VALIDATION,0.7167479,0.6,True
SETUP_0898,2026-07-28 13:00:00+00:00,GBPUSD,SELL,1.32757,1.3295575,1.3216074999999998,0.001987500000000031,0.8200000000000429,13.0,1.0,0.9444813959857584,10.0,60.0,65.0,50.0,70.0,0,SL,2026-07-28 15:45:00+00:00,-1.0,24.34,1.2246540880502954,-2.224654088050295,VALIDATION,0.7096133,0.6,True
SETUP_1002,2026-07-28 13:00:00+00:00,GOLD,SELL,4024.13,4043.519642857143,3965.9610714285714,19.389642857142917,26.299999999996544,13.0,1.0,1.1771971939310601,100.0,60.0,65.0,50.0,70.0,0,SL,2026-07-28 18:45:00+00:00,-1.0,30.79,0.015879611722016494,-1.0158796117220166,VALIDATION,0.692767,0.6,True
SETUP_0752,2026-07-28 13:00:00+00:00,EURUSD,SELL,1.13557,1.136685,1.132225,0.0011149999999999771,0.49000000000010147,13.0,1.0,1.1794506451357556,10.0,60.0,65.0,50.0,70.0,0,SL,2026-07-28 14:45:00+00:00,-1.0,19.47,1.7461883408072107,-2.746188340807211,VALIDATION,0.692767,0.6,True
SETUP_1304,2026-07-28 13:00:00+00:00,USDCAD,BUY,1.41136,1.4105135714285715,1.4138992857142854,0.0008464285714284703,0.260000000000149,13.0,1.0,0.8874139626352016,10.0,60.0,65.0,50.0,70.0,0,SL,2026-07-28 14:30:00+00:00,-1.0,29.59,3.495864978903372,-4.495864978903372,VALIDATION,0.7175842,0.6,True
SETUP_1435,2026-07-28 13:00:00+00:00,USDCHF,BUY,0.82007,0.8193517857142857,0.8222246428571428,0.0007182142857142804,0.14999999999998348,13.0,1.0,1.0534688466637208,10.0,60.0,65.0,50.0,70.0,0,SL,2026-07-28 14:30:00+00:00,-1.0,25.19,3.5073097961213593,-4.507309796121359,VALIDATION,0.70474344,0.6,True
SETUP_1679,2026-07-28 13:00:00+00:00,XAUUSD,SELL,4024.13,4043.519642857143,3965.9610714285714,19.389642857142917,26.299999999996544,13.0,1.0,1.1771971939310601,100.0,60.0,65.0,50.0,70.0,0,SL,2026-07-28 18:45:00+00:00,-1.0,30.79,0.015879611722016494,-1.0158796117220166,VALIDATION,0.692767,0.6,True
SETUP_1140,2026-07-28 13:00:00+00:00,NZDUSD,SELL,0.57639,0.5771789285714286,0.574023214285714,0.0007889285714286487,0.31999999999998696,13.0,1.0,0.8485279729609535,10.0,60.0,65.0,50.0,70.0,0,SL,2026-07-28 15:45:00+00:00,-1.0,28.18,3.571933001357731,-4.571933001357731,VALIDATION,0.76920813,0.6,True
SETUP_1305,2026-07-28 15:15:00+00:00,USDCAD,BUY,1.41131,1.4100685714285714,1.415034285714286,0.0012414285714286155,0.26999999999999247,15.0,1.0,0.9417127971344839,10.0,60.0,65.0,50.0,70.0,0,SL,2026-07-28 16:00:00+00:00,-1.0,29.24,2.3553509781357045,-3.3553509781357045,VALIDATION,0.47385812,0.6,False
SETUP_1306,2026-07-28 15:30:00+00:00,USDCAD,BUY,1.4112,1.4102671428571427,1.4139985714285719,0.0009328571428572907,0.12999999999996348,15.0,1.0,1.1004355623879067,10.0,60.0,65.0,50.0,70.0,0,SL,2026-07-28 16:00:00+00:00,-1.0,28.87,3.09479326186781,-4.09479326186781,VALIDATION,0.5587054,0.6,False
SETUP_0632,2026-07-28 15:45:00+00:00,EURGBP,SELL,0.85462,0.8555214285714285,0.8519157142857146,0.0009014285714284975,0.24000000000001798,15.0,1.0,0.953151430462602,10.0,60.0,65.0,50.0,70.0,0,SL,2026-07-28 17:15:00+00:00,-1.0,20.33,2.255309033280692,-3.255309033280692,VALIDATION,0.47385812,0.6,False
SETUP_0483,2026-07-28 16:30:00+00:00,ETHUSD,SELL,1867.65,1898.4910714285713,1775.1267857142864,30.84107142857124,100.0,16.0,1.0,4.493047961256053,100.0,60.0,65.0,50.0,70.0,0,SL,2026-07-28 18:15:00+00:00,-1.0,346.38,0.001123112732325871,-1.001123112732326,VALIDATION,0.13741775,0.6,False
SETUP_0302,2026-07-28 16:30:00+00:00,BTCUSD,SELL,62978.7,63664.57857142857,60921.06428571429,685.8785714285696,100.0,16.0,1.0,3.6145710928319623,100.0,60.0,65.0,50.0,70.0,0,SL,2026-07-28 18:15:00+00:00,-1.0,2250.0,0.032804640554867155,-1.0328046405548672,VALIDATION,0.13741775,0.6,False
SETUP_0484,2026-07-28 16:45:00+00:00,ETHUSD,SELL,1872.3,1895.3457142857144,1803.1628571428566,23.04571428571444,100.0,16.0,1.0,3.605478008954438,100.0,60.0,65.0,50.0,70.0,0,SL,2026-07-28 18:15:00+00:00,-1.0,346.6,0.001503967270022306,-1.0015039672700223,VALIDATION,0.13741775,0.6,False
SETUP_0303,2026-07-28 16:45:00+00:00,BTCUSD,SELL,63095.5,63588.68035714286,61615.95892857142,493.1803571428609,100.0,16.0,1.0,2.838345864661654,100.0,60.0,65.0,50.0,70.0,0,SL,2026-07-28 18:15:00+00:00,-1.0,2250.0,0.04562225497047192,-1.045622254970472,VALIDATION,0.18480007,0.6,False
SETUP_1307,2026-07-28 17:00:00+00:00,USDCAD,SELL,1.41001,1.4111457142857142,1.4066028571428573,0.00113571428571424,0.22999999999995246,17.0,1.0,1.6305388210123304,10.0,60.0,65.0,50.0,70.0,0,TIMEOUT,2026-07-29 03:00:00+00:00,-1.0,28.45,2.5050314465409813,-3.5050314465409813,VALIDATION,0.32047006,0.6,False
SETUP_0633,2026-07-28 17:15:00+00:00,EURGBP,BUY,0.85566,0.8546346428571429,0.8587360714285713,0.0010253571428571195,0.22999999999995246,17.0,1.0,1.1068263311007376,10.0,60.0,65.0,50.0,70.0,0,TIMEOUT,2026-07-29 03:15:00+00:00,-1.0,20.15,1.9651689306862166,-2.9651689306862163,VALIDATION,0.47385812,0.6,False
SETUP_0634,2026-07-28 17:30:00+00:00,EURGBP,BUY,0.85589,0.85462,0.8597,0.0012699999999999934,0.12000000000000899,17.0,1.0,0.9303254142543421,10.0,60.0,65.0,50.0,70.0,0,TIMEOUT,2026-07-29 03:30:00+00:00,-1.0,20.13,1.5850393700787484,-2.585039370078748,VALIDATION,0.5587054,0.6,False
SETUP_0635,2026-07-28 18:00:00+00:00,EURGBP,BUY,0.8565,0.8553210714285714,0.860036785714286,0.0011789285714286502,0.3300000000000525,18.0,1.0,1.965658784760363,10.0,60.0,65.0,50.0,70.0,0,TIMEOUT,2026-07-29 04:00:00+00:00,-1.0,20.25,1.7176613147529902,-2.7176613147529904,VALIDATION,0.1582869,0.6,False
SETUP_0753,2026-07-28 18:00:00+00:00,EURUSD,BUY,1.13935,1.1372000000000002,1.1457999999999997,0.0021499999999998742,0.42000000000008697,18.0,1.0,1.9955272664717012,10.0,60.0,65.0,50.0,70.0,0,TIMEOUT,2026-07-29 04:00:00+00:00,-1.0,19.28,0.8967441860465643,-1.8967441860465644,VALIDATION,0.12473132,0.6,False
SETUP_1436,2026-07-28 18:15:00+00:00,USDCHF,SELL,0.81708,0.8190017857142857,0.8113146428571429,0.0019217857142856953,0.6099999999999994,18.0,1.0,2.0951570760162848,10.0,60.0,65.0,50.0,70.0,0,SL,2026-07-28 22:45:00+00:00,-1.0,25.06,1.3039955398624918,-2.303995539862492,VALIDATION,0.093677886,0.6,False
SETUP_1571,2026-07-28 18:15:00+00:00,USDJPY,SELL,163.683,163.89496428571428,163.04710714285713,0.21196428571428783,90.00000000000341,18.0,1.0,2.605568873317352,100.0,60.0,65.0,50.0,70.0,0,TIMEOUT,2026-07-29 04:15:00+00:00,-1.0,24.82,0.011709519797809488,-1.0117095197978094,VALIDATION,0.076376714,0.6,False
SETUP_0754,2026-07-28 18:15:00+00:00,EURUSD,BUY,1.1395,1.1372307142857143,1.1463078571428569,0.0022692857142856404,0.6200000000000649,18.0,1.0,1.9799245844176536,10.0,60.0,65.0,50.0,70.0,0,TIMEOUT,2026-07-29 04:15:00+00:00,-1.0,19.34,0.852250550834148,-1.852250550834148,VALIDATION,0.093677886,0.6,False
SETUP_1141,2026-07-28 18:15:00+00:00,NZDUSD,BUY,0.5791,0.5773892857142857,0.5842321428571426,0.0017107142857142321,0.7599999999999829,18.0,1.0,1.8367056141350813,10.0,60.0,65.0,50.0,70.0,0,TIMEOUT,2026-07-29 04:15:00+00:00,-1.0,28.07,1.640835073068945,-2.6408350730689447,VALIDATION,0.12165192,0.6,False
SETUP_1572,2026-07-28 18:30:00+00:00,USDJPY,SELL,163.661,163.87928571428571,163.00614285714286,0.21828571428571308,26.00000000001046,18.0,1.0,1.974516846245938,100.0,60.0,65.0,50.0,70.0,0,TIMEOUT,2026-07-29 04:30:00+00:00,-1.0,24.73,0.011329188481675457,-1.0113291884816755,VALIDATION,0.102943264,0.6,False
SETUP_1142,2026-07-28 18:30:00+00:00,NZDUSD,BUY,0.57939,0.5773960714285714,0.5853717857142856,0.0019939285714285493,0.29999999999996696,18.0,1.0,1.1830790568654646,10.0,60.0,65.0,50.0,70.0,0,TIMEOUT,2026-07-29 04:30:00+00:00,-1.0,28.12,1.410281210818572,-2.410281210818572,VALIDATION,0.22893128,0.6,False
SETUP_0485,2026-07-28 18:30:00+00:00,ETHUSD,BUY,1914.52,1876.4385714285713,2028.764285714286,38.08142857142866,100.0,18.0,1.0,1.3826292872966162,100.0,60.0,65.0,50.0,70.0,0,TIMEOUT,2026-07-29 04:30:00+00:00,-1.0,346.12,0.0009088944742469125,-1.0009088944742468,VALIDATION,0.14227267,0.6,False
SETUP_1437,2026-07-28 18:30:00+00:00,USDCHF,SELL,0.81675,0.8188596428571429,0.8104210714285713,0.0021096428571428794,0.17000000000000348,18.0,1.0,1.5085527468036661,10.0,60.0,65.0,50.0,70.0,0,SL,2026-07-28 21:45:00+00:00,-1.0,25.01,1.1855087184695998,-2.1855087184696,VALIDATION,0.28435948,0.6,False
SETUP_1869,2026-07-28 20:15:00+00:00,XRPUSD,SELL,1.0565,1.0662321428571429,1.0273035714285714,0.009732142857142856,2.0999999999999908,20.0,1.0,0.7501488390553681,10.499999999999954,60.0,65.0,50.0,70.0,0,SL,2026-07-29 00:45:00+00:00,-1.0,490.45,5.039486238532111,-6.039486238532111,VALIDATION,0.35292974,0.6,False
SETUP_1308,2026-07-28 20:30:00+00:00,USDCAD,BUY,1.41038,1.4083482142857142,1.4164753571428572,0.00203178571428575,0.26999999999999247,20.0,1.0,0.5,10.0,60.0,65.0,50.0,70.0,0,TIMEOUT,2026-07-29 06:30:00+00:00,-1.0,28.72,1.413534891896618,-2.413534891896618,VALIDATION,0.2557172,0.6,False
SETUP_1003,2026-07-28 20:45:00+00:00,GOLD,SELL,4027.76,4044.888571428571,3976.3742857142875,17.128571428570922,56.70000000000073,20.0,1.0,0.7624549945574813,100.0,60.0,65.0,50.0,70.0,0,TIMEOUT,2026-07-29 07:45:00+00:00,-1.0,28.82,0.016825688073394993,-1.016825688073395,VALIDATION,0.34371293,0.6,False
SETUP_0116,2026-07-28 20:45:00+00:00,AUDUSD,SELL,0.69741,0.6984303571428572,0.6943489285714284,0.0010203571428571978,0.140000000000029,20.0,1.0,0.5,10.0,60.0,65.0,50.0,70.0,1,TP,2026-07-29 04:30:00+00:00,3.0,24.28,2.3795589779487694,0.6204410220512306,VALIDATION,0.4091624,0.6,False
SETUP_0486,2026-07-28 20:45:00+00:00,ETHUSD,SELL,1900.06,1918.0157142857142,1846.192857142857,17.955714285714294,100.0,20.0,1.0,0.5666621639875726,100.0,60.0,65.0,50.0,70.0,0,SL,2026-07-28 22:30:00+00:00,-1.0,345.54,0.001924401304797517,-1.0019244013047974,VALIDATION,0.281906,0.6,False
SETUP_0899,2026-07-28 20:45:00+00:00,GBPUSD,SELL,1.32905,1.3307839285714287,1.3238482142857142,0.0017339285714286223,0.22999999999995246,20.0,1.0,0.7078664799253035,10.0,60.0,65.0,50.0,70.0,0,TIMEOUT,2026-07-29 06:45:00+00:00,-1.0,23.7,1.3668383110195275,-2.3668383110195275,VALIDATION,0.2557172,0.6,False
SETUP_1438,2026-07-28 20:45:00+00:00,USDCHF,BUY,0.81843,0.8173635714285714,0.8216292857142857,0.0010664285714285793,0.19999999999997797,20.0,1.0,0.5567185289957567,10.0,60.0,65.0,50.0,70.0,0,SL,2026-07-29 00:00:00+00:00,-1.0,25.92,2.4305425318151195,-3.4305425318151195,VALIDATION,0.27525878,0.6,False
SETUP_1680,2026-07-28 20:45:00+00:00,XAUUSD,SELL,4027.76,4044.888571428571,3976.3742857142875,17.128571428570922,56.70000000000073,20.0,1.0,0.7624549945574813,100.0,60.0,65.0,50.0,70.0,0,TIMEOUT,2026-07-29 07:45:00+00:00,-1.0,28.82,0.016825688073394993,-1.016825688073395,VALIDATION,0.34371293,0.6,False
SETUP_0900,2026-07-28 21:00:00+00:00,GBPUSD,SELL,1.32894,1.330224642857143,1.3250860714285713,0.0012846428571429147,0.220000000000109,21.0,1.0,0.6858049540152205,10.0,60.0,65.0,50.0,70.0,0,TIMEOUT,2026-07-29 07:00:00+00:00,-1.0,24.68,1.921156519321571,-2.921156519321571,VALIDATION,0.2557172,0.6,False
SETUP_0487,2026-07-28 21:15:00+00:00,ETHUSD,BUY,1907.59,1888.9685714285713,1963.4542857142858,18.621428571428623,100.0,21.0,1.0,0.5,100.0,60.0,65.0,50.0,70.0,0,SL,2026-07-29 07:00:00+00:00,-1.0,345.71,0.0018565170694284565,-1.0018565170694285,VALIDATION,0.281906,0.6,False
SETUP_1439,2026-07-28 21:30:00+00:00,USDCHF,BUY,0.81884,0.818075,0.8211350000000001,0.0007650000000000157,0.15999999999993797,21.0,1.0,0.5205122124733222,10.0,60.0,65.0,50.0,70.0,0,SL,2026-07-29 00:00:00+00:00,-1.0,26.06,3.4065359477123485,-4.4065359477123485,VALIDATION,0.27525878,0.6,False
SETUP_1440,2026-07-28 23:00:00+00:00,USDCHF,BUY,0.81913,0.8185910714285713,0.820746785714286,0.0005389285714286762,0.19000000000002348,23.0,1.0,0.5,10.0,60.0,65.0,50.0,70.0,0,SL,2026-07-29 00:00:00+00:00,-1.0,26.54,4.924585818421839,-5.924585818421839,VALIDATION,0.26925144,0.6,False
SETUP_1143,2026-07-29 00:00:00+00:00,NZDUSD,SELL,0.57765,0.5787621428571428,0.5743135714285716,0.0011121428571427838,0.26999999999999247,0.0,1.0,0.5,10.0,60.0,65.0,50.0,70.0,0,SL,2026-07-29 08:00:00+00:00,-1.0,88.53,7.9603082851643014,-8.960308285164302,VALIDATION,0.073021576,0.6,False
SETUP_1441,2026-07-29 00:00:00+00:00,USDCHF,SELL,0.81721,0.8194564285714285,0.8104707142857144,0.002246428571428538,0.32999999999994145,0.0,1.0,0.5,10.0,60.0,65.0,50.0,70.0,0,SL,2026-07-29 01:15:00+00:00,-1.0,183.38,8.163179650238595,-9.163179650238595,VALIDATION,0.073021576,0.6,False
SETUP_1309,2026-07-29 00:15:00+00:00,USDCAD,SELL,1.41001,1.4108785714285714,1.4074042857142857,0.0008685714285714408,0.41000000000002146,0.0,1.0,0.5,10.0,60.0,65.0,50.0,70.0,0,TIMEOUT,2026-07-29 10:15:00+00:00,-1.0,124.65,14.351151315789272,-15.351151315789272,VALIDATION,0.07019307,0.6,False
SETUP_0488,2026-07-29 00:45:00+00:00,ETHUSD,BUY,1922.05,1915.718214285714,1941.0453571428575,6.331785714285843,100.0,0.0,1.0,1.1031024757129426,100.0,60.0,65.0,50.0,70.0,0,SL,2026-07-29 01:30:00+00:00,-1.0,347.67,0.005490868069264935,-1.005490868069265,VALIDATION,0.08652911,0.6,False
SETUP_1442,2026-07-29 01:15:00+00:00,USDCHF,BUY,0.81941,0.8178267857142857,0.8241596428571428,0.001583214285714285,0.43000000000004146,1.0,1.0,1.4343317972350231,10.0,60.0,65.0,50.0,70.0,0,SL,2026-07-29 06:15:00+00:00,-1.0,30.12,1.9024588314910906,-2.9024588314910904,VALIDATION,0.13165177,0.6,False
SETUP_1681,2026-07-29 01:15:00+00:00,XAUUSD,SELL,4020.64,4032.553214285714,3984.900357142857,11.913214285714275,13.400000000001455,1.0,1.0,0.5,67.00000000000728,60.0,65.0,50.0,70.0,0,SL,2026-07-29 05:15:00+00:00,-1.0,43.01,0.036102767035404895,-1.0361027670354048,VALIDATION,0.2968413,0.6,False
SETUP_1004,2026-07-29 01:15:00+00:00,GOLD,SELL,4020.64,4032.553214285714,3984.900357142857,11.913214285714275,13.400000000001455,1.0,1.0,0.5,67.00000000000728,60.0,65.0,50.0,70.0,0,SL,2026-07-29 05:15:00+00:00,-1.0,43.01,0.036102767035404895,-1.0361027670354048,VALIDATION,0.2968413,0.6,False
SETUP_1573,2026-07-29 01:15:00+00:00,USDJPY,BUY,163.838,163.73271428571428,164.15385714285713,0.10528571428571354,15.999999999991132,1.0,1.0,1.3392488650433347,79.99999999995566,60.0,65.0,50.0,70.0,0,SL,2026-07-29 03:45:00+00:00,-1.0,30.72,0.029177747625509027,-1.029177747625509,VALIDATION,0.26084197,0.6,False
SETUP_1682,2026-07-29 01:30:00+00:00,XAUUSD,SELL,4018.21,4032.6942857142853,3974.757142857144,14.484285714285306,34.00000000000091,1.0,1.0,0.6928758226283875,100.0,60.0,65.0,50.0,70.0,0,SL,2026-07-29 05:15:00+00:00,-1.0,43.16,0.029797810434954976,-1.029797810434955,VALIDATION,0.29103175,0.6,False
SETUP_1005,2026-07-29 01:30:00+00:00,GOLD,SELL,4018.21,4032.6942857142853,3974.757142857144,14.484285714285306,34.00000000000091,1.0,1.0,0.6928758226283875,100.0,60.0,65.0,50.0,70.0,0,SL,2026-07-29 05:15:00+00:00,-1.0,43.16,0.029797810434954976,-1.029797810434955,VALIDATION,0.29103175,0.6,False
SETUP_1443,2026-07-29 01:30:00+00:00,USDCHF,BUY,0.81941,0.8183182142857143,0.8226853571428571,0.001091785714285698,0.17000000000000348,1.0,1.0,1.2453478385342112,10.0,60.0,65.0,50.0,70.0,0,SL,2026-07-29 04:45:00+00:00,-1.0,28.83,2.64062806673213,-3.64062806673213,VALIDATION,0.29450384,0.6,False
SETUP_0304,2026-07-29 01:45:00+00:00,BTCUSD,SELL,63771.2,64069.36785714285,62876.69642857143,298.1678571428565,100.0,1.0,1.0,1.0785782377774753,100.0,60.0,65.0,50.0,70.0,0,SL,2026-07-29 03:00:00+00:00,-1.0,2250.0,0.07546085019224566,-1.0754608501922456,VALIDATION,0.33778787,0.6,False
SETUP_1870,2026-07-29 02:00:00+00:00,XRPUSD,SELL,1.0583,1.0654785714285715,1.0367642857142856,0.0071785714285714786,1.4000000000000679,2.0,1.0,1.1142654364797728,10.0,60.0,65.0,50.0,70.0,0,SL,2026-07-29 02:45:00+00:00,-1.0,490.5,6.832835820895475,-7.832835820895475,VALIDATION,0.5115603,0.6,False
SETUP_0305,2026-07-29 02:00:00+00:00,BTCUSD,SELL,63616.8,63960.93214285714,62584.403571428586,344.1321428571391,100.0,2.0,1.0,1.1420612813370474,100.0,60.0,65.0,50.0,70.0,0,SL,2026-07-29 03:00:00+00:00,-1.0,2250.0,0.06538186120364964,-1.0653818612036496,VALIDATION,0.50115466,0.6,False
SETUP_1871,2026-07-29 02:15:00+00:00,XRPUSD,SELL,1.0593,1.0649428571428572,1.042371428571428,0.005642857142857283,1.100000000000101,2.0,1.0,0.9860664523043945,10.0,60.0,65.0,50.0,70.0,0,SL,2026-07-29 02:30:00+00:00,-1.0,490.22,8.687443037974468,-9.687443037974468,VALIDATION,0.52716565,0.6,False
SETUP_0306,2026-07-29 02:15:00+00:00,BTCUSD,SELL,63628.2,63915.91428571428,62765.05714285715,287.7142857142826,100.0,2.0,1.0,0.9529195532305953,100.0,60.0,65.0,50.0,70.0,0,SL,2026-07-29 02:45:00+00:00,-1.0,2250.0,0.07820258192651525,-1.0782025819265153,VALIDATION,0.56329924,0.6,False
SETUP_0489,2026-07-29 02:45:00+00:00,ETHUSD,BUY,1920.49,1899.7275,1982.7775000000001,20.762500000000045,100.0,2.0,1.0,1.1247463523045704,100.0,60.0,65.0,50.0,70.0,0,SL,2026-07-29 05:00:00+00:00,-1.0,346.05,0.0016667068031306408,-1.0016667068031306,VALIDATION,0.50115466,0.6,False
SETUP_0490,2026-07-29 03:00:00+00:00,ETHUSD,BUY,1921.01,1903.9992857142856,1972.042142857143,17.010714285714357,100.0,3.0,1.0,1.7002153356427303,100.0,60.0,65.0,50.0,70.0,0,SL,2026-07-29 04:45:00+00:00,-1.0,345.69,0.002032189796346832,-1.002032189796347,VALIDATION,0.32110488,0.6,False
SETUP_1872,2026-07-29 03:15:00+00:00,XRPUSD,BUY,1.0719,1.0614249999999998,1.1033250000000008,0.010475000000000234,3.0000000000001137,3.0,1.0,1.353459972862958,15.000000000000568,60.0,65.0,50.0,70.0,0,TIMEOUT,2026-07-29 13:15:00+00:00,-1.0,490.32,4.680859188544048,-5.680859188544048,VALIDATION,0.44858223,0.6,False
SETUP_0755,2026-07-29 03:30:00+00:00,EURUSD,BUY,1.13879,1.1380535714285713,1.1409992857142859,0.0007364285714286378,0.17000000000022553,3.0,1.0,1.2307692307692308,10.0,60.0,65.0,50.0,70.0,0,TIMEOUT,2026-07-29 13:30:00+00:00,-1.0,19.7,2.6750727449076153,-3.6750727449076153,VALIDATION,0.48045403,0.6,False
SETUP_1310,2026-07-29 03:30:00+00:00,USDCAD,SELL,1.40999,1.4109807142857143,1.4070178571428575,0.0009907142857141782,0.300000000000189,3.0,1.0,1.5489690721649485,10.0,60.0,65.0,50.0,70.0,0,TIMEOUT,2026-07-29 13:30:00+00:00,-1.0,30.23,3.0513338139873536,-4.051333813987354,VALIDATION,0.44045648,0.6,False
SETUP_1574,2026-07-29 03:45:00+00:00,USDJPY,SELL,163.696,163.88789285714284,163.12032142857146,0.19189285714284665,22.999999999996135,3.0,1.0,3.7475455820476857,100.0,60.0,65.0,50.0,70.0,0,TIMEOUT,2026-07-29 13:45:00+00:00,-1.0,25.33,0.013200074446306324,-1.0132000744463063,VALIDATION,0.31601173,0.6,False
SETUP_1575,2026-07-29 04:00:00+00:00,USDJPY,SELL,163.724,163.82678571428573,163.41564285714276,0.10278571428574423,21.000000000015007,4.0,1.0,2.789425706472197,100.0,60.0,65.0,50.0,70.0,1,TP,2026-07-29 07:30:00+00:00,3.0,25.66,0.02496455872132699,2.975035441278673,VALIDATION,0.39383727,0.6,False
SETUP_0636,2026-07-29 04:15:00+00:00,EURGBP,BUY,0.85702,0.8566346428571429,0.8581760714285714,0.0003853571428571456,0.1,4.0,1.0,1.6697750959956117,10.0,60.0,65.0,50.0,70.0,0,SL,2026-07-29 09:45:00+00:00,-1.0,20.52,5.324930491195513,-6.324930491195513,VALIDATION,0.4336301,0.6,False
SETUP_0637,2026-07-29 04:45:00+00:00,EURGBP,BUY,0.85713,0.8568875,0.8578574999999997,0.00024249999999992333,0.1,4.0,1.0,1.4383149448345036,10.0,60.0,65.0,50.0,70.0,0,SL,2026-07-29 05:15:00+00:00,-1.0,20.41,8.416494845363486,-9.416494845363486,VALIDATION,0.28226942,0.6,False
SETUP_0117,2026-07-29 04:45:00+00:00,AUDUSD,SELL,0.69452,0.6974432142857143,0.6857503571428571,0.002923214285714293,1.7300000000000093,4.0,1.0,2.30804863925883,10.0,60.0,65.0,50.0,70.0,0,TIMEOUT,2026-07-29 14:45:00+00:00,-1.0,24.23,0.8288821014050072,-1.8288821014050072,VALIDATION,0.22828485,0.6,False
SETUP_1144,2026-07-29 04:45:00+00:00,NZDUSD,SELL,0.57755,0.5786260714285715,0.5743217857142856,0.0010760714285714679,0.21999999999999797,4.0,1.0,1.7810512219618346,10.0,60.0,65.0,50.0,70.0,0,SL,2026-07-29 07:45:00+00:00,-1.0,28.28,2.6280783272484936,-3.6280783272484936,VALIDATION,0.4336301,0.6,False
SETUP_1873,2026-07-29 05:30:00+00:00,XRPUSD,BUY,1.0773,1.0651892857142857,1.1136321428571425,0.012110714285714197,3.7000000000000366,5.0,1.0,1.1209362808842653,18.500000000000185,60.0,65.0,50.0,70.0,0,TIMEOUT,2026-07-29 15:30:00+00:00,-1.0,490.34,4.048811560011826,-5.048811560011826,VALIDATION,0.5115603,0.6,False
SETUP_0491,2026-07-29 05:30:00+00:00,ETHUSD,BUY,1912.57,1895.484642857143,1963.826071428571,17.085357142856992,100.0,5.0,1.0,1.0785556964559835,100.0,60.0,65.0,50.0,70.0,0,SL,2026-07-29 06:30:00+00:00,-1.0,345.72,0.002023487113024956,-1.002023487113025,VALIDATION,0.50115466,0.6,False
SETUP_1444,2026-07-29 06:30:00+00:00,USDCHF,SELL,0.81769,0.8183564285714285,0.8156907142857145,0.0006664285714285123,0.24000000000001798,6.0,1.0,0.7630808200744084,10.0,60.0,65.0,50.0,70.0,0,SL,2026-07-29 09:45:00+00:00,-1.0,26.34,3.9524115755630516,-4.952411575563051,VALIDATION,0.72008353,0.6,True
SETUP_0492,2026-07-29 06:30:00+00:00,ETHUSD,SELL,1896.15,1915.2685714285715,1838.794285714286,19.118571428571386,100.0,6.0,1.0,1.3410057543157368,100.0,60.0,65.0,50.0,70.0,0,SL,2026-07-29 09:15:00+00:00,-1.0,346.07,0.0018101247851752262,-1.0018101247851752,VALIDATION,0.4369897,0.6,False
SETUP_1874,2026-07-29 06:30:00+00:00,XRPUSD,SELL,1.0712,1.0807071428571429,1.0426785714285711,0.009507142857142936,1.8000000000000238,6.0,1.0,1.2828198057786835,10.0,60.0,65.0,50.0,70.0,0,SL,2026-07-29 08:00:00+00:00,-1.0,490.36,5.157806160781325,-6.157806160781325,VALIDATION,0.38232708,0.6,False
SETUP_0756,2026-07-29 06:30:00+00:00,EURUSD,BUY,1.13982,1.1391596428571429,1.1418010714285716,0.0006603571428571708,0.21000000000004349,6.0,1.0,0.7030075187969925,10.0,60.0,65.0,50.0,70.0,0,SL,2026-07-29 09:45:00+00:00,-1.0,19.94,3.0195781503514136,-4.019578150351414,VALIDATION,0.6585166,0.6,True
SETUP_0638,2026-07-29 06:30:00+00:00,EURGBP,BUY,0.85715,0.8568967857142857,0.8579096428571427,0.00025321428571423166,0.1,6.0,1.0,1.0201542672306543,10.0,60.0,65.0,50.0,70.0,0,SL,2026-07-29 09:00:00+00:00,-1.0,20.25,7.997179125530621,-8.997179125530621,VALIDATION,0.53201956,0.6,False
SETUP_0493,2026-07-29 06:45:00+00:00,ETHUSD,SELL,1891.09,1912.4357142857143,1827.0528571428567,21.345714285714394,100.0,6.0,1.0,0.9582324830881896,100.0,60.0,65.0,50.0,70.0,0,SL,2026-07-29 08:30:00+00:00,-1.0,345.79,0.001619950475170652,-1.0016199504751706,VALIDATION,0.56329924,0.6,False
SETUP_1576,2026-07-29 06:45:00+00:00,USDJPY,SELL,163.615,163.71667857142856,163.30996428571436,0.10167857142855041,33.999999999991815,6.0,1.0,1.51936715766503,100.0,60.0,65.0,50.0,70.0,1,TP,2026-07-29 07:30:00+00:00,3.0,25.55,0.02512820512821032,2.9748717948717895,VALIDATION,0.2955935,0.6,False
SETUP_1145,2026-07-29 08:15:00+00:00,NZDUSD,BUY,0.57889,0.5782535714285715,0.5807992857142856,0.0006364285714285378,0.14999999999998348,8.0,1.0,0.7319857632126788,10.0,60.0,65.0,50.0,70.0,0,SL,2026-07-29 11:00:00+00:00,-1.0,28.35,4.45454545454569,-5.45454545454569,VALIDATION,0.72008353,0.6,True
SETUP_1875,2026-07-29 08:15:00+00:00,XRPUSD,BUY,1.084,1.0707,1.1239000000000003,0.01330000000000009,2.0999999999999908,8.0,1.0,1.0317873892652423,10.499999999999954,60.0,65.0,50.0,70.0,0,SL,2026-07-29 16:30:00+00:00,-1.0,490.54,3.688270676691705,-4.688270676691705,VALIDATION,0.4922089,0.6,False
SETUP_0307,2026-07-29 09:30:00+00:00,BTCUSD,BUY,64451.0,63937.48035714286,65991.55892857144,513.5196428571435,100.0,9.0,1.0,0.9658685685175752,100.0,60.0,65.0,50.0,70.0,0,SL,2026-07-29 18:45:00+00:00,-1.0,2250.0,0.04381526649071007,-1.04381526649071,VALIDATION,0.5441712,0.6,False
SETUP_0494,2026-07-29 09:30:00+00:00,ETHUSD,BUY,1917.92,1903.3410714285715,1961.656785714286,14.578928571428605,100.0,9.0,1.0,0.7263459700541574,100.0,60.0,65.0,50.0,70.0,0,SL,2026-07-29 15:15:00+00:00,-1.0,346.17,0.0023744543249797846,-1.0023744543249797,VALIDATION,0.7241683,0.6,True
SETUP_1146,2026-07-29 11:00:00+00:00,NZDUSD,SELL,0.57815,0.5791860714285715,0.5750417857142858,0.0010360714285714279,0.17000000000000348,11.0,1.0,0.7536182238588678,10.0,60.0,65.0,50.0,70.0,0,TIMEOUT,2026-07-29 21:00:00+00:00,-1.0,28.1,2.712168217855914,-3.712168217855914,VALIDATION,0.81317115,0.6,True
SETUP_1445,2026-07-29 11:00:00+00:00,USDCHF,BUY,0.81901,0.8175496428571428,0.8233910714285716,0.0014603571428571938,0.17999999999995797,11.0,1.0,1.23662488535616,10.0,60.0,65.0,50.0,70.0,0,TIMEOUT,2026-07-29 21:00:00+00:00,-1.0,25.33,1.734507214477807,-2.734507214477807,VALIDATION,0.7904245,0.6,True
SETUP_0118,2026-07-29 11:00:00+00:00,AUDUSD,SELL,0.6943,0.695585,0.6904450000000001,0.0012849999999999806,0.31000000000003247,11.0,1.0,0.8740441801189465,10.0,60.0,65.0,50.0,70.0,0,TIMEOUT,2026-07-29 21:00:00+00:00,-1.0,23.77,1.8498054474708452,-2.849805447470845,VALIDATION,0.76842034,0.6,True
SETUP_1876,2026-07-29 12:30:00+00:00,XRPUSD,BUY,1.0886,1.0832214285714286,1.1047357142857144,0.005378571428571455,1.2000000000000899,12.0,1.0,1.0599078341013826,10.0,60.0,65.0,50.0,70.0,0,SL,2026-07-29 14:30:00+00:00,-1.0,490.3,9.115803452855202,-10.115803452855202,VALIDATION,0.70388484,0.6,True
SETUP_0308,2026-07-29 12:45:00+00:00,BTCUSD,BUY,64682.4,64353.200000000004,65670.0,329.1999999999971,100.0,12.0,1.0,1.1031664964249235,100.0,60.0,65.0,50.0,70.0,0,SL,2026-07-29 15:15:00+00:00,-1.0,2250.0,0.06834750911300182,-1.068347509113002,VALIDATION,0.62771684,0.6,True
SETUP_1147,2026-07-29 13:15:00+00:00,NZDUSD,SELL,0.57777,0.5784175,0.5758274999999999,0.0006475000000000231,0.1,13.0,1.0,1.070246761841732,10.0,60.0,65.0,50.0,70.0,0,SL,2026-07-29 17:00:00+00:00,-1.0,28.16,4.349034749034595,-5.349034749034595,VALIDATION,0.69564956,0.6,True
SETUP_0901,2026-07-29 13:15:00+00:00,GBPUSD,SELL,1.32896,1.330417857142857,1.3245864285714284,0.0014578571428571774,0.28999999999990145,13.0,1.0,0.9932246295882661,10.0,60.0,65.0,50.0,70.0,0,SL,2026-07-29 20:30:00+00:00,-1.0,24.43,1.6757471827535126,-2.6757471827535126,VALIDATION,0.7175842,0.6,True
SETUP_1006,2026-07-29 13:45:00+00:00,GOLD,SELL,4027.36,4035.3303571428573,4003.4489285714285,7.97035714285721,15.199999999999818,13.0,1.0,0.7837865784303588,75.99999999999909,60.0,65.0,50.0,70.0,0,SL,2026-07-29 14:45:00+00:00,-1.0,28.54,0.035807680243760055,-1.0358076802437601,VALIDATION,0.7730981,0.6,True
SETUP_1683,2026-07-29 13:45:00+00:00,XAUUSD,SELL,4027.36,4035.3303571428573,4003.4489285714285,7.97035714285721,15.199999999999818,13.0,1.0,0.7837865784303588,75.99999999999909,60.0,65.0,50.0,70.0,0,SL,2026-07-29 14:45:00+00:00,-1.0,28.54,0.035807680243760055,-1.0358076802437601,VALIDATION,0.7730981,0.6,True
SETUP_1684,2026-07-29 15:15:00+00:00,XAUUSD,SELL,4013.09,4038.6610714285716,3936.3767857142857,25.571071428571486,29.899999999997817,15.0,1.0,2.0815247359565654,100.0,60.0,65.0,50.0,70.0,0,SL,2026-07-29 20:00:00+00:00,-1.0,30.85,0.012064414307462367,-1.0120644143074624,VALIDATION,0.16519052,0.6,False
SETUP_0902,2026-07-29 15:15:00+00:00,GBPUSD,SELL,1.32825,1.3297128571428571,1.3238614285714283,0.0014628571428572101,0.39999999999995595,15.0,1.0,1.676707927118706,10.0,60.0,65.0,50.0,70.0,0,SL,2026-07-29 17:15:00+00:00,-1.0,23.56,1.6105468749999259,-2.610546874999926,VALIDATION,0.26328748,0.6,False
SETUP_1007,2026-07-29 15:15:00+00:00,GOLD,SELL,4013.09,4038.6610714285716,3936.3767857142857,25.571071428571486,29.899999999997817,15.0,1.0,2.0815247359565654,100.0,60.0,65.0,50.0,70.0,0,SL,2026-07-29 20:00:00+00:00,-1.0,30.85,0.012064414307462367,-1.0120644143074624,VALIDATION,0.16519052,0.6,False
SETUP_1877,2026-07-29 15:15:00+00:00,XRPUSD,SELL,1.0745,1.0841035714285714,1.0456892857142859,0.009603571428571378,1.6000000000000458,15.0,1.0,1.6271844660194175,10.0,60.0,65.0,50.0,70.0,0,SL,2026-07-29 21:00:00+00:00,-1.0,490.37,5.106121234659752,-6.106121234659752,VALIDATION,0.20585157,0.6,False
SETUP_1148,2026-07-29 15:15:00+00:00,NZDUSD,SELL,0.57712,0.5779632142857143,0.574590357142857,0.0008432142857143221,0.24000000000001798,15.0,1.0,2.1431484502446985,10.0,60.0,65.0,50.0,70.0,0,SL,2026-07-29 16:15:00+00:00,-1.0,28.17,3.3407878017787636,-4.340787801778763,VALIDATION,0.24486452,0.6,False
SETUP_1577,2026-07-29 15:30:00+00:00,USDJPY,BUY,163.759,163.59414285714286,164.25357142857138,0.16485714285713016,20.000000000010232,15.0,1.0,1.1958384820823535,100.0,60.0,65.0,50.0,70.0,0,SL,2026-07-29 21:00:00+00:00,-1.0,25.08,0.015213171577124221,-1.0152131715771242,VALIDATION,0.4596965,0.6,False
SETUP_1685,2026-07-29 15:30:00+00:00,XAUUSD,SELL,4020.96,4036.247142857143,3975.098571428571,15.287142857142953,35.19999999999982,15.0,1.0,1.4908626340054436,100.0,60.0,65.0,50.0,70.0,0,SL,2026-07-29 20:00:00+00:00,-1.0,31.12,0.02035697598355281,-1.020356975983553,VALIDATION,0.21872596,0.6,False
SETUP_0495,2026-07-29 15:30:00+00:00,ETHUSD,SELL,1904.85,1916.004642857143,1871.3860714285709,11.154642857143017,100.0,15.0,1.0,1.1647491400782826,100.0,60.0,65.0,50.0,70.0,0,SL,2026-07-29 21:00:00+00:00,-1.0,345.49,0.0030972753177728246,-1.003097275317773,VALIDATION,0.46203664,0.6,False
SETUP_1008,2026-07-29 15:30:00+00:00,GOLD,SELL,4020.96,4036.247142857143,3975.098571428571,15.287142857142953,35.19999999999982,15.0,1.0,1.4908626340054436,100.0,60.0,65.0,50.0,70.0,0,SL,2026-07-29 20:00:00+00:00,-1.0,31.12,0.02035697598355281,-1.020356975983553,VALIDATION,0.21872596,0.6,False
SETUP_0757,2026-07-29 16:30:00+00:00,EURUSD,BUY,1.13866,1.1373239285714285,1.1426682142857145,0.0013360714285715058,0.32999999999994145,16.0,1.0,1.2627515853322306,10.0,60.0,65.0,50.0,70.0,1,TP,2026-07-29 21:00:00+00:00,3.0,19.32,1.4460304731354416,1.5539695268645584,VALIDATION,0.47673804,0.6,False
SETUP_1311,2026-07-29 16:45:00+00:00,USDCAD,SELL,1.40794,1.4100425,1.4016324999999996,0.002102500000000118,0.4300000000001525,16.0,1.0,1.4896739700178216,10.0,60.0,65.0,50.0,70.0,0,TIMEOUT,2026-07-30 02:45:00+00:00,-1.0,28.77,1.368370986920256,-2.3683709869202563,VALIDATION,0.27500543,0.6,False
SETUP_1446,2026-07-29 16:45:00+00:00,USDCHF,SELL,0.81827,0.8198632142857143,0.8134903571428573,0.0015932142857142395,0.34999999999996145,16.0,1.0,1.6116921426655941,10.0,60.0,65.0,50.0,70.0,0,SL,2026-07-29 17:45:00+00:00,-1.0,24.8,1.5566016588209373,-2.556601658820937,VALIDATION,0.32047006,0.6,False
SETUP_1578,2026-07-29 17:45:00+00:00,USDJPY,BUY,163.875,163.7114642857143,164.3656071428571,0.16353571428570035,31.999999999982265,17.0,1.0,1.4493429748853124,100.0,60.0,65.0,50.0,70.0,0,SL,2026-07-29 21:00:00+00:00,-1.0,23.84,0.01457785542695036,-1.0145778554269504,VALIDATION,0.21872596,0.6,False
SETUP_0119,2026-07-29 17:45:00+00:00,AUDUSD,SELL,0.69228,0.6949835714285715,0.6841692857142856,0.002703571428571472,0.3700000000000925,17.0,1.0,1.8821467688937568,10.0,60.0,65.0,50.0,70.0,0,SL,2026-07-29 21:00:00+00:00,-1.0,23.44,0.8670013210039492,-1.8670013210039493,VALIDATION,0.31151304,0.6,False
SETUP_1149,2026-07-29 17:45:00+00:00,NZDUSD,SELL,0.57704,0.5783814285714286,0.5730157142857142,0.0013414285714286045,0.17000000000000348,17.0,1.0,2.1250389772372933,10.0,60.0,65.0,50.0,70.0,0,SL,2026-07-29 21:00:00+00:00,-1.0,28.07,2.0925452609158164,-3.0925452609158164,VALIDATION,0.27268714,0.6,False
SETUP_0758,2026-07-29 18:00:00+00:00,EURUSD,SELL,1.13838,1.1398996428571428,1.1338210714285712,0.0015196428571429,0.39999999999995595,18.0,1.0,1.5517048630519843,10.0,60.0,65.0,50.0,70.0,0,SL,2026-07-29 20:45:00+00:00,-1.0,19.4,1.2766157461809275,-2.2766157461809273,VALIDATION,0.21407703,0.6,False
SETUP_0120,2026-07-29 18:00:00+00:00,AUDUSD,SELL,0.69278,0.6948714285714286,0.686505714285714,0.002091428571428633,0.7700000000000484,18.0,1.0,1.590095591022024,10.0,60.0,65.0,50.0,70.0,0,SL,2026-07-29 21:00:00+00:00,-1.0,23.47,1.1221994535518796,-2.1221994535518798,VALIDATION,0.16497241,0.6,False
SETUP_1447,2026-07-29 18:00:00+00:00,USDCHF,BUY,0.81974,0.8177435714285715,0.8257292857142857,0.0019964285714285657,0.5100000000000104,18.0,1.0,1.3877551020408163,10.0,60.0,65.0,50.0,70.0,0,SL,2026-07-29 21:00:00+00:00,-1.0,25.04,1.254239713774601,-2.2542397137746013,VALIDATION,0.12133912,0.6,False
SETUP_0309,2026-07-29 19:45:00+00:00,BTCUSD,SELL,63799.2,64272.64464285714,62378.86607142856,473.4446428571464,100.0,19.0,1.0,0.9315602589988164,100.0,60.0,65.0,50.0,70.0,0,SL,2026-07-29 20:45:00+00:00,-1.0,2250.0,0.0475240354695258,-1.0475240354695259,VALIDATION,0.21351112,0.6,False
SETUP_1686,2026-07-29 20:00:00+00:00,XAUUSD,BUY,4042.01,4009.672857142857,4139.02142857143,32.337142857143135,83.30000000000382,20.0,1.0,1.1435089589022847,100.0,60.0,65.0,50.0,70.0,0,TIMEOUT,2026-07-30 07:00:00+00:00,-1.0,29.9,0.009246333274430031,-1.0092463332744301,VALIDATION,0.19721653,0.6,False
SETUP_0759,2026-07-29 20:00:00+00:00,EURUSD,BUY,1.13887,1.1375357142857143,1.1428728571428572,0.0013342857142857323,0.18999999999991246,20.0,1.0,0.7162223226389516,10.0,60.0,65.0,50.0,70.0,1,TP,2026-07-29 21:00:00+00:00,3.0,19.49,1.460706638115612,1.539293361884388,VALIDATION,0.33627972,0.6,False
SETUP_1009,2026-07-29 20:00:00+00:00,GOLD,BUY,4042.01,4009.672857142857,4139.02142857143,32.337142857143135,83.30000000000382,20.0,1.0,1.1435089589022847,100.0,60.0,65.0,50.0,70.0,0,TIMEOUT,2026-07-30 07:00:00+00:00,-1.0,29.9,0.009246333274430031,-1.0092463332744301,VALIDATION,0.19721653,0.6,False
SETUP_0760,2026-07-29 20:15:00+00:00,EURUSD,BUY,1.13901,1.1378092857142859,1.1426121428571427,0.0012007142857142217,0.29999999999996696,20.0,1.0,0.945264986967854,10.0,60.0,65.0,50.0,70.0,1,TP,2026-07-29 21:00:00+00:00,3.0,19.96,1.6623438429507136,1.3376561570492864,VALIDATION,0.19930291,0.6,False
SETUP_1010,2026-07-29 20:15:00+00:00,GOLD,BUY,4039.11,4009.907857142857,4126.716428571429,29.202142857142917,43.599999999996726,20.0,1.0,1.0506412088004438,100.0,60.0,65.0,50.0,70.0,0,TIMEOUT,2026-07-30 07:15:00+00:00,-1.0,29.82,0.01021157938507446,-1.0102115793850746,VALIDATION,0.1851345,0.6,False
SETUP_1687,2026-07-29 20:15:00+00:00,XAUUSD,BUY,4039.11,4009.907857142857,4126.716428571429,29.202142857142917,43.599999999996726,20.0,1.0,1.0506412088004438,100.0,60.0,65.0,50.0,70.0,0,TIMEOUT,2026-07-30 07:15:00+00:00,-1.0,29.82,0.01021157938507446,-1.0102115793850746,VALIDATION,0.1851345,0.6,False
SETUP_1878,2026-07-29 21:00:00+00:00,XRPUSD,BUY,1.0842,1.0674249999999998,1.1345250000000007,0.016775000000000206,4.1999999999999815,21.0,1.0,2.6719182456887376,20.999999999999908,60.0,65.0,50.0,70.0,0,SL,2026-07-29 22:45:00+00:00,-1.0,490.77,2.9256035767510817,-3.9256035767510817,VALIDATION,0.090336405,0.6,False
SETUP_0310,2026-07-29 21:00:00+00:00,BTCUSD,BUY,64327.9,63611.40535714285,66477.38392857145,716.4946428571493,100.0,21.0,1.0,1.9694166974966087,100.0,60.0,65.0,50.0,70.0,0,SL,2026-07-29 22:45:00+00:00,-1.0,2251.55,0.031424519672911246,-1.0314245196729113,VALIDATION,0.109736495,0.6,False
SETUP_0496,2026-07-29 21:00:00+00:00,ETHUSD,BUY,1915.5,1888.4757142857143,1996.5728571428572,27.024285714285725,100.0,21.0,1.0,2.259626469910076,100.0,60.0,65.0,50.0,70.0,0,SL,2026-07-29 22:45:00+00:00,-1.0,346.87,0.0012835491885605536,-1.0012835491885606,VALIDATION,0.08087345,0.6,False
SETUP_0903,2026-07-29 21:15:00+00:00,GBPUSD,BUY,1.3329900000000001,1.329292142857143,1.3440835714285717,0.003697857142857197,1.6499999999999293,21.0,1.0,1.5943245098787093,10.0,60.0,65.0,50.0,70.0,0,TIMEOUT,2026-07-30 07:15:00+00:00,-1.0,24.45,0.6611937415491501,-1.66119374154915,VALIDATION,0.11539537,0.6,False
SETUP_1579,2026-07-29 21:15:00+00:00,USDJPY,SELL,163.539,163.85039285714285,162.6048214285714,0.311392857142863,100.0,21.0,1.0,1.9811257613278899,100.0,60.0,65.0,50.0,70.0,0,TIMEOUT,2026-07-30 07:15:00+00:00,-1.0,25.61,0.008224337653400464,-1.0082243376534004,VALIDATION,0.109736495,0.6,False
SETUP_1448,2026-07-29 21:15:00+00:00,USDCHF,SELL,0.81739,0.8202414285714286,0.8088357142857141,0.002851428571428616,1.3199999999999878,21.0,1.0,2.1691914582953093,10.0,60.0,65.0,50.0,70.0,0,TIMEOUT,2026-07-30 07:15:00+00:00,-1.0,26.17,0.9177855711422704,-1.9177855711422704,VALIDATION,0.082310766,0.6,False
SETUP_1011,2026-07-29 21:15:00+00:00,GOLD,BUY,4067.63,4034.8475,4165.977500000001,32.782500000000255,100.0,21.0,1.0,1.2119963877754718,100.0,60.0,65.0,50.0,70.0,0,TIMEOUT,2026-07-30 08:15:00+00:00,-1.0,32.44,0.009895523526271561,-1.0098955235262717,VALIDATION,0.19183353,0.6,False
SETUP_1150,2026-07-29 21:15:00+00:00,NZDUSD,BUY,0.57935,0.57704,0.5862800000000001,0.0023100000000000342,1.1099999999999444,21.0,1.0,2.40047857298238,10.0,60.0,65.0,50.0,70.0,0,TIMEOUT,2026-07-30 07:15:00+00:00,-1.0,28.43,1.2307359307359125,-2.2307359307359125,VALIDATION,0.060173724,0.6,False
SETUP_1312,2026-07-29 21:15:00+00:00,USDCAD,SELL,1.40644,1.4100028571428571,1.3957514285714283,0.003562857142857201,1.6300000000000203,21.0,1.0,1.7864819679961785,10.0,60.0,65.0,50.0,70.0,0,TIMEOUT,2026-07-30 07:15:00+00:00,-1.0,28.53,0.8007618283881185,-1.8007618283881186,VALIDATION,0.11539537,0.6,False
SETUP_0761,2026-07-29 21:15:00+00:00,EURUSD,BUY,1.14214,1.1388825,1.1519124999999997,0.0032574999999999132,1.5100000000001224,21.0,1.0,2.291869060190074,10.0,60.0,65.0,50.0,70.0,0,TIMEOUT,2026-07-30 07:15:00+00:00,-1.0,19.96,0.6127398311588806,-1.6127398311588808,VALIDATION,0.060173724,0.6,False
SETUP_1688,2026-07-29 21:15:00+00:00,XAUUSD,BUY,4067.63,4034.8475,4165.977500000001,32.782500000000255,100.0,21.0,1.0,1.2119963877754718,100.0,60.0,65.0,50.0,70.0,0,TIMEOUT,2026-07-30 08:15:00+00:00,-1.0,32.44,0.009895523526271561,-1.0098955235262717,VALIDATION,0.19183353,0.6,False
SETUP_0121,2026-07-29 21:45:00+00:00,AUDUSD,BUY,0.69829,0.6942260714285714,0.7104817857142857,0.0040639285714285656,0.8699999999999264,21.0,1.0,2.069479477184132,10.0,60.0,65.0,50.0,70.0,0,TIMEOUT,2026-07-30 07:45:00+00:00,-1.0,24.77,0.6095087441778724,-1.6095087441778724,HOLDOUT,0.082310766,0.6,False
SETUP_0762,2026-07-29 21:45:00+00:00,EURUSD,BUY,1.14509,1.1408564285714287,1.1577907142857138,0.004233571428571281,0.38000000000004697,21.0,1.0,2.8006117377174538,10.0,60.0,65.0,50.0,70.0,0,TIMEOUT,2026-07-30 07:45:00+00:00,-1.0,20.29,0.47926438333053806,-1.4792643833305381,HOLDOUT,0.12880005,0.6,False
SETUP_0904,2026-07-29 21:45:00+00:00,GBPUSD,BUY,1.3364,1.331525,1.351025,0.004874999999999963,0.4899999999998794,21.0,1.0,1.8774506391963062,10.0,60.0,65.0,50.0,70.0,0,TIMEOUT,2026-07-30 07:45:00+00:00,-1.0,24.48,0.5021538461538501,-1.50215384615385,HOLDOUT,0.107292265,0.6,False
SETUP_1151,2026-07-29 21:45:00+00:00,NZDUSD,BUY,0.58186,0.5784114285714286,0.5922057142857144,0.0034485714285714675,0.5199999999999649,21.0,1.0,2.3258040649344998,10.0,60.0,65.0,50.0,70.0,0,SL,2026-07-30 00:45:00+00:00,-1.0,28.89,0.8377381938690875,-1.8377381938690875,HOLDOUT,0.060173724,0.6,False
SETUP_0905,2026-07-29 22:00:00+00:00,GBPUSD,BUY,1.33691,1.3304410714285715,1.3563167857142857,0.006468928571428556,0.7800000000000029,22.0,1.0,1.7823747353563868,10.0,60.0,65.0,50.0,70.0,0,TIMEOUT,2026-07-30 08:00:00+00:00,-1.0,24.38,0.3768784850659756,-1.3768784850659757,HOLDOUT,0.1123362,0.6,False
SETUP_1449,2026-07-29 22:00:00+00:00,USDCHF,SELL,0.81454,0.8191710714285715,0.8006467857142857,0.004631071428571443,0.6700000000000594,22.0,1.0,2.245441507887728,10.0,60.0,65.0,50.0,70.0,0,TIMEOUT,2026-07-30 08:00:00+00:00,-1.0,26.76,0.5778360453458763,-1.5778360453458764,HOLDOUT,0.058481697,0.6,False
SETUP_1313,2026-07-29 22:00:00+00:00,USDCAD,SELL,1.40307,1.4080732142857142,1.3880603571428576,0.005003214285714153,0.9300000000000974,22.0,1.0,1.9727566353040302,10.0,60.0,65.0,50.0,70.0,0,TIMEOUT,2026-07-30 08:00:00+00:00,-1.0,29.25,0.5846241701763308,-1.5846241701763308,HOLDOUT,0.080049284,0.6,False
SETUP_1879,2026-07-29 22:30:00+00:00,XRPUSD,SELL,1.0726,1.0905107142857142,1.0188678571428573,0.017910714285714224,2.0999999999999908,22.0,1.0,1.3637192342752962,10.499999999999954,60.0,65.0,50.0,70.0,0,TIMEOUT,2026-07-30 08:30:00+00:00,-1.0,490.58,2.739030907278175,-3.739030907278175,HOLDOUT,0.17245142,0.6,False
SETUP_0639,2026-07-29 22:30:00+00:00,EURGBP,BUY,0.85768,0.8561628571428571,0.8622314285714286,0.0015171428571428835,0.22999999999995246,22.0,1.0,1.7951842946078593,10.0,60.0,65.0,50.0,70.0,0,SL,2026-07-30 00:00:00+00:00,-1.0,20.82,1.372316384180767,-2.372316384180767,HOLDOUT,0.18715627,0.6,False
SETUP_1880,2026-07-29 22:45:00+00:00,XRPUSD,SELL,1.0673,1.0858178571428572,1.0117464285714282,0.018517857142857252,2.0000000000000018,22.0,1.0,1.692428608855122,10.000000000000009,60.0,65.0,50.0,70.0,0,TIMEOUT,2026-07-30 08:45:00+00:00,-1.0,490.63,2.6494966248794443,-3.6494966248794443,HOLDOUT,0.1123362,0.6,False
SETUP_0122,2026-07-29 22:45:00+00:00,AUDUSD,SELL,0.69468,0.6993507142857144,0.6806678571428567,0.004670714285714417,0.6800000000000139,22.0,1.0,1.4249523487827829,10.0,60.0,65.0,50.0,70.0,0,TIMEOUT,2026-07-30 08:45:00+00:00,-1.0,24.2,0.5181220370087023,-1.5181220370087023,HOLDOUT,0.10414873,0.6,False
SETUP_0640,2026-07-29 22:45:00+00:00,EURGBP,BUY,0.85766,0.8561482142857142,0.8621953571428573,0.001511785714285785,0.260000000000038,22.0,1.0,1.4007882664599083,10.0,60.0,65.0,50.0,70.0,0,TIMEOUT,2026-07-30 08:45:00+00:00,-1.0,20.62,1.3639499173162604,-2.36394991731626,HOLDOUT,0.13132983,0.6,False
SETUP_0497,2026-07-29 23:00:00+00:00,ETHUSD,SELL,1886.34,1912.4935714285714,1807.8792857142855,26.153571428571468,100.0,23.0,1.0,1.4202445807459332,100.0,60.0,65.0,50.0,70.0,0,SL,2026-07-30 03:00:00+00:00,-1.0,346.29,0.0013240639082343286,-1.0013240639082344,HOLDOUT,0.12253013,0.6,False
SETUP_1881,2026-07-29 23:00:00+00:00,XRPUSD,SELL,1.0662,1.080342857142857,1.023771428571429,0.014142857142857013,3.1999999999998696,23.0,1.0,1.6591928251121075,15.999999999999348,60.0,65.0,50.0,70.0,0,TIMEOUT,2026-07-30 09:00:00+00:00,-1.0,490.61,3.4689595959596278,-4.468959595959628,HOLDOUT,0.13148528,0.6,False
SETUP_0311,2026-07-29 23:00:00+00:00,BTCUSD,SELL,63600.0,64272.58214285714,61582.25357142857,672.5821428571435,100.0,23.0,1.0,1.3592771217916735,100.0,60.0,65.0,50.0,70.0,0,SL,2026-07-30 04:45:00+00:00,-1.0,2250.0,0.033453162916903374,-1.0334531629169035,HOLDOUT,0.20019387,0.6,False
SETUP_0763,2026-07-29 23:45:00+00:00,EURUSD,BUY,1.14629,1.1440314285714284,1.153065714285715,0.002258571428571665,0.5899999999998684,23.0,1.0,0.5266575283168602,10.0,60.0,65.0,50.0,70.0,0,TIMEOUT,2026-07-30 09:45:00+00:00,-1.0,22.92,1.0148007590131765,-2.0148007590131765,HOLDOUT,0.24274792,0.6,False
SETUP_0906,2026-07-29 23:45:00+00:00,GBPUSD,BUY,1.33653,1.3333957142857142,1.3459328571428573,0.003134285714285756,1.0699999999999044,23.0,1.0,0.6916163314444652,10.0,60.0,65.0,50.0,70.0,0,SL,2026-07-30 09:00:00+00:00,-1.0,30.13,0.9613035551503974,-1.9613035551503974,HOLDOUT,0.25414485,0.6,False
SETUP_1580,2026-07-29 23:45:00+00:00,USDJPY,SELL,163.37,163.62460714285714,162.6061785714286,0.2546071428571395,54.9999999999784,23.0,1.0,0.7963751201427982,100.0,60.0,65.0,50.0,70.0,0,TIMEOUT,2026-07-30 09:45:00+00:00,-1.0,30.75,0.012077430214616516,-1.0120774302146165,HOLDOUT,0.33690616,0.6,False
SETUP_1450,2026-07-29 23:45:00+00:00,USDCHF,SELL,0.81297,0.8154696428571429,0.8054710714285713,0.002499642857142881,0.44999999999995044,23.0,1.0,0.5,10.0,60.0,65.0,50.0,70.0,0,SL,2026-07-30 07:00:00+00:00,-1.0,31.08,1.243377625375042,-2.243377625375042,HOLDOUT,0.24274792,0.6,False
SETUP_1581,2026-07-30 00:00:00+00:00,USDJPY,SELL,163.366,163.61350000000002,162.6235,0.24750000000000227,69.00000000001683,0.0,1.0,0.5,100.0,60.0,65.0,50.0,70.0,0,SL,2026-07-30 09:15:00+00:00,-1.0,108.2,0.04371717171717132,-1.0437171717171714,HOLDOUT,0.08098616,0.6,False
SETUP_1882,2026-07-30 00:30:00+00:00,XRPUSD,BUY,1.0744,1.0581785714285716,1.1230642857142852,0.016221428571428387,3.4000000000000696,0.0,1.0,0.5,17.000000000000348,60.0,65.0,50.0,70.0,0,TIMEOUT,2026-07-30 10:30:00+00:00,-1.0,490.31,3.0226067811537116,-4.022606781153712,HOLDOUT,0.07347516,0.6,False
SETUP_0498,2026-07-30 01:00:00+00:00,ETHUSD,BUY,1905.92,1882.0085714285715,1977.6542857142858,23.911428571428587,100.0,1.0,1.0,0.6927733925971339,100.0,60.0,65.0,50.0,70.0,0,TIMEOUT,2026-07-30 11:00:00+00:00,-1.0,346.21,0.0014478850519775352,-1.0014478850519775,HOLDOUT,0.5714709,0.6,False
SETUP_0499,2026-07-30 01:15:00+00:00,ETHUSD,BUY,1906.89,1883.2235714285714,1977.8892857142862,23.666428571428696,100.0,1.0,1.0,0.5,100.0,60.0,65.0,50.0,70.0,0,TIMEOUT,2026-07-30 11:15:00+00:00,-1.0,346.14,0.0014625780943470178,-1.001462578094347,HOLDOUT,0.5714709,0.6,False
SETUP_1689,2026-07-30 02:00:00+00:00,XAUUSD,BUY,4091.51,4064.800357142857,4171.6389285714295,26.70964285714308,69.399999999996,2.0,1.0,0.6403435238567738,100.0,60.0,65.0,50.0,70.0,0,SL,2026-07-30 05:45:00+00:00,-1.0,33.32,0.012474895369515987,-1.012474895369516,HOLDOUT,0.66307944,0.6,True
SETUP_1582,2026-07-30 02:00:00+00:00,USDJPY,SELL,163.346,163.463,162.99500000000003,0.11699999999999022,21.99999999999136,2.0,1.0,0.5641991674224982,100.0,60.0,65.0,50.0,70.0,0,SL,2026-07-30 03:15:00+00:00,-1.0,27.13,0.023188034188036128,-1.0231880341880362,HOLDOUT,0.6600175,0.6,True
SETUP_1012,2026-07-30 02:00:00+00:00,GOLD,BUY,4091.51,4064.800357142857,4171.6389285714295,26.70964285714308,69.399999999996,2.0,1.0,0.6403435238567738,100.0,60.0,65.0,50.0,70.0,0,SL,2026-07-30 05:45:00+00:00,-1.0,33.32,0.012474895369515987,-1.012474895369516,HOLDOUT,0.66307944,0.6,True
SETUP_1583,2026-07-30 03:00:00+00:00,USDJPY,SELL,163.246,163.4027857142857,162.77564285714294,0.15678571428568944,53.00000000002569,3.0,1.0,1.8473228824111618,100.0,60.0,65.0,50.0,70.0,0,SL,2026-07-30 03:15:00+00:00,-1.0,25.74,0.01641731207289554,-1.0164173120728957,HOLDOUT,0.28984925,0.6,False
SETUP_1883,2026-07-30 03:45:00+00:00,XRPUSD,SELL,1.0683,1.0763607142857143,1.044117857142857,0.00806071428571431,2.9000000000001247,3.0,1.0,0.7693349586888799,14.500000000000624,60.0,65.0,50.0,70.0,0,SL,2026-07-30 04:45:00+00:00,-1.0,490.49,6.084944616747878,-7.084944616747878,HOLDOUT,0.7214284,0.6,True
SETUP_0312,2026-07-30 03:45:00+00:00,BTCUSD,SELL,63676.6,64183.83928571429,62154.882142857125,507.2392857142913,100.0,3.0,1.0,0.8719955282280603,100.0,60.0,65.0,50.0,70.0,0,SL,2026-07-30 04:45:00+00:00,-1.0,2250.0,0.044357762960563346,-1.0443577629605634,HOLDOUT,0.58322704,0.6,False
SETUP_0500,2026-07-30 03:45:00+00:00,ETHUSD,SELL,1896.66,1916.6489285714285,1836.6932142857147,19.98892857142846,100.0,3.0,1.0,0.9808102345415779,100.0,60.0,65.0,50.0,70.0,0,SL,2026-07-30 04:30:00+00:00,-1.0,345.56,0.001728756990476881,-1.001728756990477,HOLDOUT,0.5167784,0.6,False
SETUP_1152,2026-07-30 04:00:00+00:00,NZDUSD,BUY,0.58021,0.5790139285714285,0.5837982142857144,0.0011960714285714769,0.17999999999995797,4.0,1.0,1.9773478055686644,10.0,60.0,65.0,50.0,70.0,1,TP,2026-07-30 13:00:00+00:00,3.0,28.34,2.369423708569627,0.6305762914303732,HOLDOUT,0.4336301,0.6,False
SETUP_1153,2026-07-30 04:15:00+00:00,NZDUSD,BUY,0.58036,0.5792835714285715,0.5835892857142856,0.0010764285714285338,0.21999999999999797,4.0,1.0,1.413454854406426,10.0,60.0,65.0,50.0,70.0,1,TP,2026-07-30 13:00:00+00:00,3.0,28.22,2.6216323822164154,0.37836761778358463,HOLDOUT,0.28226942,0.6,False
SETUP_0313,2026-07-30 04:45:00+00:00,BTCUSD,BUY,64254.4,63584.198214285716,66265.00535714286,670.2017857142855,100.0,4.0,1.0,1.2602241744925782,100.0,60.0,65.0,50.0,70.0,0,TIMEOUT,2026-07-30 14:45:00+00:00,-1.0,2250.0,0.03357197858853811,-1.033571978588538,HOLDOUT,0.5251373,0.6,False
SETUP_1884,2026-07-30 04:45:00+00:00,XRPUSD,BUY,1.0759,1.0661178571428573,1.1052464285714283,0.00978214285714274,2.7000000000001467,4.0,1.0,1.2806963009014611,13.500000000000734,60.0,65.0,50.0,70.0,0,TIMEOUT,2026-07-30 14:45:00+00:00,-1.0,490.53,5.014545454545515,-6.014545454545515,HOLDOUT,0.42544147,0.6,False
SETUP_0501,2026-07-30 04:45:00+00:00,ETHUSD,BUY,1915.3,1894.7889285714286,1976.833214285714,20.511071428571313,100.0,4.0,1.0,1.017071238204999,100.0,60.0,65.0,50.0,70.0,0,TIMEOUT,2026-07-30 14:45:00+00:00,-1.0,346.2,0.0016878689209660382,-1.001687868920966,HOLDOUT,0.5167784,0.6,False
SETUP_0314,2026-07-30 05:00:00+00:00,BTCUSD,BUY,64314.6,63729.43392857143,66070.09821428571,585.1660714285681,100.0,5.0,1.0,1.0250639386189258,100.0,60.0,65.0,50.0,70.0,0,TIMEOUT,2026-07-30 15:00:00+00:00,-1.0,2250.0,0.038450622991641786,-1.0384506229916417,HOLDOUT,0.50115466,0.6,False
SETUP_0641,2026-07-30 05:30:00+00:00,EURGBP,BUY,0.85787,0.8574732142857143,0.8590603571428571,0.00039678571428569676,0.1,5.0,1.0,0.7848318689304353,10.0,60.0,65.0,50.0,70.0,0,SL,2026-07-30 08:30:00+00:00,-1.0,20.29,5.113591359136139,-6.113591359136139,HOLDOUT,0.72008353,0.6,True
SETUP_0764,2026-07-30 08:15:00+00:00,EURUSD,BUY,1.14545,1.144742142857143,1.1475735714285715,0.000707857142857149,0.1,8.0,1.0,1.027987655634777,10.0,60.0,65.0,50.0,70.0,0,SL,2026-07-30 09:00:00+00:00,-1.0,19.88,2.808476286579189,-3.808476286579189,HOLDOUT,0.4970793,0.6,False
SETUP_1451,2026-07-30 08:15:00+00:00,USDCHF,SELL,0.81495,0.8157371428571428,0.8125885714285713,0.0007871428571428751,0.15999999999993797,8.0,1.0,0.75371145793681,10.0,60.0,65.0,50.0,70.0,0,SL,2026-07-30 09:00:00+00:00,-1.0,25.99,3.3018148820325925,-4.301814882032593,HOLDOUT,0.72008353,0.6,True
SETUP_1314,2026-07-30 08:15:00+00:00,USDCAD,SELL,1.4048,1.4056121428571429,1.4023635714285716,0.0008121428571428169,0.31999999999987594,8.0,1.0,0.9620826259196378,10.0,60.0,65.0,50.0,70.0,0,SL,2026-07-30 09:00:00+00:00,-1.0,31.17,3.837994722955336,-4.837994722955337,HOLDOUT,0.55928516,0.6,False
SETUP_0907,2026-07-30 08:30:00+00:00,GBPUSD,BUY,1.33531,1.3339921428571428,1.3392635714285714,0.0013178571428571484,0.31000000000003247,8.0,1.0,1.0890875329274086,10.0,60.0,65.0,50.0,70.0,0,SL,2026-07-30 09:00:00+00:00,-1.0,26.03,1.9751761517615096,-2.9751761517615094,HOLDOUT,0.4970793,0.6,False
SETUP_0642,2026-07-30 09:15:00+00:00,EURGBP,BUY,0.85809,0.8573682142857143,0.8602553571428572,0.0007217857142857165,0.19000000000002348,9.0,1.0,1.1777249241367997,10.0,60.0,65.0,50.0,70.0,0,SL,2026-07-30 10:00:00+00:00,-1.0,20.27,2.8083127164769834,-3.8083127164769834,HOLDOUT,0.4970793,0.6,False
SETUP_1154,2026-07-30 09:45:00+00:00,NZDUSD,BUY,0.58065,0.5795557142857144,0.5839328571428568,0.0010942857142856033,0.24000000000001798,9.0,1.0,1.1200869970483143,10.0,60.0,65.0,50.0,70.0,1,TP,2026-07-30 13:00:00+00:00,3.0,28.35,2.5907310704963464,0.40926892950365357,HOLDOUT,0.4970793,0.6,False
SETUP_1885,2026-07-30 10:15:00+00:00,XRPUSD,BUY,1.0763,1.0690357142857143,1.0980928571428572,0.007264285714285723,1.100000000000101,10.0,1.0,1.0765191297824455,10.0,60.0,65.0,50.0,70.0,0,TIMEOUT,2026-07-30 20:15:00+00:00,-1.0,490.31,6.749596853490651,-7.749596853490651,HOLDOUT,0.75350773,0.6,True
SETUP_1452,2026-07-30 10:45:00+00:00,USDCHF,BUY,0.81713,0.8154464285714286,0.8221807142857144,0.001683571428571451,0.37999999999993594,10.0,1.0,1.2226954251957687,10.0,60.0,65.0,50.0,70.0,0,SL,2026-07-30 11:15:00+00:00,-1.0,25.19,1.4962240135765608,-2.496224013576561,HOLDOUT,0.7345942,0.6,True
SETUP_1584,2026-07-30 10:45:00+00:00,USDJPY,BUY,163.72,163.5639642857143,164.18810714285712,0.15603571428570717,46.999999999997044,10.0,1.0,1.2901917852653773,100.0,60.0,65.0,50.0,70.0,0,SL,2026-07-30 12:00:00+00:00,-1.0,24.73,0.01584893568322343,-1.0158489356832234,HOLDOUT,0.41082647,0.6,False
SETUP_1585,2026-07-30 11:15:00+00:00,USDJPY,SELL,163.604,163.75864285714286,163.14007142857147,0.15464285714284642,34.99999999999659,11.0,1.0,1.5439158279963405,100.0,60.0,65.0,50.0,70.0,1,TP,2026-07-30 13:00:00+00:00,3.0,24.46,0.015817090069285163,2.984182909930715,HOLDOUT,0.3918444,0.6,False
SETUP_0765,2026-07-30 11:15:00+00:00,EURUSD,BUY,1.14534,1.1432235714285715,1.1516892857142857,0.0021164285714285747,0.6999999999999229,11.0,1.0,1.586891487625782,10.0,60.0,65.0,50.0,70.0,1,TP,2026-07-30 16:45:00+00:00,3.0,19.53,0.9227809652379333,2.0772190347620665,HOLDOUT,0.5493712,0.6,False
SETUP_1013,2026-07-30 11:15:00+00:00,GOLD,BUY,4064.55,4032.6914285714283,4160.125714285716,31.85857142857185,55.599999999999454,11.0,1.0,1.1650756044874921,100.0,60.0,65.0,50.0,70.0,0,TIMEOUT,2026-07-30 21:15:00+00:00,-1.0,30.11,0.00945114568853402,-1.009451145688534,HOLDOUT,0.5926958,0.6,False
SETUP_1155,2026-07-30 11:15:00+00:00,NZDUSD,BUY,0.58186,0.5800242857142858,0.5873671428571429,0.0018357142857142739,0.37999999999993594,11.0,1.0,1.2550187799507835,10.0,60.0,65.0,50.0,70.0,1,TP,2026-07-30 17:00:00+00:00,3.0,28.23,1.5378210116731617,1.4621789883268383,HOLDOUT,0.7945559,0.6,True
SETUP_1453,2026-07-30 11:15:00+00:00,USDCHF,SELL,0.8153,0.8176728571428572,0.8081814285714285,0.0023728571428571765,0.7099999999999884,11.0,1.0,1.534438775510204,10.0,60.0,65.0,50.0,70.0,1,TP,2026-07-30 16:45:00+00:00,3.0,25.33,1.0674894641781907,1.9325105358218093,HOLDOUT,0.5493712,0.6,False
SETUP_0908,2026-07-30 11:15:00+00:00,GBPUSD,BUY,1.33556,1.333161785714286,1.3427546428571426,0.002398214285714184,0.46999999999997044,11.0,1.0,1.3454459491405222,10.0,60.0,65.0,50.0,70.0,1,TP,2026-07-30 17:00:00+00:00,3.0,24.31,1.0136708860759922,1.9863291139240078,HOLDOUT,0.6605386,0.6,True
SETUP_1690,2026-07-30 11:15:00+00:00,XAUUSD,BUY,4064.55,4032.6914285714283,4160.125714285716,31.85857142857185,55.599999999999454,11.0,1.0,1.1650756044874921,100.0,60.0,65.0,50.0,70.0,0,TIMEOUT,2026-07-30 21:15:00+00:00,-1.0,30.11,0.00945114568853402,-1.009451145688534,HOLDOUT,0.5926958,0.6,False
SETUP_0123,2026-07-30 11:30:00+00:00,AUDUSD,BUY,0.69588,0.6946121428571429,0.6996835714285715,0.001267857142857154,0.17999999999995797,11.0,1.0,1.2397562513133011,10.0,60.0,65.0,50.0,70.0,1,TP,2026-07-30 16:30:00+00:00,3.0,23.96,1.889802816901392,1.110197183098608,HOLDOUT,0.7904245,0.6,True
SETUP_0315,2026-07-30 11:30:00+00:00,BTCUSD,BUY,64336.7,63895.7125,65659.66249999998,440.98749999999563,100.0,11.0,1.0,1.1194888178913738,100.0,60.0,65.0,50.0,70.0,0,TIMEOUT,2026-07-30 21:30:00+00:00,-1.0,2250.0,0.05102185436095178,-1.0510218543609517,HOLDOUT,0.6114185,0.6,True
SETUP_1691,2026-07-30 11:30:00+00:00,XAUUSD,BUY,4065.69,4031.035,4169.655000000001,34.6550000000002,68.00000000000182,11.0,1.0,1.1154396565431706,100.0,60.0,65.0,50.0,70.0,0,TIMEOUT,2026-07-30 21:30:00+00:00,-1.0,30.69,0.008855864954551962,-1.008855864954552,HOLDOUT,0.6114185,0.6,True
SETUP_1014,2026-07-30 11:30:00+00:00,GOLD,BUY,4065.69,4031.035,4169.655000000001,34.6550000000002,68.00000000000182,11.0,1.0,1.1154396565431706,100.0,60.0,65.0,50.0,70.0,0,TIMEOUT,2026-07-30 21:30:00+00:00,-1.0,30.69,0.008855864954551962,-1.008855864954552,HOLDOUT,0.6114185,0.6,True
SETUP_0502,2026-07-30 11:30:00+00:00,ETHUSD,BUY,1914.28,1896.0617857142859,1968.9346428571423,18.21821428571411,100.0,11.0,1.0,1.2256696858739642,100.0,60.0,65.0,50.0,70.0,0,TIMEOUT,2026-07-30 21:30:00+00:00,-1.0,345.93,0.0018988139812981697,-1.001898813981298,HOLDOUT,0.5767196,0.6,False
SETUP_1156,2026-07-30 12:15:00+00:00,NZDUSD,BUY,0.58265,0.5813360714285715,0.5865917857142856,0.0013139285714285354,0.39000000000000146,12.0,1.0,1.0283517539644402,10.0,60.0,65.0,50.0,70.0,1,TP,2026-07-30 16:45:00+00:00,3.0,28.18,2.1447132372928017,0.8552867627071983,HOLDOUT,0.71309704,0.6,True
SETUP_1586,2026-07-30 12:15:00+00:00,USDJPY,SELL,163.455,163.68664285714286,162.76007142857148,0.2316428571428446,67.99999999998363,12.0,1.0,1.543503405731911,100.0,60.0,65.0,50.0,70.0,1,TP,2026-07-30 13:15:00+00:00,3.0,25.24,0.010896083872957728,2.9891039161270423,HOLDOUT,0.4145879,0.6,False
SETUP_0766,2026-07-30 12:15:00+00:00,EURUSD,BUY,1.14605,1.1442125,1.1515624999999998,0.0018374999999999364,0.2300000000001745,12.0,1.0,1.1135073779795688,10.0,60.0,65.0,50.0,70.0,1,TP,2026-07-30 16:45:00+00:00,3.0,19.51,1.06176870748303,1.93823129251697,HOLDOUT,0.70474344,0.6,True
SETUP_0124,2026-07-30 12:15:00+00:00,AUDUSD,BUY,0.69675,0.6955225,0.7004324999999998,0.001227499999999937,0.46999999999997044,12.0,1.0,1.1175065585966562,10.0,60.0,65.0,50.0,70.0,1,TP,2026-07-30 16:30:00+00:00,3.0,23.77,1.9364562118127269,1.0635437881872731,HOLDOUT,0.70388484,0.6,True
SETUP_0909,2026-07-30 12:15:00+00:00,GBPUSD,BUY,1.3372,1.3348025000000001,1.3443924999999994,0.0023974999999998303,0.8099999999999774,12.0,1.0,1.1749488629527132,10.0,60.0,65.0,50.0,70.0,1,TP,2026-07-30 17:00:00+00:00,3.0,24.31,1.013972888425515,1.986027111574485,HOLDOUT,0.692767,0.6,True
SETUP_1886,2026-07-30 12:15:00+00:00,XRPUSD,BUY,1.0789,1.0742928571428574,1.0927214285714277,0.004607142857142588,1.2000000000000899,12.0,1.0,0.925253991291727,10.0,60.0,65.0,50.0,70.0,0,TIMEOUT,2026-07-30 22:15:00+00:00,-1.0,490.25,10.641085271318452,-11.641085271318452,HOLDOUT,0.72202975,0.6,True
SETUP_0316,2026-07-30 12:30:00+00:00,BTCUSD,BUY,64581.7,64207.146428571425,65705.36071428572,374.55357142857247,100.0,12.0,1.0,0.9993769470404984,100.0,60.0,65.0,50.0,70.0,0,TIMEOUT,2026-07-30 22:30:00+00:00,-1.0,2250.0,0.06007151370679364,-1.0600715137067935,HOLDOUT,0.6422067,0.6,True
SETUP_1454,2026-07-30 12:30:00+00:00,USDCHF,SELL,0.81427,0.8165292857142857,0.807492142857143,0.002259285714285686,0.38000000000004697,12.0,1.0,0.9758418353861605,10.0,60.0,65.0,50.0,70.0,1,TP,2026-07-30 16:45:00+00:00,3.0,25.26,1.1180524818210702,1.8819475181789298,HOLDOUT,0.72571576,0.6,True
SETUP_1587,2026-07-30 12:45:00+00:00,USDJPY,SELL,163.296,163.57167857142858,162.46896428571424,0.27567857142858543,43.99999999998272,12.0,1.0,1.549757210554028,100.0,60.0,65.0,50.0,70.0,1,TP,2026-07-30 13:15:00+00:00,3.0,25.08,0.00909755149630735,2.9909024485036926,HOLDOUT,0.39575395,0.6,False
SETUP_1588,2026-07-30 13:00:00+00:00,USDJPY,SELL,162.975,163.52710714285715,161.31867857142853,0.5521071428571531,68.00000000001205,13.0,1.0,1.858471886951097,100.0,60.0,65.0,50.0,70.0,1,TP,2026-07-30 16:30:00+00:00,3.0,25.36,0.0045933113396725974,2.9954066886603274,HOLDOUT,0.4078702,0.6,False
SETUP_1589,2026-07-30 13:15:00+00:00,USDJPY,SELL,162.857,163.47507142857143,161.00278571428572,0.6180714285714259,100.0,13.0,1.0,2.465379364150575,100.0,60.0,65.0,50.0,70.0,1,TP,2026-07-30 16:30:00+00:00,3.0,28.28,0.004575522940020822,2.9954244770599794,HOLDOUT,0.28226116,0.6,False
SETUP_1315,2026-07-30 13:15:00+00:00,USDCAD,SELL,1.40429,1.4055182142857143,1.4006053571428572,0.0012282142857142908,0.220000000000109,13.0,1.0,1.583627507931543,10.0,60.0,65.0,50.0,70.0,0,SL,2026-07-30 16:00:00+00:00,-1.0,30.21,2.4596685082872827,-3.4596685082872827,HOLDOUT,0.62065095,0.6,True
SETUP_1590,2026-07-30 13:30:00+00:00,USDJPY,SELL,162.724,163.3807857142857,160.75364285714284,0.6567857142857179,55.00000000000682,13.0,1.0,1.8851977401129945,100.0,60.0,65.0,50.0,70.0,1,TP,2026-07-30 16:30:00+00:00,3.0,26.58,0.0040469820554649046,2.9959530179445353,HOLDOUT,0.3891386,0.6,False
SETUP_0910,2026-07-30 15:00:00+00:00,GBPUSD,BUY,1.33911,1.3365671428571428,1.3467385714285716,0.00254285714285718,0.7200000000000539,15.0,1.0,1.1332669467855148,10.0,60.0,65.0,50.0,70.0,1,TP,2026-07-30 19:15:00+00:00,3.0,24.35,0.9575842696629074,2.0424157303370927,HOLDOUT,0.47283024,0.6,False
SETUP_0125,2026-07-30 15:00:00+00:00,AUDUSD,BUY,0.69827,0.6971210714285714,0.7017167857142856,0.0011489285714285646,0.21999999999999797,15.0,1.0,1.0183440372264738,10.0,60.0,65.0,50.0,70.0,1,TP,2026-07-30 16:45:00+00:00,3.0,23.67,2.060180292197712,0.9398197078022879,HOLDOUT,0.47385812,0.6,False
SETUP_1887,2026-07-30 15:00:00+00:00,XRPUSD,BUY,1.0825,1.0769892857142858,1.0990321428571428,0.005510714285714258,2.1999999999999797,15.0,1.0,0.9780439121756487,10.999999999999899,60.0,65.0,50.0,70.0,0,TIMEOUT,2026-07-31 01:00:00+00:00,-1.0,490.03,8.892313674659798,-9.892313674659798,HOLDOUT,0.47283024,0.6,False
SETUP_1455,2026-07-30 15:00:00+00:00,USDCHF,SELL,0.81156,0.8140721428571429,0.8040235714285711,0.0025121428571429627,0.7199999999999429,15.0,1.0,1.0530572630216757,10.0,60.0,65.0,50.0,70.0,1,TP,2026-07-30 17:00:00+00:00,3.0,25.17,1.001933466022136,1.998066533977864,HOLDOUT,0.47283024,0.6,False
SETUP_0767,2026-07-30 15:00:00+00:00,EURUSD,BUY,1.14796,1.1459889285714286,1.1538732142857144,0.001971071428571447,0.7399999999999629,15.0,1.0,0.9811090798293723,10.0,60.0,65.0,50.0,70.0,0,TIMEOUT,2026-07-31 01:00:00+00:00,-1.0,19.49,0.9888023192607264,-1.9888023192607265,HOLDOUT,0.47283024,0.6,False
SETUP_0317,2026-07-30 15:00:00+00:00,BTCUSD,BUY,64973.5,64481.926785714284,66448.21964285715,491.57321428571595,100.0,15.0,1.0,1.2251795521757498,100.0,60.0,65.0,50.0,70.0,0,TIMEOUT,2026-07-31 01:00:00+00:00,-1.0,2250.0,0.04577141175744042,-1.0457714117574404,HOLDOUT,0.4265103,0.6,False
SETUP_1456,2026-07-30 15:15:00+00:00,USDCHF,SELL,0.81182,0.8140257142857144,0.8052028571428569,0.0022057142857143663,0.280000000000058,15.0,1.0,0.9949728534084054,10.0,60.0,65.0,50.0,70.0,1,TP,2026-07-30 17:00:00+00:00,3.0,25.63,1.1619818652849316,1.8380181347150684,HOLDOUT,0.47385812,0.6,False
SETUP_0768,2026-07-30 16:45:00+00:00,EURUSD,BUY,1.15226,1.1465067857142857,1.1695196428571433,0.005753214285714403,1.7199999999999438,16.0,1.0,2.8096161758655147,10.0,60.0,65.0,50.0,70.0,0,TIMEOUT,2026-07-31 02:45:00+00:00,-1.0,19.58,0.3403314917127003,-1.3403314917127003,HOLDOUT,0.14159803,0.6,False
SETUP_0911,2026-07-30 16:45:00+00:00,GBPUSD,BUY,1.3427,1.3357275000000002,1.3636174999999995,0.006972499999999826,2.4399999999999977,16.0,1.0,1.7065378617883085,12.199999999999989,60.0,65.0,50.0,70.0,0,TIMEOUT,2026-07-31 02:45:00+00:00,-1.0,24.77,0.3552527787737629,-1.355252778773763,HOLDOUT,0.23669101,0.6,False
SETUP_1457,2026-07-30 16:45:00+00:00,USDCHF,SELL,0.80633,0.8129742857142858,0.7863971428571427,0.006644285714285769,2.1400000000000308,16.0,1.0,2.1787939344069587,10.700000000000154,60.0,65.0,50.0,70.0,0,TIMEOUT,2026-07-31 02:45:00+00:00,-1.0,25.82,0.38860460116103746,-1.3886046011610373,HOLDOUT,0.15126741,0.6,False
SETUP_1157,2026-07-30 16:45:00+00:00,NZDUSD,BUY,0.58717,0.5831389285714286,0.5992632142857142,0.004031071428571398,1.6899999999999693,16.0,1.0,2.4736507936507937,10.0,60.0,65.0,50.0,70.0,0,TIMEOUT,2026-07-31 02:45:00+00:00,-1.0,28.29,0.7017985292814796,-1.7017985292814797,HOLDOUT,0.112865716,0.6,False
SETUP_1316,2026-07-30 16:45:00+00:00,USDCAD,SELL,1.40089,1.4056585714285714,1.3865842857142856,0.004768571428571455,0.9000000000001229,16.0,1.0,2.191763476939635,10.0,60.0,65.0,50.0,70.0,0,TIMEOUT,2026-07-31 02:45:00+00:00,-1.0,29.24,0.6131815458358264,-1.6131815458358263,HOLDOUT,0.15126741,0.6,False
SETUP_0318,2026-07-30 16:45:00+00:00,BTCUSD,BUY,65014.4,64728.21607142857,65872.9517857143,286.18392857143044,100.0,16.0,1.0,2.244774676815271,100.0,60.0,65.0,50.0,70.0,0,SL,2026-07-30 17:00:00+00:00,-1.0,2250.0,0.07862076711405576,-1.0786207671140557,HOLDOUT,0.14882123,0.6,False
SETUP_1591,2026-07-30 16:45:00+00:00,USDJPY,SELL,159.735,163.10103571428573,149.63689285714287,3.366035714285715,100.0,16.0,1.0,2.1362288600922468,100.0,60.0,65.0,50.0,70.0,0,TIMEOUT,2026-07-31 02:45:00+00:00,-1.0,30.25,0.0008986832751541129,-1.000898683275154,HOLDOUT,0.19674343,0.6,False
SETUP_0126,2026-07-30 16:45:00+00:00,AUDUSD,BUY,0.70173,0.6972589285714286,0.7151432142857141,0.004471071428571394,1.9200000000000328,16.0,1.0,2.2039413100865612,10.0,60.0,65.0,50.0,70.0,0,TIMEOUT,2026-07-31 02:45:00+00:00,-1.0,23.79,0.5320872274143343,-1.5320872274143342,HOLDOUT,0.15126741,0.6,False
SETUP_0127,2026-07-30 17:00:00+00:00,AUDUSD,BUY,0.7017,0.6976278571428571,0.7139164285714286,0.0040721428571428575,0.46999999999997044,17.0,1.0,2.207205928281423,10.0,60.0,65.0,50.0,70.0,0,TIMEOUT,2026-07-31 03:00:00+00:00,-1.0,23.77,0.5837221540080687,-1.5837221540080688,HOLDOUT,0.112865716,0.6,False
SETUP_1317,2026-07-30 17:00:00+00:00,USDCAD,SELL,1.40106,1.4052717857142858,1.3884246428571425,0.004211785714285821,0.36999999999998145,17.0,1.0,2.4423896344821587,10.0,60.0,65.0,50.0,70.0,0,TIMEOUT,2026-07-31 03:00:00+00:00,-1.0,29.2,0.6932926312218938,-1.6932926312218939,HOLDOUT,0.19422127,0.6,False
SETUP_1592,2026-07-30 17:00:00+00:00,USDJPY,SELL,158.859,163.04375,146.30475000000007,4.18474999999998,100.0,17.0,1.0,2.075155090003051,100.0,60.0,65.0,50.0,70.0,0,TIMEOUT,2026-07-31 03:00:00+00:00,-1.0,29.77,0.000711392556305637,-1.0007113925563056,HOLDOUT,0.19674343,0.6,False
SETUP_1158,2026-07-30 17:00:00+00:00,NZDUSD,BUY,0.58722,0.5836064285714285,0.5980607142857143,0.003613571428571438,0.38000000000004697,17.0,1.0,2.41958528014828,10.0,60.0,65.0,50.0,70.0,0,TIMEOUT,2026-07-31 03:00:00+00:00,-1.0,28.32,0.783712196086181,-1.783712196086181,HOLDOUT,0.19422127,0.6,False
SETUP_0769,2026-07-30 17:00:00+00:00,EURUSD,BUY,1.15268,1.147230357142857,1.1690289285714286,0.005449642857142889,1.3800000000001589,17.0,1.0,2.905389655797571,10.0,60.0,65.0,50.0,70.0,0,TIMEOUT,2026-07-31 03:00:00+00:00,-1.0,19.66,0.3607575856871334,-1.3607575856871335,HOLDOUT,0.14159803,0.6,False
SETUP_0912,2026-07-30 17:00:00+00:00,GBPUSD,BUY,1.3443399999999999,1.335905,1.3696449999999998,0.00843499999999997,0.9300000000000974,17.0,1.0,1.6755405845919809,10.0,60.0,65.0,50.0,70.0,0,TIMEOUT,2026-07-31 03:00:00+00:00,-1.0,25.19,0.2986366330764682,-1.2986366330764683,HOLDOUT,0.20585157,0.6,False
SETUP_1458,2026-07-30 17:00:00+00:00,USDCHF,SELL,0.80552,0.8127307142857143,0.7838878571428571,0.0072107142857142925,1.7300000000000093,17.0,1.0,2.266472397604015,10.0,60.0,65.0,50.0,70.0,0,TIMEOUT,2026-07-31 03:00:00+00:00,-1.0,26.2,0.3633481921743434,-1.3633481921743433,HOLDOUT,0.112865716,0.6,False
SETUP_1593,2026-07-30 17:15:00+00:00,USDJPY,SELL,159.22,161.46375,152.48874999999998,2.2437500000000057,100.0,17.0,1.0,1.9393494452404352,100.0,60.0,65.0,50.0,70.0,0,TIMEOUT,2026-07-31 03:15:00+00:00,-1.0,30.29,0.0013499721448467933,-1.001349972144847,HOLDOUT,0.19674343,0.6,False
SETUP_0643,2026-07-30 18:00:00+00:00,EURGBP,SELL,0.85663,0.8580739285714285,0.8522982142857145,0.0014439285714284988,0.24000000000001798,18.0,1.0,0.9569521523923804,10.0,60.0,65.0,50.0,70.0,0,TIMEOUT,2026-07-31 04:00:00+00:00,-1.0,20.24,1.401731387583548,-2.401731387583548,HOLDOUT,0.23838077,0.6,False
SETUP_0770,2026-07-30 18:30:00+00:00,EURUSD,BUY,1.15208,1.1491217857142857,1.160954642857143,0.0029582142857143,0.6099999999999994,18.0,1.0,0.6347155657428631,10.0,60.0,65.0,50.0,70.0,0,TIMEOUT,2026-07-31 04:30:00+00:00,-1.0,19.33,0.6534347458650215,-1.6534347458650216,HOLDOUT,0.26783624,0.6,False
SETUP_0913,2026-07-30 18:30:00+00:00,GBPUSD,BUY,1.3456000000000001,1.3411274999999998,1.359017500000001,0.0044725000000003234,0.5699999999999594,18.0,1.0,0.9324585591581883,10.0,60.0,65.0,50.0,70.0,0,TIMEOUT,2026-07-31 04:30:00+00:00,-1.0,23.11,0.5167132476243338,-1.5167132476243337,HOLDOUT,0.23137201,0.6,False
SETUP_0644,2026-07-30 18:45:00+00:00,EURGBP,SELL,0.85591,0.8570632142857143,0.8524503571428569,0.0011532142857143546,0.24999999999997247,18.0,1.0,0.5724652287845192,10.0,60.0,65.0,50.0,70.0,0,TIMEOUT,2026-07-31 04:45:00+00:00,-1.0,20.22,1.7533601734282012,-2.7533601734282014,HOLDOUT,0.2755536,0.6,False
SETUP_1692,2026-07-30 18:45:00+00:00,XAUUSD,BUY,4108.1,4076.740714285714,4202.177857142859,31.359285714286216,64.399999999996,18.0,1.0,0.9722760686294631,100.0,60.0,65.0,50.0,70.0,0,SL,2026-07-31 05:30:00+00:00,-1.0,28.8,0.009183882650388211,-1.0091838826503883,HOLDOUT,0.22220527,0.6,False
SETUP_0914,2026-07-30 18:45:00+00:00,GBPUSD,BUY,1.34578,1.3420592857142857,1.3569421428571429,0.0037207142857142994,1.1700000000001154,18.0,1.0,0.7643880592257304,10.0,60.0,65.0,50.0,70.0,0,TIMEOUT,2026-07-31 04:45:00+00:00,-1.0,24.03,0.6458437320023014,-1.6458437320023014,HOLDOUT,0.37649256,0.6,False
SETUP_1459,2026-07-30 18:45:00+00:00,USDCHF,SELL,0.8056,0.8078492857142857,0.7988521428571428,0.0022492857142857314,0.5399999999999849,18.0,1.0,0.6853682592838957,10.0,60.0,65.0,50.0,70.0,0,TIMEOUT,2026-07-31 04:45:00+00:00,-1.0,24.96,1.1096856144807792,-2.109685614480779,HOLDOUT,0.26783624,0.6,False
SETUP_0771,2026-07-30 18:45:00+00:00,EURUSD,BUY,1.15201,1.1499382142857142,1.1582253571428573,0.00207178571428579,0.43999999999999595,18.0,1.0,0.5219294553413587,10.0,60.0,65.0,50.0,70.0,0,TIMEOUT,2026-07-31 04:45:00+00:00,-1.0,19.35,0.9339769005343567,-1.9339769005343568,HOLDOUT,0.28370818,0.6,False
SETUP_1159,2026-07-30 18:45:00+00:00,NZDUSD,BUY,0.58741,0.5855257142857142,0.5930628571428573,0.0018842857142857827,0.8299999999999974,18.0,1.0,0.5855161787365177,10.0,60.0,65.0,50.0,70.0,0,TIMEOUT,2026-07-31 04:45:00+00:00,-1.0,28.11,1.4918119787717428,-2.491811978771743,HOLDOUT,0.26783624,0.6,False
SETUP_0128,2026-07-30 18:45:00+00:00,AUDUSD,BUY,0.70199,0.7000489285714286,0.7078132142857141,0.0019410714285713615,0.7399999999999629,18.0,1.0,0.724671669793621,10.0,60.0,65.0,50.0,70.0,0,TIMEOUT,2026-07-31 04:45:00+00:00,-1.0,23.45,1.2080956761729948,-2.208095676172995,HOLDOUT,0.36227396,0.6,False
SETUP_1015,2026-07-30 18:45:00+00:00,GOLD,BUY,4108.1,4076.740714285714,4202.177857142859,31.359285714286216,64.399999999996,18.0,1.0,0.9722760686294631,100.0,60.0,65.0,50.0,70.0,0,SL,2026-07-31 05:30:00+00:00,-1.0,28.8,0.009183882650388211,-1.0091838826503883,HOLDOUT,0.22220527,0.6,False
SETUP_0645,2026-07-30 20:15:00+00:00,EURGBP,SELL,0.85583,0.8564285714285714,0.8540342857142856,0.0005985714285714483,0.17000000000000348,20.0,1.0,0.5,10.0,60.0,65.0,50.0,70.0,0,TIMEOUT,2026-07-31 06:15:00+00:00,-1.0,20.02,3.3446300715989348,-4.344630071598935,HOLDOUT,0.27525878,0.6,False
SETUP_1460,2026-07-30 20:45:00+00:00,USDCHF,SELL,0.80435,0.8060057142857143,0.7993828571428571,0.001655714285714316,0.5700000000000705,20.0,1.0,0.7853080568720379,10.0,60.0,65.0,50.0,70.0,0,SL,2026-07-31 03:00:00+00:00,-1.0,26.17,1.580586712683319,-2.580586712683319,HOLDOUT,0.33911705,0.6,False
SETUP_0772,2026-07-30 20:45:00+00:00,EURUSD,BUY,1.15287,1.1513560714285713,1.1574117857142863,0.0015139285714287354,0.460000000000127,20.0,1.0,0.6839252453801561,10.0,60.0,65.0,50.0,70.0,0,SL,2026-07-31 04:30:00+00:00,-1.0,19.42,1.2827553668316614,-2.2827553668316614,HOLDOUT,0.2483649,0.6,False
SETUP_1594,2026-07-30 20:45:00+00:00,USDJPY,SELL,158.985,160.0215357142857,155.87539285714294,1.0365357142856908,100.0,20.0,1.0,0.8573106283029948,100.0,60.0,65.0,50.0,70.0,0,SL,2026-07-31 02:30:00+00:00,-1.0,29.53,0.0028489129311236564,-1.0028489129311235,HOLDOUT,0.21351112,0.6,False
SETUP_0915,2026-07-30 20:45:00+00:00,GBPUSD,BUY,1.3470900000000001,1.3451385714285713,1.3529442857142866,0.001951428571428826,0.42999999999993044,20.0,1.0,0.7494925826306497,10.0,60.0,65.0,50.0,70.0,0,SL,2026-07-31 04:30:00+00:00,-1.0,24.36,1.2483162518299984,-2.2483162518299986,HOLDOUT,0.3571525,0.6,False
SETUP_0319,2026-07-30 22:15:00+00:00,BTCUSD,BUY,64874.8,64610.31071428572,65668.26785714286,264.48928571428405,100.0,22.0,1.0,0.8988240773081849,100.0,60.0,65.0,50.0,70.0,0,SL,2026-07-31 04:45:00+00:00,-1.0,2250.0,0.08506960854477011,-1.0850696085447702,HOLDOUT,0.20846379,0.6,False
SETUP_0503,2026-07-30 22:15:00+00:00,ETHUSD,BUY,1924.76,1910.7578571428573,1966.766428571428,14.002142857142644,100.0,22.0,1.0,0.8130777131119479,100.0,60.0,65.0,50.0,70.0,0,SL,2026-07-31 04:45:00+00:00,-1.0,345.55,0.002467836555629278,-1.0024678365556292,HOLDOUT,0.37163073,0.6,False
SETUP_1016,2026-07-30 22:30:00+00:00,GOLD,BUY,4112.21,4095.4228571428575,4162.5714285714275,16.7871428571425,59.10000000000764,22.0,1.0,0.8835248821422742,100.0,60.0,65.0,50.0,70.0,0,SL,2026-07-31 03:30:00+00:00,-1.0,29.09,0.017328737979746774,-1.0173287379797469,HOLDOUT,0.18450853,0.6,False
SETUP_1693,2026-07-30 22:30:00+00:00,XAUUSD,BUY,4112.21,4095.4228571428575,4162.5714285714275,16.7871428571425,59.10000000000764,22.0,1.0,0.8835248821422742,100.0,60.0,65.0,50.0,70.0,0,SL,2026-07-31 03:30:00+00:00,-1.0,29.09,0.017328737979746774,-1.0173287379797469,HOLDOUT,0.18450853,0.6,False
SETUP_1694,2026-07-31 01:15:00+00:00,XAUUSD,BUY,4107.58,4096.2417857142855,4141.594642857143,11.338214285714457,25.100000000002183,1.0,1.0,0.5,100.0,60.0,65.0,50.0,70.0,0,SL,2026-07-31 03:15:00+00:00,-1.0,42.93,0.03786310517529158,-1.0378631051752916,HOLDOUT,0.2968413,0.6,False
SETUP_0916,2026-07-31 01:15:00+00:00,GBPUSD,BUY,1.34652,1.3451764285714285,1.3505507142857143,0.001343571428571444,0.24000000000001798,1.0,1.0,0.5,10.0,60.0,65.0,50.0,70.0,0,SL,2026-07-31 04:30:00+00:00,-1.0,29.72,2.212014885699071,-3.212014885699071,HOLDOUT,0.2954485,0.6,False
SETUP_1160,2026-07-31 01:15:00+00:00,NZDUSD,BUY,0.58771,0.5867464285714286,0.5906007142857141,0.000963571428571397,0.21000000000004349,1.0,1.0,0.8732429406642618,10.0,60.0,65.0,50.0,70.0,0,SL,2026-07-31 03:45:00+00:00,-1.0,30.61,3.1767234988881694,-4.176723498888169,HOLDOUT,0.29384568,0.6,False
SETUP_1888,2026-07-31 01:15:00+00:00,XRPUSD,BUY,1.0862,1.080532142857143,1.103203571428571,0.005667857142857002,1.5000000000000568,1.0,1.0,0.8947165445430003,10.0,60.0,65.0,50.0,70.0,0,SL,2026-07-31 02:45:00+00:00,-1.0,490.23,8.649300567107966,-9.649300567107966,HOLDOUT,0.29523408,0.6,False
SETUP_1318,2026-07-31 01:15:00+00:00,USDCAD,SELL,1.40054,1.4013117857142856,1.3982246428571428,0.000771785714285711,0.180000000000069,1.0,1.0,0.5,10.0,60.0,65.0,50.0,70.0,0,SL,2026-07-31 03:00:00+00:00,-1.0,35.06,4.542711707542824,-5.542711707542824,HOLDOUT,0.2954485,0.6,False
SETUP_0504,2026-07-31 01:15:00+00:00,ETHUSD,BUY,1930.43,1912.9517857142857,1982.864642857143,17.47821428571433,100.0,1.0,1.0,1.0841780520052886,100.0,60.0,65.0,50.0,70.0,0,SL,2026-07-31 04:45:00+00:00,-1.0,345.93,0.001979206767608651,-1.0019792067676085,HOLDOUT,0.33778787,0.6,False
SETUP_0320,2026-07-31 01:15:00+00:00,BTCUSD,BUY,64986.6,64639.175,66028.87499999999,347.42499999999563,100.0,1.0,1.0,1.098405055672585,100.0,60.0,65.0,50.0,70.0,0,SL,2026-07-31 04:45:00+00:00,-1.0,2250.0,0.0647621788875305,-1.0647621788875306,HOLDOUT,0.33778787,0.6,False
SETUP_0129,2026-07-31 01:15:00+00:00,AUDUSD,BUY,0.70267,0.7014635714285714,0.7062892857142858,0.0012064285714286083,0.29000000000001247,1.0,1.0,0.5560010692328254,10.0,60.0,65.0,50.0,70.0,0,TIMEOUT,2026-07-31 11:15:00+00:00,-1.0,25.62,2.1236234458258676,-3.1236234458258676,HOLDOUT,0.2954485,0.6,False
SETUP_1017,2026-07-31 01:15:00+00:00,GOLD,BUY,4107.58,4096.2417857142855,4141.594642857143,11.338214285714457,25.100000000002183,1.0,1.0,0.5,100.0,60.0,65.0,50.0,70.0,0,SL,2026-07-31 03:15:00+00:00,-1.0,42.93,0.03786310517529158,-1.0378631051752916,HOLDOUT,0.2968413,0.6,False
SETUP_0646,2026-07-31 04:00:00+00:00,EURGBP,SELL,0.85564,0.8559846428571428,0.8546060714285714,0.0003446428571428628,0.1,4.0,1.0,2.1249576701659327,10.0,60.0,65.0,50.0,70.0,0,SL,2026-07-31 09:15:00+00:00,-1.0,20.67,5.997512953367778,-6.997512953367778,HOLDOUT,0.4336301,0.6,False
SETUP_1889,2026-07-31 04:15:00+00:00,XRPUSD,BUY,1.086,1.0771107142857144,1.1126678571428572,0.00888928571428571,2.2999999999999687,4.0,1.0,1.2751809114023078,11.499999999999844,60.0,65.0,50.0,70.0,0,SL,2026-07-31 04:45:00+00:00,-1.0,490.51,5.517991161108882,-6.517991161108882,HOLDOUT,0.38232708,0.6,False
SETUP_0321,2026-07-31 04:15:00+00:00,BTCUSD,BUY,65172.8,64586.525,66931.625,586.2750000000015,100.0,4.0,1.0,1.6971625563511004,100.0,60.0,65.0,50.0,70.0,0,SL,2026-07-31 04:45:00+00:00,-1.0,2250.0,0.038377894332864176,-1.038377894332864,HOLDOUT,0.32110488,0.6,False
SETUP_0505,2026-07-31 04:15:00+00:00,ETHUSD,BUY,1927.97,1909.6089285714286,1983.0532142857144,18.36107142857145,100.0,4.0,1.0,1.727721028531173,100.0,60.0,65.0,50.0,70.0,0,SL,2026-07-31 04:45:00+00:00,-1.0,346.21,0.0018855653459376375,-1.0018855653459375,HOLDOUT,0.32110488,0.6,False
SETUP_0506,2026-07-31 04:45:00+00:00,ETHUSD,SELL,1908.7,1935.3239285714287,1828.828214285714,26.623928571428678,100.0,4.0,1.0,2.380584325243469,100.0,60.0,65.0,50.0,70.0,0,TIMEOUT,2026-07-31 14:45:00+00:00,-1.0,346.3,0.001300709619434714,-1.0013007096194346,HOLDOUT,0.2524097,0.6,False
SETUP_1890,2026-07-31 05:00:00+00:00,XRPUSD,SELL,1.0779,1.0875714285714286,1.0488857142857144,0.009671428571428553,1.8000000000000238,5.0,1.0,1.3584637268847797,10.0,60.0,65.0,50.0,70.0,0,TIMEOUT,2026-07-31 15:00:00+00:00,-1.0,490.37,5.070295420974899,-6.070295420974899,HOLDOUT,0.40477487,0.6,False
SETUP_0647,2026-07-31 05:00:00+00:00,EURGBP,SELL,0.85554,0.8559835714285714,0.8542092857142857,0.00044357142857143206,0.1,5.0,1.0,1.310776425280242,10.0,60.0,65.0,50.0,70.0,0,SL,2026-07-31 09:15:00+00:00,-1.0,20.53,4.628341384863088,-5.628341384863088,HOLDOUT,0.31487074,0.6,False
SETUP_0507,2026-07-31 05:00:00+00:00,ETHUSD,SELL,1907.07,1932.6764285714287,1830.2507142857137,25.60642857142875,100.0,5.0,1.0,1.3916881206325855,100.0,60.0,65.0,50.0,70.0,0,TIMEOUT,2026-07-31 15:00:00+00:00,-1.0,345.91,0.0013508717119026937,-1.0013508717119026,HOLDOUT,0.25368088,0.6,False
SETUP_1161,2026-07-31 05:15:00+00:00,NZDUSD,BUY,0.58691,0.5859353571428572,0.5898339285714287,0.0009746428571428822,0.29000000000001247,5.0,1.0,0.8495225551531117,10.0,60.0,65.0,50.0,70.0,0,SL,2026-07-31 15:00:00+00:00,-1.0,28.15,2.8882374496151693,-3.8882374496151693,HOLDOUT,0.67360085,0.6,True
SETUP_0773,2026-07-31 07:00:00+00:00,EURUSD,BUY,1.15121,1.1503210714285714,1.153876785714286,0.0008889285714286377,0.1900000000001345,7.0,1.0,0.6118768517325777,10.0,60.0,65.0,50.0,70.0,0,SL,2026-07-31 12:30:00+00:00,-1.0,19.97,2.2465247087181934,-3.2465247087181934,HOLDOUT,0.6585166,0.6,True
SETUP_1695,2026-07-31 07:30:00+00:00,XAUUSD,BUY,4079.24,4070.445714285714,4105.622857142856,8.794285714285706,23.200000000001637,7.0,1.0,0.5,100.0,60.0,65.0,50.0,70.0,0,SL,2026-07-31 10:30:00+00:00,-1.0,28.19,0.03205490578297599,-1.032054905782976,HOLDOUT,0.6600175,0.6,True
SETUP_1018,2026-07-31 07:30:00+00:00,GOLD,BUY,4079.24,4070.445714285714,4105.622857142856,8.794285714285706,23.200000000001637,7.0,1.0,0.5,100.0,60.0,65.0,50.0,70.0,0,SL,2026-07-31 10:30:00+00:00,-1.0,28.19,0.03205490578297599,-1.032054905782976,HOLDOUT,0.6600175,0.6,True
SETUP_1891,2026-07-31 08:30:00+00:00,XRPUSD,SELL,1.0772,1.08165,1.0638499999999997,0.004450000000000065,0.9999999999998899,8.0,1.0,0.7886930727621706,10.0,60.0,65.0,50.0,70.0,0,SL,2026-07-31 09:30:00+00:00,-1.0,490.18,11.015280898876245,-12.015280898876245,HOLDOUT,0.7214284,0.6,True
SETUP_1319,2026-07-31 09:15:00+00:00,USDCAD,SELL,1.4010799999999999,1.4023271428571429,1.3973385714285709,0.001247142857143002,0.18999999999991246,9.0,1.0,1.3472214273450467,10.0,60.0,65.0,50.0,70.0,0,SL,2026-07-31 14:15:00+00:00,-1.0,29.86,2.394272623138324,-3.394272623138324,HOLDOUT,0.4583507,0.6,False
SETUP_0130,2026-07-31 09:15:00+00:00,AUDUSD,BUY,0.70368,0.7023603571428572,0.7076389285714284,0.001319642857142811,0.160000000000049,9.0,1.0,1.3083475298126064,10.0,60.0,65.0,50.0,70.0,0,SL,2026-07-31 14:30:00+00:00,-1.0,23.83,1.805791610284231,-2.8057916102842313,HOLDOUT,0.298414,0.6,False
SETUP_1019,2026-07-31 09:15:00+00:00,GOLD,BUY,4084.9,4070.9617857142857,4126.714642857143,13.938214285714366,46.30000000000109,9.0,1.0,0.9619512195121951,100.0,60.0,65.0,50.0,70.0,0,SL,2026-07-31 10:30:00+00:00,-1.0,29.65,0.021272452404745307,-1.0212724524047454,HOLDOUT,0.52472705,0.6,False
SETUP_1162,2026-07-31 09:15:00+00:00,NZDUSD,BUY,0.58771,0.5861992857142857,0.5922421428571427,0.0015107142857142541,0.41999999999997595,9.0,1.0,1.173886301730955,10.0,60.0,65.0,50.0,70.0,0,SL,2026-07-31 14:30:00+00:00,-1.0,28.3,1.8732860520094954,-2.8732860520094956,HOLDOUT,0.50336,0.6,False
SETUP_1696,2026-07-31 09:15:00+00:00,XAUUSD,BUY,4084.9,4070.9617857142857,4126.714642857143,13.938214285714366,46.30000000000109,9.0,1.0,0.9619512195121951,100.0,60.0,65.0,50.0,70.0,0,SL,2026-07-31 10:30:00+00:00,-1.0,29.65,0.021272452404745307,-1.0212724524047454,HOLDOUT,0.52472705,0.6,False
SETUP_0917,2026-07-31 09:15:00+00:00,GBPUSD,BUY,1.3458700000000001,1.343662142857143,1.3524935714285717,0.002207857142857206,0.600000000000156,9.0,1.0,1.3977455716586151,10.0,60.0,65.0,50.0,70.0,0,SL,2026-07-31 11:15:00+00:00,-1.0,24.04,1.0888385635716287,-2.0888385635716284,HOLDOUT,0.21607074,0.6,False
SETUP_1461,2026-07-31 09:15:00+00:00,USDCHF,SELL,0.80603,0.807977142857143,0.8001885714285712,0.001947142857142925,0.6800000000000139,9.0,1.0,1.3036704680002493,10.0,60.0,65.0,50.0,70.0,0,SL,2026-07-31 11:30:00+00:00,-1.0,25.43,1.3060161408656918,-2.306016140865692,HOLDOUT,0.29910293,0.6,False
SETUP_0774,2026-07-31 09:15:00+00:00,EURUSD,BUY,1.15195,1.1501292857142857,1.157412142857143,0.0018207142857142866,0.6699999999999484,9.0,1.0,1.4217126477964888,10.0,60.0,65.0,50.0,70.0,0,SL,2026-07-31 13:15:00+00:00,-1.0,19.74,1.0841898783836794,-2.0841898783836794,HOLDOUT,0.21607074,0.6,False
SETUP_0322,2026-07-31 09:45:00+00:00,BTCUSD,SELL,64216.9,64494.03571428571,63385.492857142875,277.1357142857087,100.0,9.0,1.0,0.9998687836241963,100.0,60.0,65.0,50.0,70.0,1,TP,2026-07-31 16:45:00+00:00,3.0,2250.0,0.08118765947576133,2.9188123405242385,HOLDOUT,0.4974307,0.6,False
SETUP_1892,2026-07-31 10:00:00+00:00,XRPUSD,SELL,1.0729,1.0827357142857144,1.0433928571428568,0.009835714285714392,0.7999999999999119,10.0,1.0,1.3699737320670844,10.0,60.0,65.0,50.0,70.0,0,TIMEOUT,2026-07-31 20:00:00+00:00,-1.0,490.34,4.98530137981113,-5.98530137981113,HOLDOUT,0.6605386,0.6,True
SETUP_0508,2026-07-31 10:15:00+00:00,ETHUSD,SELL,1883.46,1905.6292857142857,1816.952142857143,22.169285714285706,100.0,10.0,1.0,1.4126866461929473,100.0,60.0,65.0,50.0,70.0,0,TIMEOUT,2026-07-31 20:15:00+00:00,-1.0,345.77,0.0015596803814801692,-1.0015596803814801,HOLDOUT,0.34292832,0.6,False
SETUP_1893,2026-07-31 10:15:00+00:00,XRPUSD,SELL,1.0722,1.0796428571428571,1.0498714285714288,0.0074428571428570844,3.8000000000000256,10.0,1.0,1.0679811049496817,19.000000000000128,60.0,65.0,50.0,70.0,0,TIMEOUT,2026-07-31 20:15:00+00:00,-1.0,490.24,6.58671785028796,-7.58671785028796,HOLDOUT,0.75350773,0.6,True
SETUP_0323,2026-07-31 10:15:00+00:00,BTCUSD,SELL,63974.8,64321.142857142855,62935.77142857145,346.34285714285215,100.0,10.0,1.0,1.0942988381518508,100.0,60.0,65.0,50.0,70.0,1,TP,2026-07-31 17:00:00+00:00,3.0,2250.0,0.06496452730572606,2.935035472694274,HOLDOUT,0.6114185,0.6,True
SETUP_1320,2026-07-31 12:00:00+00:00,USDCAD,SELL,1.40076,1.4023564285714287,1.3959707142857138,0.0015964285714287207,0.5500000000000504,12.0,1.0,1.9163987138263665,10.0,60.0,65.0,50.0,70.0,0,SL,2026-07-31 14:15:00+00:00,-1.0,30.03,1.88107382550318,-2.8810738255031803,HOLDOUT,0.46656588,0.6,False
SETUP_0918,2026-07-31 12:00:00+00:00,GBPUSD,BUY,1.34565,1.342865357142857,1.354003928571429,0.0027846428571429716,1.0700000000001264,12.0,1.0,1.928125672476867,10.0,60.0,65.0,50.0,70.0,0,SL,2026-07-31 14:30:00+00:00,-1.0,24.86,0.892753623188369,-1.892753623188369,HOLDOUT,0.39494106,0.6,False
SETUP_1163,2026-07-31 12:00:00+00:00,NZDUSD,BUY,0.58799,0.5864442857142856,0.5926271428571431,0.0015457142857143724,0.41999999999997595,12.0,1.0,2.2622269780323534,10.0,60.0,65.0,50.0,70.0,0,SL,2026-07-31 14:30:00+00:00,-1.0,28.31,1.8315157116449992,-2.8315157116449994,HOLDOUT,0.3911386,0.6,False
SETUP_0131,2026-07-31 12:00:00+00:00,AUDUSD,BUY,0.70377,0.7023925000000001,0.7079024999999998,0.0013774999999999205,0.39999999999995595,12.0,1.0,2.2749144302792796,10.0,60.0,65.0,50.0,70.0,0,SL,2026-07-31 14:30:00+00:00,-1.0,23.85,1.7313974591652546,-2.7313974591652546,HOLDOUT,0.3911386,0.6,False
SETUP_1595,2026-07-31 12:00:00+00:00,USDJPY,SELL,159.539,160.49857142857144,156.66028571428564,0.9595714285714507,100.0,12.0,1.0,1.9670989399785488,100.0,60.0,65.0,50.0,70.0,0,SL,2026-07-31 16:15:00+00:00,-1.0,30.83,0.0032128926604138006,-1.0032128926604138,HOLDOUT,0.35522035,0.6,False
SETUP_0775,2026-07-31 12:00:00+00:00,EURUSD,BUY,1.15155,1.1499332142857144,1.1564003571428572,0.0016167857142856956,0.46999999999997044,12.0,1.0,2.8782161234991426,10.0,60.0,65.0,50.0,70.0,0,SL,2026-07-31 14:00:00+00:00,-1.0,19.97,1.2351667771151016,-2.2351667771151016,HOLDOUT,0.37660703,0.6,False
SETUP_0648,2026-07-31 12:15:00+00:00,EURGBP,SELL,0.85535,0.85627,0.8525900000000003,0.0009199999999999209,0.19000000000002348,12.0,1.0,1.255909459911179,10.0,60.0,65.0,50.0,70.0,0,SL,2026-07-31 16:00:00+00:00,-1.0,20.5,2.228260869565409,-3.228260869565409,HOLDOUT,0.72122085,0.6,True
SETUP_1894,2026-07-31 12:30:00+00:00,XRPUSD,SELL,1.0701,1.0762964285714285,1.0515107142857147,0.006196428571428436,1.0999999999998789,12.0,1.0,1.1334022750775594,10.0,60.0,65.0,50.0,70.0,0,TIMEOUT,2026-07-31 22:30:00+00:00,-1.0,490.31,7.9127838616716435,-8.912783861671643,HOLDOUT,0.70388484,0.6,True
SETUP_0509,2026-07-31 12:30:00+00:00,ETHUSD,SELL,1881.64,1892.4610714285714,1849.1767857142863,10.821071428571258,100.0,12.0,1.0,1.3009370233166269,100.0,60.0,65.0,50.0,70.0,1,TP,2026-07-31 17:00:00+00:00,3.0,345.7,0.003194692894154973,2.996805307105845,HOLDOUT,0.45096925,0.6,False
SETUP_1895,2026-07-31 14:30:00+00:00,XRPUSD,SELL,1.069,1.0743107142857142,1.0530678571428571,0.00531071428571428,0.6999999999999229,14.0,1.0,0.8575492786019101,10.0,60.0,65.0,50.0,70.0,0,TIMEOUT,2026-08-01 00:30:00+00:00,-1.0,490.08,9.228137188971093,-10.228137188971093,HOLDOUT,0.7096133,0.6,True
SETUP_0510,2026-07-31 15:15:00+00:00,ETHUSD,SELL,1877.36,1885.7789285714287,1852.1032142857136,8.41892857142875,100.0,15.0,1.0,1.0407876230661042,100.0,60.0,65.0,50.0,70.0,0,SL,2026-07-31 16:15:00+00:00,-1.0,345.51,0.004103966402239763,-1.0041039664022398,HOLDOUT,0.47517848,0.6,False
SETUP_0511,2026-07-31 16:45:00+00:00,ETHUSD,SELL,1865.36,1891.8,1786.0399999999997,26.440000000000055,100.0,16.0,1.0,3.494267217845722,100.0,60.0,65.0,50.0,70.0,0,TIMEOUT,2026-08-01 02:45:00+00:00,-1.0,346.13,0.0013091149773071077,-1.001309114977307,HOLDOUT,0.13741775,0.6,False
SETUP_1896,2026-07-31 16:45:00+00:00,XRPUSD,SELL,1.0639,1.0725285714285713,1.0380142857142864,0.008628571428571208,2.5999999999999357,16.0,1.0,1.9303366413699163,12.999999999999678,60.0,65.0,50.0,70.0,0,TIMEOUT,2026-08-01 02:45:00+00:00,-1.0,490.45,5.684023178808093,-6.684023178808093,HOLDOUT,0.17573899,0.6,False
SETUP_0324,2026-07-31 16:45:00+00:00,BTCUSD,SELL,63256.0,63884.95,61369.15000000001,628.9499999999971,100.0,16.0,1.0,2.668205424120023,100.0,60.0,65.0,50.0,70.0,0,TIMEOUT,2026-08-01 02:45:00+00:00,-1.0,2250.0,0.03577390889577885,-1.035773908895779,HOLDOUT,0.18480007,0.6,False
SETUP_0512,2026-07-31 17:00:00+00:00,ETHUSD,SELL,1862.82,1891.0410714285715,1778.1567857142852,28.221071428571577,100.0,17.0,1.0,3.987876442896756,100.0,60.0,65.0,50.0,70.0,0,TIMEOUT,2026-08-01 03:00:00+00:00,-1.0,346.57,0.001228054012326143,-1.0012280540123262,HOLDOUT,0.13741775,0.6,False
SETUP_1897,2026-07-31 17:00:00+00:00,XRPUSD,SELL,1.0634,1.0723,1.0366999999999995,0.00890000000000013,1.9000000000000128,17.0,1.0,2.734115175914581,10.0,60.0,65.0,50.0,70.0,0,TIMEOUT,2026-08-01 03:00:00+00:00,-1.0,490.49,5.511123595505538,-6.511123595505538,HOLDOUT,0.14159803,0.6,False
SETUP_0325,2026-07-31 17:00:00+00:00,BTCUSD,SELL,62680.9,63900.7,59021.500000000015,1219.7999999999956,100.0,17.0,1.0,3.994599286334265,100.0,60.0,65.0,50.0,70.0,0,TIMEOUT,2026-08-01 03:00:00+00:00,-1.0,2250.0,0.01844564682734881,-1.0184456468273488,HOLDOUT,0.13741775,0.6,False
SETUP_0326,2026-07-31 17:15:00+00:00,BTCUSD,SELL,62633.8,63613.29285714286,59695.32142857144,979.4928571428536,100.0,17.0,1.0,3.0954384783706446,100.0,60.0,65.0,50.0,70.0,0,TIMEOUT,2026-08-01 03:15:00+00:00,-1.0,2250.0,0.022971071035302607,-1.0229710710353026,HOLDOUT,0.20126809,0.6,False
SETUP_1898,2026-07-31 22:15:00+00:00,XRPUSD,SELL,1.0602,1.0657,1.0436999999999999,0.00550000000000006,1.2000000000000899,22.0,1.0,0.7847082494969819,10.0,60.0,65.0,50.0,70.0,0,TIMEOUT,2026-08-01 08:15:00+00:00,-1.0,490.13,8.911454545454447,-9.911454545454447,HOLDOUT,0.34603667,0.6,False
SETUP_1899,2026-08-01 01:00:00+00:00,XRPUSD,SELL,1.06,1.0635035714285714,1.049489285714286,0.0035035714285713837,1.0999999999998789,1.0,1.0,1.0216110019646365,10.0,60.0,65.0,50.0,70.0,0,SL,2026-08-01 05:00:00+00:00,-1.0,490.63,14.003710499490497,-15.003710499490497,HOLDOUT,0.2528089,0.6,False
SETUP_1900,2026-08-01 08:30:00+00:00,XRPUSD,SELL,1.0609,1.0650428571428572,1.0484714285714283,0.004142857142857226,0.9000000000001229,8.0,1.0,1.003584229390681,10.0,60.0,65.0,50.0,70.0,0,TIMEOUT,2026-08-01 18:45:00+00:00,-1.0,490.04,11.828551724137695,-12.828551724137695,HOLDOUT,0.5078377,0.6,False
SETUP_0513,2026-08-01 08:45:00+00:00,ETHUSD,SELL,1865.83,1870.2175,1852.6674999999998,4.3875000000000455,100.0,8.0,1.0,0.9919512725690668,100.0,60.0,65.0,50.0,70.0,0,SL,2026-08-01 17:00:00+00:00,-1.0,345.09,0.007865299145299064,-1.007865299145299,HOLDOUT,0.4974307,0.6,False
SETUP_0327,2026-08-01 08:45:00+00:00,BTCUSD,SELL,63017.2,63138.91071428571,62652.06785714286,121.71071428571304,100.0,8.0,1.0,0.8960825709594182,100.0,60.0,65.0,50.0,70.0,0,TIMEOUT,2026-08-01 19:00:00+00:00,-1.0,2250.0,0.1848645793597249,-1.1848645793597248,HOLDOUT,0.5642967,0.6,False
SETUP_1901,2026-08-01 08:45:00+00:00,XRPUSD,SELL,1.0616,1.0647607142857143,1.0521178571428575,0.0031607142857141834,0.39999999999995595,8.0,1.0,1.0246469122126833,10.0,60.0,65.0,50.0,70.0,0,TIMEOUT,2026-08-01 19:00:00+00:00,-1.0,490.23,15.510101694915758,-16.510101694915758,HOLDOUT,0.50336,0.6,False
SETUP_1902,2026-08-01 10:30:00+00:00,XRPUSD,SELL,1.0599,1.0627607142857143,1.0513178571428574,0.0028607142857142165,1.6000000000000458,10.0,1.0,0.6053268765133172,10.0,60.0,65.0,50.0,70.0,0,SL,2026-08-01 17:15:00+00:00,-1.0,490.0,17.12858926342114,-18.12858926342114,HOLDOUT,0.76660603,0.6,True
SETUP_0328,2026-08-01 10:45:00+00:00,BTCUSD,SELL,63035.1,63090.57142857143,62868.68571428571,55.47142857142899,100.0,10.0,1.0,0.944801026957638,100.0,60.0,65.0,50.0,70.0,0,SL,2026-08-01 11:30:00+00:00,-1.0,2250.0,0.40561421581251306,-1.4056142158125131,HOLDOUT,0.63226944,0.6,True
SETUP_1903,2026-08-01 10:45:00+00:00,XRPUSD,SELL,1.0597,1.0623607142857143,1.0517178571428574,0.0026607142857142385,0.5999999999999339,10.0,1.0,1.1020284589766878,10.0,60.0,65.0,50.0,70.0,0,SL,2026-08-01 16:00:00+00:00,-1.0,490.0,18.416107382550663,-19.416107382550663,HOLDOUT,0.75350773,0.6,True
SETUP_0514,2026-08-01 13:00:00+00:00,ETHUSD,SELL,1862.55,1869.8425,1840.6725,7.292500000000018,100.0,13.0,1.0,1.4823756639304684,100.0,60.0,65.0,50.0,70.0,0,SL,2026-08-01 17:00:00+00:00,-1.0,345.59,0.004738978402468277,-1.0047389784024683,HOLDOUT,0.34662798,0.6,False
SETUP_0515,2026-08-01 13:15:00+00:00,ETHUSD,SELL,1863.42,1869.045,1846.545,5.625,100.0,13.0,1.0,1.128451380552221,100.0,60.0,65.0,50.0,70.0,0,SL,2026-08-01 17:00:00+00:00,-1.0,345.19,0.006136711111111111,-1.006136711111111,HOLDOUT,0.62771684,0.6,True
SETUP_1904,2026-08-01 18:30:00+00:00,XRPUSD,SELL,1.0615,1.0642428571428573,1.0532714285714286,0.002742857142857158,0.7999999999999119,18.0,1.0,0.998268897864974,10.0,60.0,65.0,50.0,70.0,1,TP,2026-08-01 21:30:00+00:00,3.0,490.1,17.86822916666657,-14.86822916666657,HOLDOUT,0.23763305,0.6,False
SETUP_0516,2026-08-01 18:30:00+00:00,ETHUSD,SELL,1869.33,1874.6442857142856,1853.3871428571429,5.314285714285688,100.0,18.0,1.0,1.0643620650443484,100.0,60.0,65.0,50.0,70.0,1,TP,2026-08-01 21:15:00+00:00,3.0,345.3,0.006497580645161323,2.9935024193548387,HOLDOUT,0.23934348,0.6,False
SETUP_0329,2026-08-01 18:30:00+00:00,BTCUSD,SELL,63039.0,63129.424999999996,62767.72500000001,90.42499999999563,100.0,18.0,1.0,1.0471476947121647,100.0,60.0,65.0,50.0,70.0,1,TP,2026-08-01 20:30:00+00:00,3.0,2250.0,0.24882499308820666,2.7511750069117933,HOLDOUT,0.23934348,0.6,False
SETUP_0330,2026-08-01 18:45:00+00:00,BTCUSD,SELL,62994.6,63115.96071428571,62630.517857142855,121.3607142857145,98.0000000000291,18.0,1.0,1.0143042912873863,100.0,60.0,65.0,50.0,70.0,1,TP,2026-08-01 21:00:00+00:00,3.0,2250.0,0.18539772225655482,2.814602277743445,HOLDOUT,0.23934348,0.6,False
SETUP_0331,2026-08-01 19:00:00+00:00,BTCUSD,SELL,62939.8,63071.06785714286,62545.99642857144,131.26785714285506,100.0,19.0,1.0,1.3255161865918939,100.0,60.0,65.0,50.0,70.0,1,TP,2026-08-01 21:15:00+00:00,3.0,2250.0,0.17140525098626308,2.828594749013737,HOLDOUT,0.1488929,0.6,False
SETUP_0332,2026-08-01 19:15:00+00:00,BTCUSD,SELL,62940.7,63056.764285714286,62592.50714285713,116.06428571428842,100.0,19.0,1.0,1.1218274111675126,100.0,60.0,65.0,50.0,70.0,1,TP,2026-08-01 21:15:00+00:00,3.0,2250.0,0.1938580835743693,2.8061419164256307,HOLDOUT,0.20014927,0.6,False
SETUP_1905,2026-08-01 19:45:00+00:00,XRPUSD,SELL,1.0586,1.0618964285714285,1.0487107142857144,0.0032964285714285335,0.39999999999995595,19.0,1.0,1.1718086611944523,10.0,60.0,65.0,50.0,70.0,1,TP,2026-08-01 21:45:00+00:00,3.0,490.19,14.870335861321948,-11.870335861321948,HOLDOUT,0.19734822,0.6,False
SETUP_0333,2026-08-01 20:30:00+00:00,BTCUSD,SELL,62803.2,63015.08928571429,62167.53214285712,211.88928571429278,100.0,20.0,1.0,1.6007154035323048,100.0,60.0,65.0,50.0,70.0,0,SL,2026-08-02 04:00:00+00:00,-1.0,2250.0,0.10618753054998045,-1.1061875305499804,HOLDOUT,0.15201864,0.6,False
SETUP_0517,2026-08-01 20:30:00+00:00,ETHUSD,SELL,1861.4,1870.27,1834.7900000000004,8.86999999999989,100.0,20.0,1.0,2.078064870808136,100.0,60.0,65.0,50.0,70.0,1,TP,2026-08-01 21:30:00+00:00,3.0,345.86,0.0038992108229989214,2.9961007891770013,HOLDOUT,0.109736495,0.6,False
SETUP_0334,2026-08-01 21:30:00+00:00,BTCUSD,SELL,62364.2,62778.775,61120.474999999984,414.57500000000437,100.0,21.0,1.0,2.804030576789437,100.0,60.0,65.0,50.0,70.0,0,SL,2026-08-02 00:00:00+00:00,-1.0,2250.0,0.05427244768739013,-1.0542724476873901,HOLDOUT,0.10240157,0.6,False
SETUP_0518,2026-08-01 21:30:00+00:00,ETHUSD,SELL,1831.32,1863.7792857142856,1733.942142857143,32.45928571428567,100.0,21.0,1.0,4.006584779030011,100.0,60.0,65.0,50.0,70.0,0,SL,2026-08-02 05:00:00+00:00,-1.0,346.91,0.0010687542635829518,-1.001068754263583,HOLDOUT,0.077661105,0.6,False
SETUP_0519,2026-08-01 21:45:00+00:00,ETHUSD,SELL,1835.04,1862.2478571428571,1753.4164285714285,27.207857142857165,100.0,21.0,1.0,3.413477088948787,100.0,60.0,65.0,50.0,70.0,0,SL,2026-08-02 05:00:00+00:00,-1.0,346.39,0.0012731248851434714,-1.0012731248851434,HOLDOUT,0.114363566,0.6,False
SETUP_1906,2026-08-01 21:45:00+00:00,XRPUSD,SELL,1.0509,1.0577821428571428,1.0302535714285714,0.006882142857142837,2.1999999999999797,21.0,1.0,2.5626629236013634,10.999999999999899,60.0,65.0,50.0,70.0,0,SL,2026-08-02 00:30:00+00:00,-1.0,490.49,7.126995329527785,-8.126995329527784,HOLDOUT,0.060173724,0.6,False
